
[2026-08-18T20:31:35+08:00] watchdog: starting .venv/bin/modal app logs minimax-h3-sglang --timestamps
╭─ Error ──────────────────────────────────────────────────────────────────────╮
│ Could not connect to the Modal server.                                       │
╰──────────────────────────────────────────────────────────────────────────────╯
[2026-08-18T20:31:37+08:00] watchdog: modal logs exited with 1
[2026-08-18T20:31:37+08:00] watchdog: reconnecting in 5s

[2026-08-18T20:31:42+08:00] watchdog: starting .venv/bin/modal app logs minimax-h3-sglang --timestamps
╭─ Error ──────────────────────────────────────────────────────────────────────╮
│ Could not connect to the Modal server.                                       │
╰──────────────────────────────────────────────────────────────────────────────╯
[2026-08-18T20:31:44+08:00] watchdog: modal logs exited with 1
[2026-08-18T20:31:44+08:00] watchdog: reconnecting in 5s

[2026-08-18T20:31:49+08:00] watchdog: starting .venv/bin/modal app logs minimax-h3-sglang --timestamps
╭─ Error ──────────────────────────────────────────────────────────────────────╮
│ Could not connect to the Modal server.                                       │
╰──────────────────────────────────────────────────────────────────────────────╯
[2026-08-18T20:31:51+08:00] watchdog: modal logs exited with 1
[2026-08-18T20:31:51+08:00] watchdog: reconnecting in 5s

[2026-08-18T20:31:56+08:00] watchdog: starting .venv/bin/modal app logs minimax-h3-sglang --timestamps
╭─ Error ──────────────────────────────────────────────────────────────────────╮
│ Could not connect to the Modal server.                                       │
╰──────────────────────────────────────────────────────────────────────────────╯
[2026-08-18T20:31:58+08:00] watchdog: modal logs exited with 1
[2026-08-18T20:31:58+08:00] watchdog: reconnecting in 5s

[2026-08-18T20:32:03+08:00] watchdog: starting .venv/bin/modal app logs minimax-h3-sglang --timestamps
╭─ Error ──────────────────────────────────────────────────────────────────────╮
│ Could not connect to the Modal server.                                       │
╰──────────────────────────────────────────────────────────────────────────────╯
[2026-08-18T20:32:04+08:00] watchdog: modal logs exited with 1
[2026-08-18T20:32:04+08:00] watchdog: reconnecting in 5s

[2026-08-18T20:32:08+08:00] watchdog: starting .venv/bin/modal app logs minimax-h3-sglang --timestamps

[2026-08-18T20:32:09+08:00] watchdog: starting .venv/bin/modal app logs minimax-h3-sglang --timestamps
╭─ Error ──────────────────────────────────────────────────────────────────────╮
│ Could not connect to the Modal server.                                       │
╰──────────────────────────────────────────────────────────────────────────────╯
[2026-08-18T20:32:11+08:00] watchdog: modal logs exited with 1
[2026-08-18T20:32:11+08:00] watchdog: reconnecting in 5s

[2026-08-18T20:32:16+08:00] watchdog: starting .venv/bin/modal app logs minimax-h3-sglang --timestamps
╭─ Error ──────────────────────────────────────────────────────────────────────╮
│ Could not connect to the Modal server.                                       │
╰──────────────────────────────────────────────────────────────────────────────╯
[2026-08-18T20:32:18+08:00] watchdog: modal logs exited with 1
[2026-08-18T20:32:18+08:00] watchdog: reconnecting in 5s

[2026-08-18T20:32:23+08:00] watchdog: starting .venv/bin/modal app logs minimax-h3-sglang --timestamps
╭─ Error ──────────────────────────────────────────────────────────────────────╮
│ Could not connect to the Modal server.                                       │
╰──────────────────────────────────────────────────────────────────────────────╯
[2026-08-18T20:32:25+08:00] watchdog: modal logs exited with 1
[2026-08-18T20:32:25+08:00] watchdog: reconnecting in 5s

[2026-08-18T20:32:30+08:00] watchdog: starting .venv/bin/modal app logs minimax-h3-sglang --timestamps
╭─ Error ──────────────────────────────────────────────────────────────────────╮
│ Could not connect to the Modal server.                                       │
╰──────────────────────────────────────────────────────────────────────────────╯
[2026-08-18T20:32:32+08:00] watchdog: modal logs exited with 1
[2026-08-18T20:32:32+08:00] watchdog: reconnecting in 5s

[2026-08-18T20:32:37+08:00] watchdog: starting .venv/bin/modal app logs minimax-h3-sglang --timestamps
╭─ Error ──────────────────────────────────────────────────────────────────────╮
│ Could not connect to the Modal server.                                       │
╰──────────────────────────────────────────────────────────────────────────────╯
[2026-08-18T20:32:39+08:00] watchdog: modal logs exited with 1
[2026-08-18T20:32:39+08:00] watchdog: reconnecting in 5s

[2026-08-18T20:32:44+08:00] watchdog: starting .venv/bin/modal app logs minimax-h3-sglang --timestamps
╭─ Error ──────────────────────────────────────────────────────────────────────╮
│ Could not connect to the Modal server.                                       │
╰──────────────────────────────────────────────────────────────────────────────╯
[2026-08-18T20:32:46+08:00] watchdog: modal logs exited with 1
[2026-08-18T20:32:46+08:00] watchdog: reconnecting in 5s

[2026-08-18T20:32:51+08:00] watchdog: starting .venv/bin/modal app logs minimax-h3-sglang --timestamps
╭─ Error ──────────────────────────────────────────────────────────────────────╮
│ Could not connect to the Modal server.                                       │
╰──────────────────────────────────────────────────────────────────────────────╯
[2026-08-18T20:32:52+08:00] watchdog: modal logs exited with 1
[2026-08-18T20:32:52+08:00] watchdog: reconnecting in 5s

[2026-08-18T20:32:57+08:00] watchdog: starting .venv/bin/modal app logs minimax-h3-sglang --timestamps
╭─ Error ──────────────────────────────────────────────────────────────────────╮
│ Could not connect to the Modal server.                                       │
╰──────────────────────────────────────────────────────────────────────────────╯
[2026-08-18T20:32:59+08:00] watchdog: modal logs exited with 1
[2026-08-18T20:32:59+08:00] watchdog: reconnecting in 5s

[2026-08-18T20:33:04+08:00] watchdog: starting .venv/bin/modal app logs minimax-h3-sglang --timestamps
╭─ Error ──────────────────────────────────────────────────────────────────────╮
│ Could not connect to the Modal server.                                       │
╰──────────────────────────────────────────────────────────────────────────────╯
[2026-08-18T20:33:06+08:00] watchdog: modal logs exited with 1
[2026-08-18T20:33:06+08:00] watchdog: reconnecting in 5s

[2026-08-18T20:33:11+08:00] watchdog: starting .venv/bin/modal app logs minimax-h3-sglang --timestamps
╭─ Error ──────────────────────────────────────────────────────────────────────╮
│ Could not connect to the Modal server.                                       │
╰──────────────────────────────────────────────────────────────────────────────╯
[2026-08-18T20:33:13+08:00] watchdog: modal logs exited with 1
[2026-08-18T20:33:13+08:00] watchdog: reconnecting in 5s

[2026-08-18T20:33:23+08:00] watchdog: starting .venv/bin/modal app logs minimax-h3-sglang --timestamps

[2026-08-18T20:34:52+08:00] watchdog: starting .venv/bin/modal app logs minimax-h3-sglang --timestamps
2026-08-18 20:39:53+08:00 Creating GPU memory snapshot for Function.
2026-08-18 20:39:53+08:00 Creating GPU memory snapshot for Function.
2026-08-18 20:39:55+08:00 
2026-08-18 20:39:55+08:00 
2026-08-18 20:39:55+08:00 ==========
2026-08-18 20:39:55+08:00 == CUDA ==
2026-08-18 20:39:55+08:00 ==========
2026-08-18 20:39:55+08:00 == CUDA ==
2026-08-18 20:39:55+08:00 ==========
2026-08-18 20:39:55+08:00 
2026-08-18 20:39:55+08:00 CUDA Version 12.8.1
2026-08-18 20:39:55+08:00 ==========
2026-08-18 20:39:55+08:00 
2026-08-18 20:39:55+08:00 Container image Copyright (c) 2016-2023, NVIDIA CORPORATION & AFFILIATES. All rights reserved.
2026-08-18 20:39:55+08:00 
2026-08-18 20:39:55+08:00 CUDA Version 12.8.1
2026-08-18 20:39:55+08:00 
2026-08-18 20:39:55+08:00 This container image and its contents are governed by the NVIDIA Deep Learning Container License.
2026-08-18 20:39:55+08:00 By pulling and using the container, you accept the terms and conditions of this license:
2026-08-18 20:39:55+08:00 https://developer.nvidia.com/ngc/nvidia-deep-learning-container-license
2026-08-18 20:39:55+08:00 
2026-08-18 20:39:55+08:00 A copy of this license is made available in this container at /NGC-DL-CONTAINER-LICENSE for your convenience.
2026-08-18 20:39:55+08:00 
2026-08-18 20:39:55+08:00 Container image Copyright (c) 2016-2023, NVIDIA CORPORATION & AFFILIATES. All rights reserved.
2026-08-18 20:39:55+08:00 
2026-08-18 20:39:55+08:00 This container image and its contents are governed by the NVIDIA Deep Learning Container License.
2026-08-18 20:39:55+08:00 By pulling and using the container, you accept the terms and conditions of this license:
2026-08-18 20:39:55+08:00 https://developer.nvidia.com/ngc/nvidia-deep-learning-container-license
2026-08-18 20:39:55+08:00 
2026-08-18 20:39:55+08:00 A copy of this license is made available in this container at /NGC-DL-CONTAINER-LICENSE for your convenience.
2026-08-18 20:39:55+08:00 
2026-08-18 20:39:55+08:00 
2026-08-18 20:39:58+08:00 Snapshot created. Restoring Function from memory snapshot.
2026-08-18 20:39:58+08:00 Snapshot created. Restoring Function from memory snapshot.
2026-08-18 20:39:58+08:00 Restoring Function from memory snapshot.
2026-08-18 20:39:58+08:00 Restoring Function from memory snapshot.
2026-08-18 20:39:59+08:00 Starting: sglang serve --model-path MiniMaxAI/MiniMax-H3 --model-variant fl2va --num-gpus 4 --tp-size 2 --ulysses-degree 2 --performance-mode speed --host 0.0.0.0 --port 30010
2026-08-18 20:39:59+08:00 Starting: sglang serve --model-path MiniMaxAI/MiniMax-H3 --model-variant fl2va --num-gpus 4 --tp-size 2 --ulysses-degree 2 --performance-mode speed --host 0.0.0.0 --port 30010
2026-08-18 20:39:59+08:00 Warm-up hold: 2s
2026-08-18 20:39:59+08:00 Warm-up hold: 2s
2026-08-18 20:40:08+08:00 /usr/local/lib/python3.11/site-packages/huggingface_hub/constants.py:310: FutureWarning: The `HF_HUB_ENABLE_HF_TRANSFER` environment variable is deprecated as 'hf_transfer' is not used anymore. Please use `HF_XET_HIGH_PERFORMANCE` instead to enable high performance transfer with Xet. Visit https://huggingface.co/docs/huggingface_hub/package_reference/environment_variables#hfxethighperformance for more details.
2026-08-18 20:40:08+08:00 /usr/local/lib/python3.11/site-packages/huggingface_hub/constants.py:310: FutureWarning: The `HF_HUB_ENABLE_HF_TRANSFER` environment variable is deprecated as 'hf_transfer' is not used anymore. Please use `HF_XET_HIGH_PERFORMANCE` instead to enable high performance transfer with Xet. Visit https://huggingface.co/docs/huggingface_hub/package_reference/environment_variables#hfxethighperformance for more details.
2026-08-18 20:40:08+08:00   warnings.warn(
2026-08-18 20:40:08+08:00   warnings.warn(
2026-08-18 20:40:23+08:00 [08-18 12:40:23] Applying performance_mode=speed
2026-08-18 20:40:23+08:00 [08-18 12:40:23] Applying performance_mode=speed
2026-08-18 20:40:23+08:00 [08-18 12:40:23] performance_mode=speed keeps torch.compile disabled for this model (pass --enable-torch-compile true to opt in)
2026-08-18 20:40:23+08:00 [08-18 12:40:23] Proposed encoder parallel folding (mode=world) for ServerArgs (tp=2 sp=2 cfg=1 replica=4); the loader keeps it for encoders wide enough to benefit.
2026-08-18 20:40:23+08:00 [08-18 12:40:23] server_args: {"model_path": "MiniMaxAI/MiniMax-H3", "model_subfolder": null, "model_variant": "fl2va", "model_id": null, "backend": "auto", "attention_backend": null, "attention_backend_config": {}, "component_attention_backends": {}, "cache_dit_config": null, "nccl_port": null, "trust_remote_code": false, "revision": null, "num_gpus": 4, "performance_mode": "speed", "base_gpu_id": 0, "gpu_ids": null, "tp_size": 2, "sp_degree": 2, "ulysses_degree": 2, "ring_degree": 1, "dp_size": 1, "dp_degree": 1, "enable_cfg_parallel": false, "cfg_parallel_degree": 1, "encoder_parallel": "auto", "hsdp_replicate_dim": 1, "hsdp_shard_dim": 4, "dist_timeout": 3600, "pipeline_class_name": null, "lora_path": null, "lora_nickname": "default", "lora_scale": 1.0, "lora_merge_mode": "auto", "lora_weight_name": null, "component_paths": {}, "transformer_weights_path": null, "component_transformer_weights_paths": {}, "quantization": null, "quantization_ignored_layers": null, "lora_target_modules": null, "dit_cpu_offload": false, "dit_layerwise_offload": false, "layerwise_offload_components": null, "dit_offload_prefetch_size": 0.0, "dit_layerwise_resident_layers": 0.0, "offload_during_compile": true, "text_encoder_cpu_offload": false, "image_encoder_cpu_offload": false, "vae_cpu_offload": false, "use_fsdp_inference": false, "pin_cpu_memory": true, "ltx2_two_stage_device_mode": null, "comfyui_mode": false, "enable_torch_compile": false, "regional_compile": false, "enable_breakable_cuda_graph": false, "bcg_text_buckets": null, "enable_layerwise_nvtx_marker": false, "warmup_mode": "server", "warmup": true, "server_warmup": true, "warmup_resolutions": null, "warmup_steps": 1, "disable_autocast": false, "master_port": 30005, "host": "0.0.0.0", "port": 30010, "webui": false, "webui_port": 12312, "scheduler_port": 5640, "batching_mode": "dynamic", "batching_max_size": 1, "batching_delay_ms": 0.0, "batching_config": null, "enable_batching_metrics": false, "strict_ports": false, "output_path": "outputs/", "input_save_path": "inputs/uploads", "prompt_file_path": null, "model_paths": {}, "model_loaded": {"transformer": true, "vae": true, "video_vae": true, "audio_vae": true, "video_dit": true, "audio_dit": true, "dual_tower_bridge": true}, "boundary_ratio": null, "disagg_role": "monolithic", "disagg_timeout": 3600, "disagg_downstream_wait_timeout": 1800, "disagg_dispatch_policy": "round_robin", "disagg_mode": false, "disagg_instance_id": 0, "disagg_max_slots_per_instance": 8, "disagg_transfer_redundancy": 1.25, "disagg_role_device": "auto", "disagg_transfer_backend": "auto", "disagg_transfer_pool_size": 268435456, "disagg_transfer_pin_memory": "auto", "disagg_p2p_hostname": "127.0.0.1", "disagg_ib_device": null, "disagg_server_addr": null, "encoder_urls": null, "denoiser_urls": null, "decoder_urls": null, "encoder_tp": null, "denoiser_tp": null, "denoiser_sp": null, "denoiser_ulysses": null, "denoiser_ring": null, "decoder_sp": null, "decoder_tp": null, "pool_work_endpoint": null, "pool_result_endpoint": null, "pool_control_endpoint": null, "pool_control_advertised_endpoint": null, "log_level": "info", "log_requests": false, "log_requests_level": 2, "log_requests_format": "text", "log_requests_target": null, "uvicorn_access_log_exclude_prefixes": [], "enable_trace": false, "otlp_traces_endpoint": "localhost:4317", "srt_encoder_url": null, "srt_encoder_connect_timeout": 3.05, "srt_encoder_timeout": 100, "pe_server_url": null}
2026-08-18 20:40:23+08:00 [08-18 12:40:23] Starting server...
2026-08-18 20:40:23+08:00 [08-18 12:40:23] performance_mode=speed keeps torch.compile disabled for this model (pass --enable-torch-compile true to opt in)
2026-08-18 20:40:23+08:00 [08-18 12:40:23] Proposed encoder parallel folding (mode=world) for ServerArgs (tp=2 sp=2 cfg=1 replica=4); the loader keeps it for encoders wide enough to benefit.
2026-08-18 20:40:23+08:00 [08-18 12:40:23] server_args: {"model_path": "MiniMaxAI/MiniMax-H3", "model_subfolder": null, "model_variant": "fl2va", "model_id": null, "backend": "auto", "attention_backend": null, "attention_backend_config": {}, "component_attention_backends": {}, "cache_dit_config": null, "nccl_port": null, "trust_remote_code": false, "revision": null, "num_gpus": 4, "performance_mode": "speed", "base_gpu_id": 0, "gpu_ids": null, "tp_size": 2, "sp_degree": 2, "ulysses_degree": 2, "ring_degree": 1, "dp_size": 1, "dp_degree": 1, "enable_cfg_parallel": false, "cfg_parallel_degree": 1, "encoder_parallel": "auto", "hsdp_replicate_dim": 1, "hsdp_shard_dim": 4, "dist_timeout": 3600, "pipeline_class_name": null, "lora_path": null, "lora_nickname": "default", "lora_scale": 1.0, "lora_merge_mode": "auto", "lora_weight_name": null, "component_paths": {}, "transformer_weights_path": null, "component_transformer_weights_paths": {}, "quantization": null, "quantization_ignored_layers": null, "lora_target_modules": null, "dit_cpu_offload": false, "dit_layerwise_offload": false, "layerwise_offload_components": null, "dit_offload_prefetch_size": 0.0, "dit_layerwise_resident_layers": 0.0, "offload_during_compile": true, "text_encoder_cpu_offload": false, "image_encoder_cpu_offload": false, "vae_cpu_offload": false, "use_fsdp_inference": false, "pin_cpu_memory": true, "ltx2_two_stage_device_mode": null, "comfyui_mode": false, "enable_torch_compile": false, "regional_compile": false, "enable_breakable_cuda_graph": false, "bcg_text_buckets": null, "enable_layerwise_nvtx_marker": false, "warmup_mode": "server", "warmup": true, "server_warmup": true, "warmup_resolutions": null, "warmup_steps": 1, "disable_autocast": false, "master_port": 30005, "host": "0.0.0.0", "port": 30010, "webui": false, "webui_port": 12312, "scheduler_port": 5640, "batching_mode": "dynamic", "batching_max_size": 1, "batching_delay_ms": 0.0, "batching_config": null, "enable_batching_metrics": false, "strict_ports": false, "output_path": "outputs/", "input_save_path": "inputs/uploads", "prompt_file_path": null, "model_paths": {}, "model_loaded": {"transformer": true, "vae": true, "video_vae": true, "audio_vae": true, "video_dit": true, "audio_dit": true, "dual_tower_bridge": true}, "boundary_ratio": null, "disagg_role": "monolithic", "disagg_timeout": 3600, "disagg_downstream_wait_timeout": 1800, "disagg_dispatch_policy": "round_robin", "disagg_mode": false, "disagg_instance_id": 0, "disagg_max_slots_per_instance": 8, "disagg_transfer_redundancy": 1.25, "disagg_role_device": "auto", "disagg_transfer_backend": "auto", "disagg_transfer_pool_size": 268435456, "disagg_transfer_pin_memory": "auto", "disagg_p2p_hostname": "127.0.0.1", "disagg_ib_device": null, "disagg_server_addr": null, "encoder_urls": null, "denoiser_urls": null, "decoder_urls": null, "encoder_tp": null, "denoiser_tp": null, "denoiser_sp": null, "denoiser_ulysses": null, "denoiser_ring": null, "decoder_sp": null, "decoder_tp": null, "pool_work_endpoint": null, "pool_result_endpoint": null, "pool_control_endpoint": null, "pool_control_advertised_endpoint": null, "log_level": "info", "log_requests": false, "log_requests_level": 2, "log_requests_format": "text", "log_requests_target": null, "uvicorn_access_log_exclude_prefixes": [], "enable_trace": false, "otlp_traces_endpoint": "localhost:4317", "srt_encoder_url": null, "srt_encoder_connect_timeout": 3.05, "srt_encoder_timeout": 100, "pe_server_url": null}
2026-08-18 20:40:23+08:00 [08-18 12:40:23] Starting server...
2026-08-18 20:40:32+08:00 /usr/local/lib/python3.11/site-packages/huggingface_hub/constants.py:310: FutureWarning: The `HF_HUB_ENABLE_HF_TRANSFER` environment variable is deprecated as 'hf_transfer' is not used anymore. Please use `HF_XET_HIGH_PERFORMANCE` instead to enable high performance transfer with Xet. Visit https://huggingface.co/docs/huggingface_hub/package_reference/environment_variables#hfxethighperformance for more details.
2026-08-18 20:40:32+08:00 /usr/local/lib/python3.11/site-packages/huggingface_hub/constants.py:310: FutureWarning: The `HF_HUB_ENABLE_HF_TRANSFER` environment variable is deprecated as 'hf_transfer' is not used anymore. Please use `HF_XET_HIGH_PERFORMANCE` instead to enable high performance transfer with Xet. Visit https://huggingface.co/docs/huggingface_hub/package_reference/environment_variables#hfxethighperformance for more details.
2026-08-18 20:40:32+08:00   warnings.warn(
2026-08-18 20:40:32+08:00   warnings.warn(
2026-08-18 20:40:32+08:00 /usr/local/lib/python3.11/site-packages/huggingface_hub/constants.py:310: FutureWarning: The `HF_HUB_ENABLE_HF_TRANSFER` environment variable is deprecated as 'hf_transfer' is not used anymore. Please use `HF_XET_HIGH_PERFORMANCE` instead to enable high performance transfer with Xet. Visit https://huggingface.co/docs/huggingface_hub/package_reference/environment_variables#hfxethighperformance for more details.
2026-08-18 20:40:32+08:00   warnings.warn(
2026-08-18 20:40:32+08:00 /usr/local/lib/python3.11/site-packages/huggingface_hub/constants.py:310: FutureWarning: The `HF_HUB_ENABLE_HF_TRANSFER` environment variable is deprecated as 'hf_transfer' is not used anymore. Please use `HF_XET_HIGH_PERFORMANCE` instead to enable high performance transfer with Xet. Visit https://huggingface.co/docs/huggingface_hub/package_reference/environment_variables#hfxethighperformance for more details.
2026-08-18 20:40:32+08:00   warnings.warn(
2026-08-18 20:40:32+08:00 /usr/local/lib/python3.11/site-packages/huggingface_hub/constants.py:310: FutureWarning: The `HF_HUB_ENABLE_HF_TRANSFER` environment variable is deprecated as 'hf_transfer' is not used anymore. Please use `HF_XET_HIGH_PERFORMANCE` instead to enable high performance transfer with Xet. Visit https://huggingface.co/docs/huggingface_hub/package_reference/environment_variables#hfxethighperformance for more details.
2026-08-18 20:40:32+08:00 /usr/local/lib/python3.11/site-packages/huggingface_hub/constants.py:310: FutureWarning: The `HF_HUB_ENABLE_HF_TRANSFER` environment variable is deprecated as 'hf_transfer' is not used anymore. Please use `HF_XET_HIGH_PERFORMANCE` instead to enable high performance transfer with Xet. Visit https://huggingface.co/docs/huggingface_hub/package_reference/environment_variables#hfxethighperformance for more details.
2026-08-18 20:40:32+08:00   warnings.warn(
2026-08-18 20:40:32+08:00   warnings.warn(
2026-08-18 20:40:32+08:00 /usr/local/lib/python3.11/site-packages/huggingface_hub/constants.py:310: FutureWarning: The `HF_HUB_ENABLE_HF_TRANSFER` environment variable is deprecated as 'hf_transfer' is not used anymore. Please use `HF_XET_HIGH_PERFORMANCE` instead to enable high performance transfer with Xet. Visit https://huggingface.co/docs/huggingface_hub/package_reference/environment_variables#hfxethighperformance for more details.
2026-08-18 20:40:32+08:00   warnings.warn(
2026-08-18 20:40:32+08:00 /usr/local/lib/python3.11/site-packages/huggingface_hub/constants.py:310: FutureWarning: The `HF_HUB_ENABLE_HF_TRANSFER` environment variable is deprecated as 'hf_transfer' is not used anymore. Please use `HF_XET_HIGH_PERFORMANCE` instead to enable high performance transfer with Xet. Visit https://huggingface.co/docs/huggingface_hub/package_reference/environment_variables#hfxethighperformance for more details.
2026-08-18 20:40:32+08:00   warnings.warn(
2026-08-18 20:40:45+08:00 [08-18 12:40:45] Scheduler bind at endpoint: tcp://0.0.0.0:5640
2026-08-18 20:40:45+08:00 [08-18 12:40:45] Scheduler bind at endpoint: tcp://0.0.0.0:5640
2026-08-18 20:40:45+08:00 [08-18 12:40:45] torch.compile cache: TORCHINDUCTOR_CACHE_DIR=/root/.cache/sgl_diffusion/torch_compile_cache/inductor TRITON_CACHE_DIR=/root/.cache/sgl_diffusion/torch_compile_cache/triton
2026-08-18 20:40:45+08:00 [08-18 12:40:45] torch.compile cache: TORCHINDUCTOR_CACHE_DIR=/root/.cache/sgl_diffusion/torch_compile_cache/inductor TRITON_CACHE_DIR=/root/.cache/sgl_diffusion/torch_compile_cache/triton
2026-08-18 20:40:45+08:00 [08-18 12:40:45] Initializing distributed environment with world_size=4, device=cuda:0, timeout=3600
2026-08-18 20:40:45+08:00 [08-18 12:40:45] Initializing distributed environment with world_size=4, device=cuda:0, timeout=3600
2026-08-18 20:40:45+08:00 [08-18 12:40:45] Setting distributed timeout to 3600 seconds
2026-08-18 20:40:45+08:00 [08-18 12:40:45] Setting distributed timeout to 3600 seconds
2026-08-18 20:40:47+08:00 [08-18 12:40:47] Found nccl from library libnccl.so.2
2026-08-18 20:40:47+08:00 [08-18 12:40:47] Found nccl from library libnccl.so.2
2026-08-18 20:40:47+08:00 [08-18 12:40:47] sglang-diffusion is using nccl==2.28.9
2026-08-18 20:40:47+08:00 [08-18 12:40:47] sglang-diffusion is using nccl==2.28.9
2026-08-18 20:40:50+08:00 [08-18 12:40:50] Found nccl from library libnccl.so.2
2026-08-18 20:40:50+08:00 [08-18 12:40:50] Found nccl from library libnccl.so.2
2026-08-18 20:40:50+08:00 [08-18 12:40:50] sglang-diffusion is using nccl==2.28.9
2026-08-18 20:40:50+08:00 [08-18 12:40:50] sglang-diffusion is using nccl==2.28.9
2026-08-18 20:40:51+08:00 [08-18 12:40:51] generating GPU P2P access cache in /root/.cache/sglang/gpu_p2p_access_cache_for_0,1,2,3.json
2026-08-18 20:40:51+08:00 [08-18 12:40:51] generating GPU P2P access cache in /root/.cache/sglang/gpu_p2p_access_cache_for_0,1,2,3.json
2026-08-18 20:41:22+08:00 [08-18 12:41:22] reading GPU P2P access cache from /root/.cache/sglang/gpu_p2p_access_cache_for_0,1,2,3.json
2026-08-18 20:41:22+08:00 [08-18 12:41:22] reading GPU P2P access cache from /root/.cache/sglang/gpu_p2p_access_cache_for_0,1,2,3.json
2026-08-18 20:41:22+08:00 [08-18 12:41:22] reading GPU P2P access cache from /root/.cache/sglang/gpu_p2p_access_cache_for_0,1,2,3.json
2026-08-18 20:41:22+08:00 [08-18 12:41:22] reading GPU P2P access cache from /root/.cache/sglang/gpu_p2p_access_cache_for_0,1,2,3.json
2026-08-18 20:41:22+08:00 [08-18 12:41:22] reading GPU P2P access cache from /root/.cache/sglang/gpu_p2p_access_cache_for_0,1,2,3.json
2026-08-18 20:41:22+08:00 [08-18 12:41:22] reading GPU P2P access cache from /root/.cache/sglang/gpu_p2p_access_cache_for_0,1,2,3.json
2026-08-18 20:41:22+08:00 [08-18 12:41:22] reading GPU P2P access cache from /root/.cache/sglang/gpu_p2p_access_cache_for_0,1,2,3.json
2026-08-18 20:41:22+08:00 [08-18 12:41:22] reading GPU P2P access cache from /root/.cache/sglang/gpu_p2p_access_cache_for_0,1,2,3.json
2026-08-18 20:41:22+08:00 [08-18 12:41:22] Found nccl from library libnccl.so.2
2026-08-18 20:41:22+08:00 [08-18 12:41:22] Found nccl from library libnccl.so.2
2026-08-18 20:41:22+08:00 [08-18 12:41:22] sglang-diffusion is using nccl==2.28.9
2026-08-18 20:41:22+08:00 [08-18 12:41:22] sglang-diffusion is using nccl==2.28.9
2026-08-18 20:41:23+08:00 [08-18 12:41:23] No pipeline_class_name specified, using model_index.json
2026-08-18 20:41:23+08:00 [08-18 12:41:23] No pipeline_class_name specified, using model_index.json
2026-08-18 20:41:23+08:00 [08-18 12:41:23] Using pipeline from model_index.json: MiniMaxH3Pipeline
2026-08-18 20:41:23+08:00 [08-18 12:41:23] Using pipeline from model_index.json: MiniMaxH3Pipeline
2026-08-18 20:41:23+08:00 [08-18 12:41:23] Loading pipeline modules...
2026-08-18 20:41:23+08:00 [08-18 12:41:23] Checking for cached model in Hugging Face Hub cache for MiniMaxAI/MiniMax-H3...
2026-08-18 20:41:23+08:00 [08-18 12:41:23] Loading pipeline modules...
2026-08-18 20:41:23+08:00 [08-18 12:41:23] Checking for cached model in Hugging Face Hub cache for MiniMaxAI/MiniMax-H3...
2026-08-18 20:41:24+08:00 [08-18 12:41:24] Model not found in cache, will download from Hugging Face Hub
2026-08-18 20:41:24+08:00 [08-18 12:41:24] Downloading model snapshot from Hugging Face Hub for MiniMaxAI/MiniMax-H3 (attempt 1/5)...
2026-08-18 20:41:24+08:00 [08-18 12:41:24] Model not found in cache, will download from Hugging Face Hub
2026-08-18 20:41:24+08:00 [08-18 12:41:24] Downloading model snapshot from Hugging Face Hub for MiniMaxAI/MiniMax-H3 (attempt 1/5)...
2026-08-18 20:41:24+08:00 
2026-08-18 20:41:24+08:00 
2026-08-18 20:41:24+08:00 [1A2026-08-18 20:41:24+08:00 Fetching 81 files:   0%|          | 0/81 [00:00<?, ?it/s]2026-08-18 20:41:24+08:00 Fetching 81 files: 100%|██████████| 81/81 [00:00<00:00, 1661.64it/s]
2026-08-18 20:41:24+08:00 [1A2026-08-18 20:41:24+08:00 Fetching 81 files:   0%|          | 0/81 [00:00<?, ?it/s]2026-08-18 20:41:24+08:00 Fetching 81 files: 100%|██████████| 81/81 [00:00<00:00, 1661.64it/s]
2026-08-18 20:41:26+08:00 
2026-08-18 20:41:26+08:00 
2026-08-18 20:41:26+08:00 [1A2026-08-18 20:41:26+08:00 Fetching 81 files:   0%|          | 0/81 [00:00<?, ?it/s]2026-08-18 20:41:26+08:00 Fetching 81 files: 100%|██████████| 81/81 [00:00<00:00, 1401.14it/s]
2026-08-18 20:41:26+08:00 [1A2026-08-18 20:41:26+08:00 Fetching 81 files:   0%|          | 0/81 [00:00<?, ?it/s]2026-08-18 20:41:26+08:00 Fetching 81 files: 100%|██████████| 81/81 [00:00<00:00, 1401.14it/s]
2026-08-18 20:41:28+08:00 
2026-08-18 20:41:28+08:00 
2026-08-18 20:41:29+08:00 [1A2026-08-18 20:41:29+08:00 Fetching 81 files:   0%|          | 0/81 [00:00<?, ?it/s]
2026-08-18 20:41:29+08:00 [1A2026-08-18 20:41:29+08:00 Fetching 81 files:   0%|          | 0/81 [00:00<?, ?it/s]
2026-08-18 20:41:29+08:00 [1A2026-08-18 20:41:29+08:00 Fetching 81 files: 100%|██████████| 81/81 [00:00<00:00, 1168.58it/s]
2026-08-18 20:41:29+08:00 [1A2026-08-18 20:41:29+08:00 Fetching 81 files: 100%|██████████| 81/81 [00:00<00:00, 1168.58it/s]
2026-08-18 20:41:30+08:00 
2026-08-18 20:41:30+08:00 
2026-08-18 20:41:31+08:00 [1A2026-08-18 20:41:31+08:00 Fetching 81 files:   0%|          | 0/81 [00:00<?, ?it/s]
2026-08-18 20:41:31+08:00 [1A2026-08-18 20:41:31+08:00 Fetching 81 files:   0%|          | 0/81 [00:00<?, ?it/s]
2026-08-18 20:41:31+08:00 [1A2026-08-18 20:41:31+08:00 Fetching 81 files:   1%|          | 1/81 [00:00<00:31,  2.56it/s]
2026-08-18 20:41:31+08:00 [1A2026-08-18 20:41:31+08:00 Fetching 81 files:   1%|          | 1/81 [00:00<00:31,  2.56it/s]
2026-08-18 20:41:32+08:00 [1A2026-08-18 20:41:32+08:00 Fetching 81 files:   7%|▋         | 6/81 [00:00<00:07, 10.22it/s]
2026-08-18 20:41:32+08:00 [1A2026-08-18 20:41:32+08:00 Fetching 81 files:   7%|▋         | 6/81 [00:00<00:07, 10.22it/s]
2026-08-18 20:41:32+08:00 [1A2026-08-18 20:41:32+08:00 Fetching 81 files:  11%|█         | 9/81 [00:01<00:10,  6.95it/s]
2026-08-18 20:41:32+08:00 [1A2026-08-18 20:41:32+08:00 Fetching 81 files:  11%|█         | 9/81 [00:01<00:10,  6.95it/s]
2026-08-18 20:41:32+08:00 [1A2026-08-18 20:41:32+08:00 Fetching 81 files:  21%|██        | 17/81 [00:01<00:04, 14.34it/s]2026-08-18 20:41:32+08:00 Fetching 81 files: 100%|██████████| 81/81 [00:01<00:00, 53.06it/s]
2026-08-18 20:41:32+08:00 [08-18 12:41:32] Model path: /__modal/volumes/vo-AfItwkgWNIogtOJhuNluZI/hf/hub/models--MiniMaxAI--MiniMax-H3/snapshots/42ed227ee7df40d41602854ae760620d6eb651fe/FL2VA
2026-08-18 20:41:32+08:00 [08-18 12:41:32] Diffusers version: 0.32.2
2026-08-18 20:41:32+08:00 [08-18 12:41:32] Loading pipeline modules from config: {'_class_name': 'MiniMaxH3Pipeline', '_diffusers_version': '0.32.2', 'text_encoder': ['transformers', 'MiniMaxH3Qwen3VLHFEncoder'], 'tokenizer': ['transformers', 'Qwen2TokenizerFast'], 'video_vae': ['diffusers', 'MiniMaxH3VideoVAE'], 'audio_vae': ['diffusers', 'MiniMaxH3AudioVAE'], 'scheduler': None, 'transformer': ['diffusers', 'MiniMaxH3DiTModel'], 'processor': ['transformers', 'Qwen3VLProcessor'], '_minimax_h3': {'schema_version': 1, 'partition': 'fl2va', 'tasks': ['t2va', 'fl2va'], 'task_aliases': {}, 'sigma_shift_scales': {'video': 12.0, 'audio': 3.0}}}
2026-08-18 20:41:32+08:00 [08-18 12:41:32] Loading required components: ['processor', 'text_encoder', 'tokenizer', 'video_vae', 'audio_vae', 'transformer']
2026-08-18 20:41:32+08:00 [1A2026-08-18 20:41:32+08:00 Fetching 81 files:  21%|██        | 17/81 [00:01<00:04, 14.34it/s]2026-08-18 20:41:32+08:00 Fetching 81 files: 100%|██████████| 81/81 [00:01<00:00, 53.06it/s]
2026-08-18 20:41:32+08:00 [08-18 12:41:32] Model path: /__modal/volumes/vo-AfItwkgWNIogtOJhuNluZI/hf/hub/models--MiniMaxAI--MiniMax-H3/snapshots/42ed227ee7df40d41602854ae760620d6eb651fe/FL2VA
2026-08-18 20:41:32+08:00 [08-18 12:41:32] Diffusers version: 0.32.2
2026-08-18 20:41:32+08:00 [08-18 12:41:32] Loading pipeline modules from config: {'_class_name': 'MiniMaxH3Pipeline', '_diffusers_version': '0.32.2', 'text_encoder': ['transformers', 'MiniMaxH3Qwen3VLHFEncoder'], 'tokenizer': ['transformers', 'Qwen2TokenizerFast'], 'video_vae': ['diffusers', 'MiniMaxH3VideoVAE'], 'audio_vae': ['diffusers', 'MiniMaxH3AudioVAE'], 'scheduler': None, 'transformer': ['diffusers', 'MiniMaxH3DiTModel'], 'processor': ['transformers', 'Qwen3VLProcessor'], '_minimax_h3': {'schema_version': 1, 'partition': 'fl2va', 'tasks': ['t2va', 'fl2va'], 'task_aliases': {}, 'sigma_shift_scales': {'video': 12.0, 'audio': 3.0}}}
2026-08-18 20:41:32+08:00 [08-18 12:41:32] Loading required components: ['processor', 'text_encoder', 'tokenizer', 'video_vae', 'audio_vae', 'transformer']
2026-08-18 20:41:44+08:00 
2026-08-18 20:41:44+08:00 
2026-08-18 20:41:44+08:00 [1A2026-08-18 20:41:44+08:00 Loading required modules:   0%|          | 0/6 [00:00<?, ?it/s]
2026-08-18 20:41:44+08:00 [1A2026-08-18 20:41:44+08:00 Loading required modules:   0%|          | 0/6 [00:00<?, ?it/s]
2026-08-18 20:41:44+08:00 [1A2026-08-18 20:41:44+08:00 Loading required modules:   0%|          | 0/6 [00:00<?, ?it/s]
2026-08-18 20:41:44+08:00 [1A2026-08-18 20:41:44+08:00 Loading required modules:   0%|          | 0/6 [00:00<?, ?it/s]
2026-08-18 20:41:44+08:00 [08-18 12:41:44] Memory-aware component load order: ['text_encoder', 'transformer', 'audio_vae', 'video_vae', 'processor', 'tokenizer']
2026-08-18 20:41:44+08:00 [08-18 12:41:44] Memory-aware component load order: ['text_encoder', 'transformer', 'audio_vae', 'video_vae', 'processor', 'tokenizer']
2026-08-18 20:41:44+08:00 [1A2026-08-18 20:41:44+08:00 Loading required modules:   0%|          | 0/6 [00:00<?, ?it/s]
2026-08-18 20:41:45+08:00 [08-18 12:41:45] Loading text_encoder from /__modal/volumes/vo-AfItwkgWNIogtOJhuNluZI/hf/hub/models--MiniMaxAI--MiniMax-H3/snapshots/42ed227ee7df40d41602854ae760620d6eb651fe/FL2VA/text_encoder. avail mem: 72.80 GB
2026-08-18 20:41:44+08:00 [1A2026-08-18 20:41:44+08:00 Loading required modules:   0%|          | 0/6 [00:00<?, ?it/s]
2026-08-18 20:41:45+08:00 [08-18 12:41:45] Loading text_encoder from /__modal/volumes/vo-AfItwkgWNIogtOJhuNluZI/hf/hub/models--MiniMaxAI--MiniMax-H3/snapshots/42ed227ee7df40d41602854ae760620d6eb651fe/FL2VA/text_encoder. avail mem: 72.80 GB
2026-08-18 20:41:45+08:00 [08-18 12:41:45] Loading safetensors with Run:ai Model Streamer to cuda:0
2026-08-18 20:41:45+08:00 [08-18 12:41:45] Loading safetensors with Run:ai Model Streamer to cuda:0
[1ALoading required modules:   0%|          | 0/6 [00:00<?, ?it/s]2026-08-18 20:42:36+08:00 [08-18 12:42:36] [RunAI Streamer] Overall time to stream 53.1 GiB of all files to cuda:1: 50.96s, 1.0 GiB/s
[1ALoading required modules:   0%|          | 0/6 [00:00<?, ?it/s]2026-08-18 20:42:36+08:00 [08-18 12:42:36] [RunAI Streamer] Overall time to stream 53.1 GiB of all files to cuda:1: 50.96s, 1.0 GiB/s
2026-08-18 20:42:36+08:00 [08-18 12:42:36] [RunAI Streamer] Overall time to stream 53.1 GiB of all files to cuda:2: 50.96s, 1.0 GiB/s
2026-08-18 20:42:36+08:00 [08-18 12:42:36] [RunAI Streamer] Overall time to stream 53.1 GiB of all files to cuda:0: 50.86s, 1.0 GiB/s
2026-08-18 20:42:36+08:00 [08-18 12:42:36] [RunAI Streamer] Overall time to stream 53.1 GiB of all files to cuda:2: 50.96s, 1.0 GiB/s
2026-08-18 20:42:36+08:00 [08-18 12:42:36] [RunAI Streamer] Overall time to stream 53.1 GiB of all files to cuda:0: 50.86s, 1.0 GiB/s
2026-08-18 20:42:36+08:00 [08-18 12:42:36] [RunAI Streamer] Overall time to stream 53.1 GiB of all files to cuda:3: 51.0s, 1.0 GiB/s
2026-08-18 20:42:36+08:00 [08-18 12:42:36] [RunAI Streamer] Overall time to stream 53.1 GiB of all files to cuda:3: 51.0s, 1.0 GiB/s
2026-08-18 20:42:36+08:00 
2026-08-18 20:42:36+08:00 [08-18 12:42:36] Loaded text_encoder: MiniMaxH3Qwen3VLEncoder (sgl-diffusion version). model size: 13.91 GB, consumed GPU mem: 14.16 GB, avail GPU mem: 58.64 GB
2026-08-18 20:42:36+08:00 [08-18 12:42:36] Attention backends for text_encoder: fa
2026-08-18 20:42:36+08:00 [1A2026-08-18 20:42:36+08:00 Loading required modules:  17%|█▋        | 1/6 [00:51<04:18, 51.67s/it]
2026-08-18 20:42:36+08:00 [08-18 12:42:36] Loading transformer from /__modal/volumes/vo-AfItwkgWNIogtOJhuNluZI/hf/hub/models--MiniMaxAI--MiniMax-H3/snapshots/42ed227ee7df40d41602854ae760620d6eb651fe/FL2VA/transformer. avail mem: 58.64 GB
2026-08-18 20:42:36+08:00 [1A2026-08-18 20:42:36+08:00 Loading required modules:  17%|█▋        | 1/6 [00:51<04:17, 51.53s/it]
2026-08-18 20:42:36+08:00 [1A2026-08-18 20:42:36+08:00 Loading required modules:  17%|█▋        | 1/6 [00:51<04:18, 51.68s/it]
2026-08-18 20:42:36+08:00 
2026-08-18 20:42:36+08:00 [08-18 12:42:36] Loaded text_encoder: MiniMaxH3Qwen3VLEncoder (sgl-diffusion version). model size: 13.91 GB, consumed GPU mem: 14.16 GB, avail GPU mem: 58.64 GB
2026-08-18 20:42:36+08:00 [08-18 12:42:36] Attention backends for text_encoder: fa
2026-08-18 20:42:36+08:00 [1A2026-08-18 20:42:36+08:00 Loading required modules:  17%|█▋        | 1/6 [00:51<04:18, 51.67s/it]
2026-08-18 20:42:36+08:00 [08-18 12:42:36] Loading transformer from /__modal/volumes/vo-AfItwkgWNIogtOJhuNluZI/hf/hub/models--MiniMaxAI--MiniMax-H3/snapshots/42ed227ee7df40d41602854ae760620d6eb651fe/FL2VA/transformer. avail mem: 58.64 GB
2026-08-18 20:42:36+08:00 [1A2026-08-18 20:42:36+08:00 Loading required modules:  17%|█▋        | 1/6 [00:51<04:17, 51.53s/it]
2026-08-18 20:42:36+08:00 [1A2026-08-18 20:42:36+08:00 Loading required modules:  17%|█▋        | 1/6 [00:51<04:18, 51.68s/it]
2026-08-18 20:42:36+08:00 [08-18 12:42:36] Loading MiniMaxH3DiTModel from 13 safetensors file(s) , param_dtype: torch.bfloat16
2026-08-18 20:42:36+08:00 [08-18 12:42:36] Loading MiniMaxH3DiTModel from 13 safetensors file(s) , param_dtype: torch.bfloat16
2026-08-18 20:42:43+08:00 [08-18 12:42:43] Loading safetensors with Run:ai Model Streamer to cpu
2026-08-18 20:42:43+08:00 [08-18 12:42:43] Loading safetensors with Run:ai Model Streamer to cpu
[1ALoading required modules:  17%|█▋        | 1/6 [00:51<04:18, 51.69s/it]2026-08-18 20:43:11+08:00 [08-18 12:43:11] [RunAI Streamer] Overall time to stream 61.7 GiB of all files to cpu: 27.83s, 2.2 GiB/s
2026-08-18 20:43:11+08:00 [08-18 12:43:11] [RunAI Streamer] Overall time to stream 61.7 GiB of all files to cpu: 27.83s, 2.2 GiB/s
2026-08-18 20:43:11+08:00 [08-18 12:43:11] [RunAI Streamer] Overall time to stream 61.7 GiB of all files to cpu: 27.94s, 2.2 GiB/s
2026-08-18 20:43:11+08:00 [08-18 12:43:11] [RunAI Streamer] Overall time to stream 61.7 GiB of all files to cpu: 28.04s, 2.2 GiB/s
2026-08-18 20:43:11+08:00 [08-18 12:43:11] [RunAI Streamer] Overall time to stream 61.7 GiB of all files to cpu: 27.94s, 2.2 GiB/s
2026-08-18 20:43:11+08:00 [08-18 12:43:11] [RunAI Streamer] Overall time to stream 61.7 GiB of all files to cpu: 28.04s, 2.2 GiB/s
2026-08-18 20:43:11+08:00 [08-18 12:43:11] [RunAI Streamer] Overall time to stream 61.7 GiB of all files to cpu: 28.24s, 2.2 GiB/s
2026-08-18 20:43:11+08:00 [08-18 12:43:11] [RunAI Streamer] Overall time to stream 61.7 GiB of all files to cpu: 28.24s, 2.2 GiB/s
2026-08-18 20:43:19+08:00 
[1ALoading required modules:  17%|█▋        | 1/6 [00:51<04:18, 51.69s/it]2026-08-18 20:43:19+08:00 
2026-08-18 20:43:19+08:00 [08-18 12:43:19] Loaded transformer: MiniMaxH3DiTModel (sgl-diffusion version). model size: 30.86 GB, consumed GPU mem: 33.83 GB, avail GPU mem: 24.81 GB
2026-08-18 20:43:19+08:00 [1A2026-08-18 20:43:19+08:00 Loading required modules:  33%|███▎      | 2/6 [01:34<03:06, 46.56s/it]
2026-08-18 20:43:19+08:00 [08-18 12:43:19] Loading audio_vae from /__modal/volumes/vo-AfItwkgWNIogtOJhuNluZI/hf/hub/models--MiniMaxAI--MiniMax-H3/snapshots/42ed227ee7df40d41602854ae760620d6eb651fe/FL2VA/audio_vae. avail mem: 24.81 GB
2026-08-18 20:43:19+08:00 [08-18 12:43:19] Loaded transformer: MiniMaxH3DiTModel (sgl-diffusion version). model size: 30.86 GB, consumed GPU mem: 33.83 GB, avail GPU mem: 24.81 GB
2026-08-18 20:43:19+08:00 [1A2026-08-18 20:43:19+08:00 Loading required modules:  33%|███▎      | 2/6 [01:34<03:06, 46.56s/it]
2026-08-18 20:43:19+08:00 [08-18 12:43:19] Loading audio_vae from /__modal/volumes/vo-AfItwkgWNIogtOJhuNluZI/hf/hub/models--MiniMaxAI--MiniMax-H3/snapshots/42ed227ee7df40d41602854ae760620d6eb651fe/FL2VA/audio_vae. avail mem: 24.81 GB
2026-08-18 20:43:19+08:00 [1A2026-08-18 20:43:19+08:00 Loading required modules:  33%|███▎      | 2/6 [01:34<03:06, 46.51s/it]
2026-08-18 20:43:19+08:00 [1A2026-08-18 20:43:19+08:00 Loading required modules:  33%|███▎      | 2/6 [01:34<03:06, 46.51s/it]
2026-08-18 20:43:19+08:00 [1A2026-08-18 20:43:19+08:00 Loading required modules:  33%|███▎      | 2/6 [01:34<03:06, 46.66s/it]
2026-08-18 20:43:19+08:00 [1A2026-08-18 20:43:19+08:00 Loading required modules:  33%|███▎      | 2/6 [01:34<03:06, 46.66s/it]
2026-08-18 20:43:20+08:00 [08-18 12:43:20] Loaded audio_vae: MiniMaxH3AudioVAE (sgl-diffusion version). model size: 0.56 GB, consumed GPU mem: 0.10 GB, avail GPU mem: 24.71 GB
2026-08-18 20:43:20+08:00 [08-18 12:43:20] Loaded audio_vae: MiniMaxH3AudioVAE (sgl-diffusion version). model size: 0.56 GB, consumed GPU mem: 0.10 GB, avail GPU mem: 24.71 GB
2026-08-18 20:43:20+08:00 [1A2026-08-18 20:43:20+08:00 Loading required modules:  33%|███▎      | 2/6 [01:34<03:06, 46.69s/it]2026-08-18 20:43:20+08:00 Loading required modules:  50%|█████     | 3/6 [01:35<01:16, 25.63s/it]
2026-08-18 20:43:20+08:00 [1A2026-08-18 20:43:20+08:00 Loading required modules:  33%|███▎      | 2/6 [01:34<03:06, 46.69s/it]2026-08-18 20:43:20+08:00 Loading required modules:  50%|█████     | 3/6 [01:35<01:16, 25.63s/it]
2026-08-18 20:43:20+08:00 [1A2026-08-18 20:43:20+08:00 Loading required modules:  50%|█████     | 3/6 [01:35<01:16, 25.62s/it]
2026-08-18 20:43:20+08:00 [1A2026-08-18 20:43:20+08:00 Loading required modules:  50%|█████     | 3/6 [01:35<01:16, 25.62s/it]
2026-08-18 20:43:20+08:00 [08-18 12:43:20] Loading video_vae from /__modal/volumes/vo-AfItwkgWNIogtOJhuNluZI/hf/hub/models--MiniMaxAI--MiniMax-H3/snapshots/42ed227ee7df40d41602854ae760620d6eb651fe/FL2VA/video_vae. avail mem: 24.71 GB
2026-08-18 20:43:20+08:00 [08-18 12:43:20] Loading video_vae from /__modal/volumes/vo-AfItwkgWNIogtOJhuNluZI/hf/hub/models--MiniMaxAI--MiniMax-H3/snapshots/42ed227ee7df40d41602854ae760620d6eb651fe/FL2VA/video_vae. avail mem: 24.71 GB
2026-08-18 20:43:20+08:00 [1A2026-08-18 20:43:20+08:00 Loading required modules:  50%|█████     | 3/6 [01:35<01:16, 25.63s/it]
2026-08-18 20:43:20+08:00 [1A2026-08-18 20:43:20+08:00 Loading required modules:  50%|█████     | 3/6 [01:35<01:16, 25.63s/it]
2026-08-18 20:43:32+08:00 [1A2026-08-18 20:43:32+08:00 Loading required modules:  50%|█████     | 3/6 [01:35<01:16, 25.66s/it]
2026-08-18 20:43:32+08:00 [1A2026-08-18 20:43:32+08:00 Loading required modules:  50%|█████     | 3/6 [01:35<01:16, 25.66s/it]
2026-08-18 20:43:32+08:00 [1A2026-08-18 20:43:32+08:00 Loading required modules:  67%|██████▋   | 4/6 [01:47<00:40, 20.39s/it]
2026-08-18 20:43:32+08:00 [1A2026-08-18 20:43:32+08:00 Loading required modules:  67%|██████▋   | 4/6 [01:47<00:40, 20.38s/it]
2026-08-18 20:43:32+08:00 [08-18 12:43:32] Loaded video_vae: MiniMaxH3VideoVAE (sgl-diffusion version). model size: 9.7 GB, consumed GPU mem: 7.64 GB, avail GPU mem: 17.07 GB
2026-08-18 20:43:32+08:00 [1A2026-08-18 20:43:32+08:00 Loading required modules:  67%|██████▋   | 4/6 [01:47<00:40, 20.38s/it]
2026-08-18 20:43:32+08:00 [08-18 12:43:32] Loading processor from /__modal/volumes/vo-AfItwkgWNIogtOJhuNluZI/hf/hub/models--MiniMaxAI--MiniMax-H3/snapshots/42ed227ee7df40d41602854ae760620d6eb651fe/FL2VA/processor. avail mem: 17.07 GB
2026-08-18 20:43:32+08:00 [1A2026-08-18 20:43:32+08:00 Loading required modules:  67%|██████▋   | 4/6 [01:47<00:40, 20.39s/it]
2026-08-18 20:43:32+08:00 [1A2026-08-18 20:43:32+08:00 Loading required modules:  67%|██████▋   | 4/6 [01:47<00:40, 20.38s/it]
2026-08-18 20:43:32+08:00 [08-18 12:43:32] Loaded video_vae: MiniMaxH3VideoVAE (sgl-diffusion version). model size: 9.7 GB, consumed GPU mem: 7.64 GB, avail GPU mem: 17.07 GB
2026-08-18 20:43:32+08:00 [1A2026-08-18 20:43:32+08:00 Loading required modules:  67%|██████▋   | 4/6 [01:47<00:40, 20.38s/it]
2026-08-18 20:43:32+08:00 [08-18 12:43:32] Loading processor from /__modal/volumes/vo-AfItwkgWNIogtOJhuNluZI/hf/hub/models--MiniMaxAI--MiniMax-H3/snapshots/42ed227ee7df40d41602854ae760620d6eb651fe/FL2VA/processor. avail mem: 17.07 GB
2026-08-18 20:43:34+08:00 [1A2026-08-18 20:43:34+08:00 Loading required modules:  67%|██████▋   | 4/6 [01:47<00:40, 20.37s/it]
2026-08-18 20:43:34+08:00 [1A2026-08-18 20:43:34+08:00 Loading required modules:  67%|██████▋   | 4/6 [01:47<00:40, 20.37s/it]
2026-08-18 20:43:34+08:00 [08-18 12:43:34] Loaded processor: Qwen3VLProcessor (sgl-diffusion version). model size: NA GB, consumed GPU mem: 0.00 GB, avail GPU mem: 17.07 GB
2026-08-18 20:43:34+08:00 [08-18 12:43:34] Loaded processor: Qwen3VLProcessor (sgl-diffusion version). model size: NA GB, consumed GPU mem: 0.00 GB, avail GPU mem: 17.07 GB
2026-08-18 20:43:34+08:00 [1A2026-08-18 20:43:34+08:00 Loading required modules:  83%|████████▎ | 5/6 [01:49<00:13, 13.77s/it]
2026-08-18 20:43:34+08:00 [1A2026-08-18 20:43:34+08:00 Loading required modules:  83%|████████▎ | 5/6 [01:49<00:13, 13.77s/it]
2026-08-18 20:43:34+08:00 [1A2026-08-18 20:43:34+08:00 Loading required modules:  83%|████████▎ | 5/6 [01:49<00:13, 13.75s/it]
2026-08-18 20:43:34+08:00 [1A2026-08-18 20:43:34+08:00 Loading required modules:  83%|████████▎ | 5/6 [01:49<00:13, 13.75s/it]
2026-08-18 20:43:34+08:00 [08-18 12:43:34] Loading tokenizer from /__modal/volumes/vo-AfItwkgWNIogtOJhuNluZI/hf/hub/models--MiniMaxAI--MiniMax-H3/snapshots/42ed227ee7df40d41602854ae760620d6eb651fe/FL2VA/tokenizer. avail mem: 17.07 GB
2026-08-18 20:43:34+08:00 [08-18 12:43:34] Loading tokenizer from /__modal/volumes/vo-AfItwkgWNIogtOJhuNluZI/hf/hub/models--MiniMaxAI--MiniMax-H3/snapshots/42ed227ee7df40d41602854ae760620d6eb651fe/FL2VA/tokenizer. avail mem: 17.07 GB
2026-08-18 20:43:34+08:00 [1A2026-08-18 20:43:34+08:00 Loading required modules:  83%|████████▎ | 5/6 [01:49<00:13, 13.75s/it]
2026-08-18 20:43:34+08:00 [1A2026-08-18 20:43:34+08:00 Loading required modules:  83%|████████▎ | 5/6 [01:49<00:13, 13.75s/it]
2026-08-18 20:43:34+08:00 [1A2026-08-18 20:43:34+08:00 Loading required modules:  83%|████████▎ | 5/6 [01:49<00:13, 13.76s/it]
2026-08-18 20:43:34+08:00 [1A2026-08-18 20:43:34+08:00 Loading required modules:  83%|████████▎ | 5/6 [01:49<00:13, 13.76s/it]
2026-08-18 20:43:34+08:00 [1A2026-08-18 20:43:34+08:00 Loading required modules: 100%|██████████| 6/6 [01:50<00:00,  9.17s/it]2026-08-18 20:43:34+08:00 Loading required modules: 100%|██████████| 6/6 [01:50<00:00, 18.34s/it]
2026-08-18 20:43:34+08:00 [1A2026-08-18 20:43:34+08:00 Loading required modules: 100%|██████████| 6/6 [01:50<00:00,  9.17s/it]2026-08-18 20:43:34+08:00 Loading required modules: 100%|██████████| 6/6 [01:50<00:00, 18.34s/it]
2026-08-18 20:43:34+08:00 
2026-08-18 20:43:34+08:00 
2026-08-18 20:43:34+08:00 [1A2026-08-18 20:43:34+08:00 Loading required modules: 100%|██████████| 6/6 [01:50<00:00,  9.18s/it]2026-08-18 20:43:34+08:00 Loading required modules: 100%|██████████| 6/6 [01:50<00:00, 18.34s/it]
2026-08-18 20:43:34+08:00 [1A2026-08-18 20:43:34+08:00 Loading required modules: 100%|██████████| 6/6 [01:50<00:00,  9.18s/it]2026-08-18 20:43:34+08:00 Loading required modules: 100%|██████████| 6/6 [01:50<00:00, 18.34s/it]
2026-08-18 20:43:34+08:00 [08-18 12:43:34] Loaded tokenizer: Qwen2Tokenizer (sgl-diffusion version). model size: NA GB, consumed GPU mem: 0.00 GB, avail GPU mem: 17.07 GB
2026-08-18 20:43:34+08:00 
2026-08-18 20:43:34+08:00 [08-18 12:43:34] Loaded tokenizer: Qwen2Tokenizer (sgl-diffusion version). model size: NA GB, consumed GPU mem: 0.00 GB, avail GPU mem: 17.07 GB
2026-08-18 20:43:34+08:00 
2026-08-18 20:43:34+08:00 [1A2026-08-18 20:43:34+08:00 Loading required modules: 100%|██████████| 6/6 [01:49<00:00,  9.17s/it]2026-08-18 20:43:34+08:00 Loading required modules: 100%|██████████| 6/6 [01:49<00:00, 18.32s/it]
2026-08-18 20:43:34+08:00 [1A2026-08-18 20:43:34+08:00 Loading required modules: 100%|██████████| 6/6 [01:49<00:00,  9.17s/it]2026-08-18 20:43:34+08:00 Loading required modules: 100%|██████████| 6/6 [01:49<00:00, 18.32s/it]
2026-08-18 20:43:34+08:00 [08-18 12:43:34] Creating pipeline stages...
2026-08-18 20:43:34+08:00 [08-18 12:43:34] Creating pipeline stages...
2026-08-18 20:43:34+08:00 
2026-08-18 20:43:34+08:00 
2026-08-18 20:43:34+08:00 [1A2026-08-18 20:43:34+08:00 Loading required modules: 100%|██████████| 6/6 [01:50<00:00,  9.18s/it]2026-08-18 20:43:34+08:00 Loading required modules: 100%|██████████| 6/6 [01:50<00:00, 18.34s/it]
2026-08-18 20:43:34+08:00 [1A2026-08-18 20:43:34+08:00 Loading required modules: 100%|██████████| 6/6 [01:50<00:00,  9.18s/it]2026-08-18 20:43:34+08:00 Loading required modules: 100%|██████████| 6/6 [01:50<00:00, 18.34s/it]
2026-08-18 20:43:34+08:00 [08-18 12:43:34] Using fa attention backend
2026-08-18 20:43:34+08:00 [08-18 12:43:34] Using fa attention backend
2026-08-18 20:43:34+08:00 [08-18 12:43:34] Pipeline instantiated
2026-08-18 20:43:34+08:00 [08-18 12:43:34] Pipeline instantiated
2026-08-18 20:43:34+08:00 [08-18 12:43:34] Worker 0: Initialized device, model, and distributed environment.
2026-08-18 20:43:34+08:00 [08-18 12:43:34] Worker 0: Initialized device, model, and distributed environment.
2026-08-18 20:43:34+08:00 [08-18 12:43:34] Worker 0: Scheduler loop started.
2026-08-18 20:43:34+08:00 [08-18 12:43:34] Worker 0: Scheduler loop started.
2026-08-18 20:43:34+08:00 [08-18 12:43:34] Starting FastAPI server.
2026-08-18 20:43:34+08:00 [08-18 12:43:34] Starting FastAPI server.
2026-08-18 20:43:35+08:00 [2026-08-18 12:43:35] [32mINFO[0m:     Started server process [[36m28[0m]
2026-08-18 20:43:35+08:00 [2026-08-18 12:43:35] [32mINFO[0m:     Started server process [[36m28[0m]
2026-08-18 20:43:35+08:00 [2026-08-18 12:43:35] [32mINFO[0m:     Waiting for application startup.
2026-08-18 20:43:35+08:00 [2026-08-18 12:43:35] [32mINFO[0m:     Waiting for application startup.
2026-08-18 20:43:35+08:00 [08-18 12:43:35] ZMQ Broker is listening for offline jobs on tcp://127.0.0.1:30011
2026-08-18 20:43:35+08:00 [08-18 12:43:35] ZMQ Broker is listening for offline jobs on tcp://127.0.0.1:30011
2026-08-18 20:43:35+08:00 [2026-08-18 12:43:35] [32mINFO[0m:     Application startup complete.
2026-08-18 20:43:35+08:00 [2026-08-18 12:43:35] [32mINFO[0m:     Application startup complete.
2026-08-18 20:43:35+08:00 [2026-08-18 12:43:35] [32mINFO[0m:     Uvicorn running on [1mhttp://0.0.0.0:30010[0m (Press CTRL+C to quit)
2026-08-18 20:43:35+08:00 [2026-08-18 12:43:35] [32mINFO[0m:     Uvicorn running on [1mhttp://0.0.0.0:30010[0m (Press CTRL+C to quit)
2026-08-18 20:43:36+08:00 [2026-08-18 12:43:36] [32mINFO[0m:     127.0.0.1:61633 - "[1mGET /health HTTP/1.1[0m" [32m200 OK[0m
2026-08-18 20:43:36+08:00 [2026-08-18 12:43:36] [32mINFO[0m:     127.0.0.1:61633 - "[1mGET /health HTTP/1.1[0m" [32m200 OK[0m
2026-08-18 20:43:36+08:00 
2026-08-18 20:43:36+08:00 
[1AWarmup requests:   0%|          | 0/1 [00:00<?, ?req/s]2026-08-18 20:44:09+08:00 
[1AWarmup requests:   0%|          | 0/1 [00:00<?, ?req/s]2026-08-18 20:44:09+08:00 
2026-08-18 20:44:09+08:00 [1A2026-08-18 20:44:09+08:00 Warmup requests: 100%|██████████| 1/1 [00:33<00:00, 33.10s/req, server warmup req (1344x768x124f, 2/50 steps), last=33.10s]
2026-08-18 20:44:09+08:00 [1A2026-08-18 20:44:09+08:00 Warmup requests: 100%|██████████| 1/1 [00:33<00:00, 33.10s/req, server warmup req (1344x768x124f, 2/50 steps), last=33.10s]
2026-08-18 20:44:09+08:00 [08-18 12:44:09] The server is fired up and ready to roll!
2026-08-18 20:44:09+08:00 [1A2026-08-18 20:44:09+08:00 Warmup requests: 100%|██████████| 1/1 [00:33<00:00, 33.10s/req, server warmup req (1344x768x124f, 2/50 steps), last=33.10s]
2026-08-18 20:44:09+08:00 [1A2026-08-18 20:44:09+08:00 Warmup requests: 100%|██████████| 1/1 [00:33<00:00, 33.10s/req, server warmup req (1344x768x124f, 2/50 steps), last=33.10s]
2026-08-18 20:44:09+08:00 [08-18 12:44:09] The server is fired up and ready to roll!
2026-08-18 20:46:21+08:00 [2026-08-18 12:46:21] [32mINFO[0m:     Shutting down
2026-08-18 20:46:21+08:00 [2026-08-18 12:46:21] [32mINFO[0m:     Shutting down
2026-08-18 20:46:30+08:00 Runner terminated.
2026-08-18 20:46:30+08:00 Runner terminated.
2026-08-18 20:46:31+08:00 Creating GPU memory snapshot for Function.
2026-08-18 20:46:31+08:00 Creating GPU memory snapshot for Function.
2026-08-18 20:46:33+08:00 
2026-08-18 20:46:33+08:00 
2026-08-18 20:46:33+08:00 ==========
2026-08-18 20:46:33+08:00 ==========
2026-08-18 20:46:33+08:00 == CUDA ==
2026-08-18 20:46:33+08:00 == CUDA ==
2026-08-18 20:46:33+08:00 ==========
2026-08-18 20:46:33+08:00 ==========
2026-08-18 20:46:33+08:00 
2026-08-18 20:46:33+08:00 
2026-08-18 20:46:33+08:00 CUDA Version 12.8.1
2026-08-18 20:46:33+08:00 CUDA Version 12.8.1
2026-08-18 20:46:33+08:00 
2026-08-18 20:46:33+08:00 Container image Copyright (c) 2016-2023, NVIDIA CORPORATION & AFFILIATES. All rights reserved.
2026-08-18 20:46:33+08:00 
2026-08-18 20:46:33+08:00 Container image Copyright (c) 2016-2023, NVIDIA CORPORATION & AFFILIATES. All rights reserved.
2026-08-18 20:46:33+08:00 
2026-08-18 20:46:33+08:00 This container image and its contents are governed by the NVIDIA Deep Learning Container License.
2026-08-18 20:46:33+08:00 By pulling and using the container, you accept the terms and conditions of this license:
2026-08-18 20:46:33+08:00 https://developer.nvidia.com/ngc/nvidia-deep-learning-container-license
2026-08-18 20:46:33+08:00 
2026-08-18 20:46:33+08:00 A copy of this license is made available in this container at /NGC-DL-CONTAINER-LICENSE for your convenience.
2026-08-18 20:46:33+08:00 
2026-08-18 20:46:33+08:00 This container image and its contents are governed by the NVIDIA Deep Learning Container License.
2026-08-18 20:46:33+08:00 By pulling and using the container, you accept the terms and conditions of this license:
2026-08-18 20:46:33+08:00 https://developer.nvidia.com/ngc/nvidia-deep-learning-container-license
2026-08-18 20:46:33+08:00 
2026-08-18 20:46:33+08:00 A copy of this license is made available in this container at /NGC-DL-CONTAINER-LICENSE for your convenience.
2026-08-18 20:46:33+08:00 
2026-08-18 20:46:33+08:00 
2026-08-18 20:46:36+08:00 Snapshot created. Restoring Function from memory snapshot.
2026-08-18 20:46:36+08:00 Snapshot created. Restoring Function from memory snapshot.
2026-08-18 20:46:36+08:00 Restoring Function from memory snapshot.
2026-08-18 20:46:36+08:00 Restoring Function from memory snapshot.
2026-08-18 20:46:38+08:00 Starting: sglang serve --model-path MiniMaxAI/MiniMax-H3 --model-variant fl2va --num-gpus 4 --tp-size 2 --ulysses-degree 2 --performance-mode speed --host 0.0.0.0 --port 30010
2026-08-18 20:46:38+08:00 Starting: sglang serve --model-path MiniMaxAI/MiniMax-H3 --model-variant fl2va --num-gpus 4 --tp-size 2 --ulysses-degree 2 --performance-mode speed --host 0.0.0.0 --port 30010
2026-08-18 20:46:38+08:00 Warm-up hold: 2s
2026-08-18 20:46:38+08:00 Warm-up hold: 2s
2026-08-18 20:46:47+08:00 /usr/local/lib/python3.11/site-packages/huggingface_hub/constants.py:310: FutureWarning: The `HF_HUB_ENABLE_HF_TRANSFER` environment variable is deprecated as 'hf_transfer' is not used anymore. Please use `HF_XET_HIGH_PERFORMANCE` instead to enable high performance transfer with Xet. Visit https://huggingface.co/docs/huggingface_hub/package_reference/environment_variables#hfxethighperformance for more details.
2026-08-18 20:46:47+08:00 /usr/local/lib/python3.11/site-packages/huggingface_hub/constants.py:310: FutureWarning: The `HF_HUB_ENABLE_HF_TRANSFER` environment variable is deprecated as 'hf_transfer' is not used anymore. Please use `HF_XET_HIGH_PERFORMANCE` instead to enable high performance transfer with Xet. Visit https://huggingface.co/docs/huggingface_hub/package_reference/environment_variables#hfxethighperformance for more details.
2026-08-18 20:46:47+08:00   warnings.warn(
2026-08-18 20:46:47+08:00   warnings.warn(
2026-08-18 20:47:02+08:00 [08-18 12:47:02] Applying performance_mode=speed
2026-08-18 20:47:02+08:00 [08-18 12:47:02] Applying performance_mode=speed
2026-08-18 20:47:02+08:00 [08-18 12:47:02] performance_mode=speed keeps torch.compile disabled for this model (pass --enable-torch-compile true to opt in)
2026-08-18 20:47:02+08:00 [08-18 12:47:02] Proposed encoder parallel folding (mode=world) for ServerArgs (tp=2 sp=2 cfg=1 replica=4); the loader keeps it for encoders wide enough to benefit.
2026-08-18 20:47:02+08:00 [08-18 12:47:02] server_args: {"model_path": "MiniMaxAI/MiniMax-H3", "model_subfolder": null, "model_variant": "fl2va", "model_id": null, "backend": "auto", "attention_backend": null, "attention_backend_config": {}, "component_attention_backends": {}, "cache_dit_config": null, "nccl_port": null, "trust_remote_code": false, "revision": null, "num_gpus": 4, "performance_mode": "speed", "base_gpu_id": 0, "gpu_ids": null, "tp_size": 2, "sp_degree": 2, "ulysses_degree": 2, "ring_degree": 1, "dp_size": 1, "dp_degree": 1, "enable_cfg_parallel": false, "cfg_parallel_degree": 1, "encoder_parallel": "auto", "hsdp_replicate_dim": 1, "hsdp_shard_dim": 4, "dist_timeout": 3600, "pipeline_class_name": null, "lora_path": null, "lora_nickname": "default", "lora_scale": 1.0, "lora_merge_mode": "auto", "lora_weight_name": null, "component_paths": {}, "transformer_weights_path": null, "component_transformer_weights_paths": {}, "quantization": null, "quantization_ignored_layers": null, "lora_target_modules": null, "dit_cpu_offload": false, "dit_layerwise_offload": false, "layerwise_offload_components": null, "dit_offload_prefetch_size": 0.0, "dit_layerwise_resident_layers": 0.0, "offload_during_compile": true, "text_encoder_cpu_offload": false, "image_encoder_cpu_offload": false, "vae_cpu_offload": false, "use_fsdp_inference": false, "pin_cpu_memory": true, "ltx2_two_stage_device_mode": null, "comfyui_mode": false, "enable_torch_compile": false, "regional_compile": false, "enable_breakable_cuda_graph": false, "bcg_text_buckets": null, "enable_layerwise_nvtx_marker": false, "warmup_mode": "server", "warmup": true, "server_warmup": true, "warmup_resolutions": null, "warmup_steps": 1, "disable_autocast": false, "master_port": 30005, "host": "0.0.0.0", "port": 30010, "webui": false, "webui_port": 12312, "scheduler_port": 5563, "batching_mode": "dynamic", "batching_max_size": 1, "batching_delay_ms": 0.0, "batching_config": null, "enable_batching_metrics": false, "strict_ports": false, "output_path": "outputs/", "input_save_path": "inputs/uploads", "prompt_file_path": null, "model_paths": {}, "model_loaded": {"transformer": true, "vae": true, "video_vae": true, "audio_vae": true, "video_dit": true, "audio_dit": true, "dual_tower_bridge": true}, "boundary_ratio": null, "disagg_role": "monolithic", "disagg_timeout": 3600, "disagg_downstream_wait_timeout": 1800, "disagg_dispatch_policy": "round_robin", "disagg_mode": false, "disagg_instance_id": 0, "disagg_max_slots_per_instance": 8, "disagg_transfer_redundancy": 1.25, "disagg_role_device": "auto", "disagg_transfer_backend": "auto", "disagg_transfer_pool_size": 268435456, "disagg_transfer_pin_memory": "auto", "disagg_p2p_hostname": "127.0.0.1", "disagg_ib_device": null, "disagg_server_addr": null, "encoder_urls": null, "denoiser_urls": null, "decoder_urls": null, "encoder_tp": null, "denoiser_tp": null, "denoiser_sp": null, "denoiser_ulysses": null, "denoiser_ring": null, "decoder_sp": null, "decoder_tp": null, "pool_work_endpoint": null, "pool_result_endpoint": null, "pool_control_endpoint": null, "pool_control_advertised_endpoint": null, "log_level": "info", "log_requests": false, "log_requests_level": 2, "log_requests_format": "text", "log_requests_target": null, "uvicorn_access_log_exclude_prefixes": [], "enable_trace": false, "otlp_traces_endpoint": "localhost:4317", "srt_encoder_url": null, "srt_encoder_connect_timeout": 3.05, "srt_encoder_timeout": 100, "pe_server_url": null}
2026-08-18 20:47:02+08:00 [08-18 12:47:02] Starting server...
2026-08-18 20:47:02+08:00 [08-18 12:47:02] performance_mode=speed keeps torch.compile disabled for this model (pass --enable-torch-compile true to opt in)
2026-08-18 20:47:02+08:00 [08-18 12:47:02] Proposed encoder parallel folding (mode=world) for ServerArgs (tp=2 sp=2 cfg=1 replica=4); the loader keeps it for encoders wide enough to benefit.
2026-08-18 20:47:02+08:00 [08-18 12:47:02] server_args: {"model_path": "MiniMaxAI/MiniMax-H3", "model_subfolder": null, "model_variant": "fl2va", "model_id": null, "backend": "auto", "attention_backend": null, "attention_backend_config": {}, "component_attention_backends": {}, "cache_dit_config": null, "nccl_port": null, "trust_remote_code": false, "revision": null, "num_gpus": 4, "performance_mode": "speed", "base_gpu_id": 0, "gpu_ids": null, "tp_size": 2, "sp_degree": 2, "ulysses_degree": 2, "ring_degree": 1, "dp_size": 1, "dp_degree": 1, "enable_cfg_parallel": false, "cfg_parallel_degree": 1, "encoder_parallel": "auto", "hsdp_replicate_dim": 1, "hsdp_shard_dim": 4, "dist_timeout": 3600, "pipeline_class_name": null, "lora_path": null, "lora_nickname": "default", "lora_scale": 1.0, "lora_merge_mode": "auto", "lora_weight_name": null, "component_paths": {}, "transformer_weights_path": null, "component_transformer_weights_paths": {}, "quantization": null, "quantization_ignored_layers": null, "lora_target_modules": null, "dit_cpu_offload": false, "dit_layerwise_offload": false, "layerwise_offload_components": null, "dit_offload_prefetch_size": 0.0, "dit_layerwise_resident_layers": 0.0, "offload_during_compile": true, "text_encoder_cpu_offload": false, "image_encoder_cpu_offload": false, "vae_cpu_offload": false, "use_fsdp_inference": false, "pin_cpu_memory": true, "ltx2_two_stage_device_mode": null, "comfyui_mode": false, "enable_torch_compile": false, "regional_compile": false, "enable_breakable_cuda_graph": false, "bcg_text_buckets": null, "enable_layerwise_nvtx_marker": false, "warmup_mode": "server", "warmup": true, "server_warmup": true, "warmup_resolutions": null, "warmup_steps": 1, "disable_autocast": false, "master_port": 30005, "host": "0.0.0.0", "port": 30010, "webui": false, "webui_port": 12312, "scheduler_port": 5563, "batching_mode": "dynamic", "batching_max_size": 1, "batching_delay_ms": 0.0, "batching_config": null, "enable_batching_metrics": false, "strict_ports": false, "output_path": "outputs/", "input_save_path": "inputs/uploads", "prompt_file_path": null, "model_paths": {}, "model_loaded": {"transformer": true, "vae": true, "video_vae": true, "audio_vae": true, "video_dit": true, "audio_dit": true, "dual_tower_bridge": true}, "boundary_ratio": null, "disagg_role": "monolithic", "disagg_timeout": 3600, "disagg_downstream_wait_timeout": 1800, "disagg_dispatch_policy": "round_robin", "disagg_mode": false, "disagg_instance_id": 0, "disagg_max_slots_per_instance": 8, "disagg_transfer_redundancy": 1.25, "disagg_role_device": "auto", "disagg_transfer_backend": "auto", "disagg_transfer_pool_size": 268435456, "disagg_transfer_pin_memory": "auto", "disagg_p2p_hostname": "127.0.0.1", "disagg_ib_device": null, "disagg_server_addr": null, "encoder_urls": null, "denoiser_urls": null, "decoder_urls": null, "encoder_tp": null, "denoiser_tp": null, "denoiser_sp": null, "denoiser_ulysses": null, "denoiser_ring": null, "decoder_sp": null, "decoder_tp": null, "pool_work_endpoint": null, "pool_result_endpoint": null, "pool_control_endpoint": null, "pool_control_advertised_endpoint": null, "log_level": "info", "log_requests": false, "log_requests_level": 2, "log_requests_format": "text", "log_requests_target": null, "uvicorn_access_log_exclude_prefixes": [], "enable_trace": false, "otlp_traces_endpoint": "localhost:4317", "srt_encoder_url": null, "srt_encoder_connect_timeout": 3.05, "srt_encoder_timeout": 100, "pe_server_url": null}
2026-08-18 20:47:02+08:00 [08-18 12:47:02] Starting server...
2026-08-18 20:47:11+08:00 /usr/local/lib/python3.11/site-packages/huggingface_hub/constants.py:310: FutureWarning: The `HF_HUB_ENABLE_HF_TRANSFER` environment variable is deprecated as 'hf_transfer' is not used anymore. Please use `HF_XET_HIGH_PERFORMANCE` instead to enable high performance transfer with Xet. Visit https://huggingface.co/docs/huggingface_hub/package_reference/environment_variables#hfxethighperformance for more details.
2026-08-18 20:47:11+08:00   warnings.warn(
2026-08-18 20:47:11+08:00 /usr/local/lib/python3.11/site-packages/huggingface_hub/constants.py:310: FutureWarning: The `HF_HUB_ENABLE_HF_TRANSFER` environment variable is deprecated as 'hf_transfer' is not used anymore. Please use `HF_XET_HIGH_PERFORMANCE` instead to enable high performance transfer with Xet. Visit https://huggingface.co/docs/huggingface_hub/package_reference/environment_variables#hfxethighperformance for more details.
2026-08-18 20:47:11+08:00   warnings.warn(
2026-08-18 20:47:11+08:00 /usr/local/lib/python3.11/site-packages/huggingface_hub/constants.py:310: FutureWarning: The `HF_HUB_ENABLE_HF_TRANSFER` environment variable is deprecated as 'hf_transfer' is not used anymore. Please use `HF_XET_HIGH_PERFORMANCE` instead to enable high performance transfer with Xet. Visit https://huggingface.co/docs/huggingface_hub/package_reference/environment_variables#hfxethighperformance for more details.
2026-08-18 20:47:11+08:00   warnings.warn(
2026-08-18 20:47:11+08:00 /usr/local/lib/python3.11/site-packages/huggingface_hub/constants.py:310: FutureWarning: The `HF_HUB_ENABLE_HF_TRANSFER` environment variable is deprecated as 'hf_transfer' is not used anymore. Please use `HF_XET_HIGH_PERFORMANCE` instead to enable high performance transfer with Xet. Visit https://huggingface.co/docs/huggingface_hub/package_reference/environment_variables#hfxethighperformance for more details.
2026-08-18 20:47:11+08:00   warnings.warn(
2026-08-18 20:47:11+08:00 /usr/local/lib/python3.11/site-packages/huggingface_hub/constants.py:310: FutureWarning: The `HF_HUB_ENABLE_HF_TRANSFER` environment variable is deprecated as 'hf_transfer' is not used anymore. Please use `HF_XET_HIGH_PERFORMANCE` instead to enable high performance transfer with Xet. Visit https://huggingface.co/docs/huggingface_hub/package_reference/environment_variables#hfxethighperformance for more details.
2026-08-18 20:47:11+08:00   warnings.warn(
2026-08-18 20:47:11+08:00 /usr/local/lib/python3.11/site-packages/huggingface_hub/constants.py:310: FutureWarning: The `HF_HUB_ENABLE_HF_TRANSFER` environment variable is deprecated as 'hf_transfer' is not used anymore. Please use `HF_XET_HIGH_PERFORMANCE` instead to enable high performance transfer with Xet. Visit https://huggingface.co/docs/huggingface_hub/package_reference/environment_variables#hfxethighperformance for more details.
2026-08-18 20:47:11+08:00   warnings.warn(
2026-08-18 20:47:11+08:00 /usr/local/lib/python3.11/site-packages/huggingface_hub/constants.py:310: FutureWarning: The `HF_HUB_ENABLE_HF_TRANSFER` environment variable is deprecated as 'hf_transfer' is not used anymore. Please use `HF_XET_HIGH_PERFORMANCE` instead to enable high performance transfer with Xet. Visit https://huggingface.co/docs/huggingface_hub/package_reference/environment_variables#hfxethighperformance for more details.
2026-08-18 20:47:11+08:00   warnings.warn(
2026-08-18 20:47:11+08:00 /usr/local/lib/python3.11/site-packages/huggingface_hub/constants.py:310: FutureWarning: The `HF_HUB_ENABLE_HF_TRANSFER` environment variable is deprecated as 'hf_transfer' is not used anymore. Please use `HF_XET_HIGH_PERFORMANCE` instead to enable high performance transfer with Xet. Visit https://huggingface.co/docs/huggingface_hub/package_reference/environment_variables#hfxethighperformance for more details.
2026-08-18 20:47:11+08:00   warnings.warn(
2026-08-18 20:47:23+08:00 [08-18 12:47:23] Scheduler bind at endpoint: tcp://0.0.0.0:5563
2026-08-18 20:47:23+08:00 [08-18 12:47:23] Scheduler bind at endpoint: tcp://0.0.0.0:5563
2026-08-18 20:47:23+08:00 [08-18 12:47:23] torch.compile cache: TORCHINDUCTOR_CACHE_DIR=/root/.cache/sgl_diffusion/torch_compile_cache/inductor TRITON_CACHE_DIR=/root/.cache/sgl_diffusion/torch_compile_cache/triton
2026-08-18 20:47:23+08:00 [08-18 12:47:23] torch.compile cache: TORCHINDUCTOR_CACHE_DIR=/root/.cache/sgl_diffusion/torch_compile_cache/inductor TRITON_CACHE_DIR=/root/.cache/sgl_diffusion/torch_compile_cache/triton
2026-08-18 20:47:23+08:00 [08-18 12:47:23] Initializing distributed environment with world_size=4, device=cuda:0, timeout=3600
2026-08-18 20:47:23+08:00 [08-18 12:47:23] Setting distributed timeout to 3600 seconds
2026-08-18 20:47:23+08:00 [08-18 12:47:23] Initializing distributed environment with world_size=4, device=cuda:0, timeout=3600
2026-08-18 20:47:23+08:00 [08-18 12:47:23] Setting distributed timeout to 3600 seconds
2026-08-18 20:47:25+08:00 [08-18 12:47:25] Found nccl from library libnccl.so.2
2026-08-18 20:47:25+08:00 [08-18 12:47:25] Found nccl from library libnccl.so.2
2026-08-18 20:47:25+08:00 [08-18 12:47:25] sglang-diffusion is using nccl==2.28.9
2026-08-18 20:47:25+08:00 [08-18 12:47:25] sglang-diffusion is using nccl==2.28.9
2026-08-18 20:47:28+08:00 [08-18 12:47:28] Found nccl from library libnccl.so.2
2026-08-18 20:47:28+08:00 [08-18 12:47:28] sglang-diffusion is using nccl==2.28.9
2026-08-18 20:47:28+08:00 [08-18 12:47:28] Found nccl from library libnccl.so.2
2026-08-18 20:47:28+08:00 [08-18 12:47:28] sglang-diffusion is using nccl==2.28.9
2026-08-18 20:47:29+08:00 [08-18 12:47:29] generating GPU P2P access cache in /root/.cache/sglang/gpu_p2p_access_cache_for_0,1,2,3.json
2026-08-18 20:47:29+08:00 [08-18 12:47:29] generating GPU P2P access cache in /root/.cache/sglang/gpu_p2p_access_cache_for_0,1,2,3.json
2026-08-18 20:48:00+08:00 [08-18 12:48:00] reading GPU P2P access cache from /root/.cache/sglang/gpu_p2p_access_cache_for_0,1,2,3.json
2026-08-18 20:48:00+08:00 [08-18 12:48:00] reading GPU P2P access cache from /root/.cache/sglang/gpu_p2p_access_cache_for_0,1,2,3.json
2026-08-18 20:48:00+08:00 [08-18 12:48:00] reading GPU P2P access cache from /root/.cache/sglang/gpu_p2p_access_cache_for_0,1,2,3.json
2026-08-18 20:48:00+08:00 [08-18 12:48:00] reading GPU P2P access cache from /root/.cache/sglang/gpu_p2p_access_cache_for_0,1,2,3.json
2026-08-18 20:48:00+08:00 [08-18 12:48:00] reading GPU P2P access cache from /root/.cache/sglang/gpu_p2p_access_cache_for_0,1,2,3.json
2026-08-18 20:48:00+08:00 [08-18 12:48:00] reading GPU P2P access cache from /root/.cache/sglang/gpu_p2p_access_cache_for_0,1,2,3.json
2026-08-18 20:48:00+08:00 [08-18 12:48:00] reading GPU P2P access cache from /root/.cache/sglang/gpu_p2p_access_cache_for_0,1,2,3.json
2026-08-18 20:48:00+08:00 [08-18 12:48:00] reading GPU P2P access cache from /root/.cache/sglang/gpu_p2p_access_cache_for_0,1,2,3.json
2026-08-18 20:48:00+08:00 [08-18 12:48:00] Found nccl from library libnccl.so.2
2026-08-18 20:48:00+08:00 [08-18 12:48:00] Found nccl from library libnccl.so.2
2026-08-18 20:48:00+08:00 [08-18 12:48:00] sglang-diffusion is using nccl==2.28.9
2026-08-18 20:48:00+08:00 [08-18 12:48:00] sglang-diffusion is using nccl==2.28.9
2026-08-18 20:48:01+08:00 [08-18 12:48:01] No pipeline_class_name specified, using model_index.json
2026-08-18 20:48:01+08:00 [08-18 12:48:01] No pipeline_class_name specified, using model_index.json
2026-08-18 20:48:02+08:00 [08-18 12:48:02] Using pipeline from model_index.json: MiniMaxH3Pipeline
2026-08-18 20:48:02+08:00 [08-18 12:48:02] Using pipeline from model_index.json: MiniMaxH3Pipeline
2026-08-18 20:48:02+08:00 [08-18 12:48:02] Loading pipeline modules...
2026-08-18 20:48:02+08:00 [08-18 12:48:02] Checking for cached model in Hugging Face Hub cache for MiniMaxAI/MiniMax-H3...
2026-08-18 20:48:02+08:00 [08-18 12:48:02] Loading pipeline modules...
2026-08-18 20:48:02+08:00 [08-18 12:48:02] Checking for cached model in Hugging Face Hub cache for MiniMaxAI/MiniMax-H3...
2026-08-18 20:48:02+08:00 [08-18 12:48:02] Model not found in cache, will download from Hugging Face Hub
2026-08-18 20:48:02+08:00 [08-18 12:48:02] Model not found in cache, will download from Hugging Face Hub
2026-08-18 20:48:02+08:00 [08-18 12:48:02] Downloading model snapshot from Hugging Face Hub for MiniMaxAI/MiniMax-H3 (attempt 1/5)...
2026-08-18 20:48:02+08:00 [08-18 12:48:02] Downloading model snapshot from Hugging Face Hub for MiniMaxAI/MiniMax-H3 (attempt 1/5)...
2026-08-18 20:48:02+08:00 
2026-08-18 20:48:02+08:00 
2026-08-18 20:48:02+08:00 [1A2026-08-18 20:48:02+08:00 Fetching 81 files:   0%|          | 0/81 [00:00<?, ?it/s]2026-08-18 20:48:02+08:00 Fetching 81 files: 100%|██████████| 81/81 [00:00<00:00, 1675.47it/s]
2026-08-18 20:48:02+08:00 [1A2026-08-18 20:48:02+08:00 Fetching 81 files:   0%|          | 0/81 [00:00<?, ?it/s]2026-08-18 20:48:02+08:00 Fetching 81 files: 100%|██████████| 81/81 [00:00<00:00, 1675.47it/s]
2026-08-18 20:48:04+08:00 
2026-08-18 20:48:04+08:00 
2026-08-18 20:48:04+08:00 [1A2026-08-18 20:48:04+08:00 Fetching 81 files:   0%|          | 0/81 [00:00<?, ?it/s]2026-08-18 20:48:04+08:00 Fetching 81 files: 100%|██████████| 81/81 [00:00<00:00, 1839.94it/s]
2026-08-18 20:48:04+08:00 [1A2026-08-18 20:48:04+08:00 Fetching 81 files:   0%|          | 0/81 [00:00<?, ?it/s]2026-08-18 20:48:04+08:00 Fetching 81 files: 100%|██████████| 81/81 [00:00<00:00, 1839.94it/s]
2026-08-18 20:48:04+08:00 [08-18 12:48:04] Model path: /__modal/volumes/vo-AfItwkgWNIogtOJhuNluZI/hf/hub/models--MiniMaxAI--MiniMax-H3/snapshots/42ed227ee7df40d41602854ae760620d6eb651fe/FL2VA
2026-08-18 20:48:04+08:00 [08-18 12:48:04] Model path: /__modal/volumes/vo-AfItwkgWNIogtOJhuNluZI/hf/hub/models--MiniMaxAI--MiniMax-H3/snapshots/42ed227ee7df40d41602854ae760620d6eb651fe/FL2VA
2026-08-18 20:48:04+08:00 [08-18 12:48:04] Diffusers version: 0.32.2
2026-08-18 20:48:04+08:00 [08-18 12:48:04] Diffusers version: 0.32.2
2026-08-18 20:48:04+08:00 [08-18 12:48:04] Loading pipeline modules from config: {'_class_name': 'MiniMaxH3Pipeline', '_diffusers_version': '0.32.2', 'text_encoder': ['transformers', 'MiniMaxH3Qwen3VLHFEncoder'], 'tokenizer': ['transformers', 'Qwen2TokenizerFast'], 'video_vae': ['diffusers', 'MiniMaxH3VideoVAE'], 'audio_vae': ['diffusers', 'MiniMaxH3AudioVAE'], 'scheduler': None, 'transformer': ['diffusers', 'MiniMaxH3DiTModel'], 'processor': ['transformers', 'Qwen3VLProcessor'], '_minimax_h3': {'schema_version': 1, 'partition': 'fl2va', 'tasks': ['t2va', 'fl2va'], 'task_aliases': {}, 'sigma_shift_scales': {'video': 12.0, 'audio': 3.0}}}
2026-08-18 20:48:04+08:00 [08-18 12:48:04] Loading pipeline modules from config: {'_class_name': 'MiniMaxH3Pipeline', '_diffusers_version': '0.32.2', 'text_encoder': ['transformers', 'MiniMaxH3Qwen3VLHFEncoder'], 'tokenizer': ['transformers', 'Qwen2TokenizerFast'], 'video_vae': ['diffusers', 'MiniMaxH3VideoVAE'], 'audio_vae': ['diffusers', 'MiniMaxH3AudioVAE'], 'scheduler': None, 'transformer': ['diffusers', 'MiniMaxH3DiTModel'], 'processor': ['transformers', 'Qwen3VLProcessor'], '_minimax_h3': {'schema_version': 1, 'partition': 'fl2va', 'tasks': ['t2va', 'fl2va'], 'task_aliases': {}, 'sigma_shift_scales': {'video': 12.0, 'audio': 3.0}}}
2026-08-18 20:48:04+08:00 [08-18 12:48:04] Loading required components: ['processor', 'text_encoder', 'tokenizer', 'video_vae', 'audio_vae', 'transformer']
2026-08-18 20:48:04+08:00 [08-18 12:48:04] Loading required components: ['processor', 'text_encoder', 'tokenizer', 'video_vae', 'audio_vae', 'transformer']
2026-08-18 20:48:08+08:00 
2026-08-18 20:48:08+08:00 
2026-08-18 20:48:08+08:00 [1A2026-08-18 20:48:08+08:00 Fetching 81 files:   0%|          | 0/81 [00:00<?, ?it/s]
2026-08-18 20:48:08+08:00 [1A2026-08-18 20:48:08+08:00 Fetching 81 files: 100%|██████████| 81/81 [00:00<00:00, 1571.16it/s]
2026-08-18 20:48:08+08:00 [1A2026-08-18 20:48:08+08:00 Fetching 81 files:   0%|          | 0/81 [00:00<?, ?it/s]
2026-08-18 20:48:08+08:00 [1A2026-08-18 20:48:08+08:00 Fetching 81 files: 100%|██████████| 81/81 [00:00<00:00, 1571.16it/s]
2026-08-18 20:48:11+08:00 
2026-08-18 20:48:11+08:00 
2026-08-18 20:48:12+08:00 [1A2026-08-18 20:48:12+08:00 Fetching 81 files:   0%|          | 0/81 [00:00<?, ?it/s]
2026-08-18 20:48:12+08:00 [1A2026-08-18 20:48:12+08:00 Fetching 81 files:   0%|          | 0/81 [00:00<?, ?it/s]
2026-08-18 20:48:15+08:00 [1A2026-08-18 20:48:15+08:00 Fetching 81 files:   1%|          | 1/81 [00:01<01:51,  1.39s/it]
2026-08-18 20:48:15+08:00 [1A2026-08-18 20:48:15+08:00 Fetching 81 files:   1%|          | 1/81 [00:01<01:51,  1.39s/it]
2026-08-18 20:48:16+08:00 [1A2026-08-18 20:48:16+08:00 Fetching 81 files:   7%|▋         | 6/81 [00:04<00:49,  1.51it/s]
2026-08-18 20:48:16+08:00 [1A2026-08-18 20:48:16+08:00 Fetching 81 files:   7%|▋         | 6/81 [00:04<00:49,  1.51it/s]
2026-08-18 20:48:16+08:00 [1A2026-08-18 20:48:16+08:00 Fetching 81 files:  11%|█         | 9/81 [00:04<00:33,  2.16it/s]
2026-08-18 20:48:16+08:00 [1A2026-08-18 20:48:16+08:00 Fetching 81 files:  11%|█         | 9/81 [00:04<00:33,  2.16it/s]
2026-08-18 20:48:17+08:00 [1A2026-08-18 20:48:17+08:00 Fetching 81 files:  17%|█▋        | 14/81 [00:05<00:19,  3.42it/s]
2026-08-18 20:48:17+08:00 [1A2026-08-18 20:48:17+08:00 Fetching 81 files:  17%|█▋        | 14/81 [00:05<00:19,  3.42it/s]
2026-08-18 20:48:18+08:00 [1A2026-08-18 20:48:18+08:00 Fetching 81 files:  21%|██        | 17/81 [00:06<00:17,  3.68it/s]
2026-08-18 20:48:18+08:00 [1A2026-08-18 20:48:18+08:00 Fetching 81 files:  21%|██        | 17/81 [00:06<00:17,  3.68it/s]
2026-08-18 20:48:18+08:00 [1A2026-08-18 20:48:18+08:00 Fetching 81 files:  26%|██▌       | 21/81 [00:07<00:15,  3.84it/s]
2026-08-18 20:48:18+08:00 [1A2026-08-18 20:48:18+08:00 Fetching 81 files:  26%|██▌       | 21/81 [00:07<00:15,  3.84it/s]
2026-08-18 20:48:18+08:00 [1A2026-08-18 20:48:18+08:00 Fetching 81 files:  27%|██▋       | 22/81 [00:07<00:14,  3.98it/s]
2026-08-18 20:48:18+08:00 [1A2026-08-18 20:48:18+08:00 Fetching 81 files:  27%|██▋       | 22/81 [00:07<00:14,  3.98it/s]
2026-08-18 20:48:18+08:00 [08-18 12:48:18] Memory-aware component load order: ['text_encoder', 'transformer', 'audio_vae', 'video_vae', 'processor', 'tokenizer']
2026-08-18 20:48:18+08:00 [08-18 12:48:18] Memory-aware component load order: ['text_encoder', 'transformer', 'audio_vae', 'video_vae', 'processor', 'tokenizer']
2026-08-18 20:48:18+08:00 [1A2026-08-18 20:48:18+08:00 Fetching 81 files:  31%|███       | 25/81 [00:07<00:10,  5.32it/s]
2026-08-18 20:48:18+08:00 [1A2026-08-18 20:48:18+08:00 Loading required modules:   0%|          | 0/6 [00:00<?, ?it/s]
2026-08-18 20:48:18+08:00 [1A2026-08-18 20:48:18+08:00 Loading required modules:   0%|          | 0/6 [00:00<?, ?it/s]
2026-08-18 20:48:18+08:00 [1A2026-08-18 20:48:18+08:00 Fetching 81 files:  37%|███▋      | 30/81 [00:07<00:06,  7.75it/s]
2026-08-18 20:48:18+08:00 [1A2026-08-18 20:48:18+08:00 Fetching 81 files:  31%|███       | 25/81 [00:07<00:10,  5.32it/s]
2026-08-18 20:48:18+08:00 [1A2026-08-18 20:48:18+08:00 Loading required modules:   0%|          | 0/6 [00:00<?, ?it/s]
2026-08-18 20:48:18+08:00 [1A2026-08-18 20:48:18+08:00 Loading required modules:   0%|          | 0/6 [00:00<?, ?it/s]
2026-08-18 20:48:18+08:00 [1A2026-08-18 20:48:18+08:00 Fetching 81 files: 100%|██████████| 81/81 [00:07<00:00, 10.51it/s]
2026-08-18 20:48:18+08:00 [1A2026-08-18 20:48:18+08:00 Loading required modules:   0%|          | 0/6 [00:00<?, ?it/s]
2026-08-18 20:48:18+08:00 [08-18 12:48:18] Loading text_encoder from /__modal/volumes/vo-AfItwkgWNIogtOJhuNluZI/hf/hub/models--MiniMaxAI--MiniMax-H3/snapshots/42ed227ee7df40d41602854ae760620d6eb651fe/FL2VA/text_encoder. avail mem: 72.80 GB
2026-08-18 20:48:18+08:00 [1A2026-08-18 20:48:18+08:00 Fetching 81 files:  37%|███▋      | 30/81 [00:07<00:06,  7.75it/s]
2026-08-18 20:48:18+08:00 [1A2026-08-18 20:48:18+08:00 Loading required modules:   0%|          | 0/6 [00:00<?, ?it/s]
2026-08-18 20:48:18+08:00 [1A2026-08-18 20:48:18+08:00 Fetching 81 files: 100%|██████████| 81/81 [00:07<00:00, 10.51it/s]
2026-08-18 20:48:18+08:00 [08-18 12:48:18] Loading text_encoder from /__modal/volumes/vo-AfItwkgWNIogtOJhuNluZI/hf/hub/models--MiniMaxAI--MiniMax-H3/snapshots/42ed227ee7df40d41602854ae760620d6eb651fe/FL2VA/text_encoder. avail mem: 72.80 GB
2026-08-18 20:48:19+08:00 [08-18 12:48:19] Loading safetensors with Run:ai Model Streamer to cuda:0
2026-08-18 20:48:19+08:00 [08-18 12:48:19] Loading safetensors with Run:ai Model Streamer to cuda:0
2026-08-18 20:48:19+08:00 
2026-08-18 20:48:19+08:00 
[1ALoading required modules:   0%|          | 0/6 [00:00<?, ?it/s]2026-08-18 20:49:11+08:00 [08-18 12:49:11] [RunAI Streamer] Overall time to stream 53.1 GiB of all files to cuda:0: 51.6s, 1.0 GiB/s
[1ALoading required modules:   0%|          | 0/6 [00:00<?, ?it/s]2026-08-18 20:49:11+08:00 [08-18 12:49:11] [RunAI Streamer] Overall time to stream 53.1 GiB of all files to cuda:0: 51.6s, 1.0 GiB/s
2026-08-18 20:49:11+08:00 [08-18 12:49:11] [RunAI Streamer] Overall time to stream 53.1 GiB of all files to cuda:3: 51.62s, 1.0 GiB/s
2026-08-18 20:49:11+08:00 [08-18 12:49:11] [RunAI Streamer] Overall time to stream 53.1 GiB of all files to cuda:3: 51.62s, 1.0 GiB/s
2026-08-18 20:49:11+08:00 [08-18 12:49:11] [RunAI Streamer] Overall time to stream 53.1 GiB of all files to cuda:1: 51.63s, 1.0 GiB/s
2026-08-18 20:49:11+08:00 [08-18 12:49:11] [RunAI Streamer] Overall time to stream 53.1 GiB of all files to cuda:1: 51.63s, 1.0 GiB/s
2026-08-18 20:49:11+08:00 [08-18 12:49:11] [RunAI Streamer] Overall time to stream 53.1 GiB of all files to cuda:2: 50.85s, 1.0 GiB/s
2026-08-18 20:49:11+08:00 [08-18 12:49:11] [RunAI Streamer] Overall time to stream 53.1 GiB of all files to cuda:2: 50.85s, 1.0 GiB/s
2026-08-18 20:49:11+08:00 [08-18 12:49:11] Loaded text_encoder: MiniMaxH3Qwen3VLEncoder (sgl-diffusion version). model size: 13.91 GB, consumed GPU mem: 14.16 GB, avail GPU mem: 58.64 GB
2026-08-18 20:49:11+08:00 [08-18 12:49:11] Attention backends for text_encoder: fa
2026-08-18 20:49:11+08:00 [08-18 12:49:11] Loaded text_encoder: MiniMaxH3Qwen3VLEncoder (sgl-diffusion version). model size: 13.91 GB, consumed GPU mem: 14.16 GB, avail GPU mem: 58.64 GB
2026-08-18 20:49:11+08:00 
2026-08-18 20:49:11+08:00 [08-18 12:49:11] Attention backends for text_encoder: fa
2026-08-18 20:49:11+08:00 [08-18 12:49:11] Loading transformer from /__modal/volumes/vo-AfItwkgWNIogtOJhuNluZI/hf/hub/models--MiniMaxAI--MiniMax-H3/snapshots/42ed227ee7df40d41602854ae760620d6eb651fe/FL2VA/transformer. avail mem: 58.64 GB
2026-08-18 20:49:11+08:00 
2026-08-18 20:49:11+08:00 [1A2026-08-18 20:49:11+08:00 Loading required modules:  17%|█▋        | 1/6 [00:52<04:21, 52.27s/it]
2026-08-18 20:49:11+08:00 [08-18 12:49:11] Loading transformer from /__modal/volumes/vo-AfItwkgWNIogtOJhuNluZI/hf/hub/models--MiniMaxAI--MiniMax-H3/snapshots/42ed227ee7df40d41602854ae760620d6eb651fe/FL2VA/transformer. avail mem: 58.64 GB
2026-08-18 20:49:11+08:00 [1A2026-08-18 20:49:11+08:00 Loading required modules:  17%|█▋        | 1/6 [00:52<04:21, 52.30s/it]
2026-08-18 20:49:11+08:00 [1A2026-08-18 20:49:11+08:00 Loading required modules:  17%|█▋        | 1/6 [00:52<04:21, 52.27s/it]
2026-08-18 20:49:11+08:00 [1A2026-08-18 20:49:11+08:00 Loading required modules:  17%|█▋        | 1/6 [00:52<04:21, 52.33s/it]
2026-08-18 20:49:11+08:00 [1A2026-08-18 20:49:11+08:00 Loading required modules:  17%|█▋        | 1/6 [00:52<04:21, 52.30s/it]
2026-08-18 20:49:11+08:00 [1A2026-08-18 20:49:11+08:00 Loading required modules:  17%|█▋        | 1/6 [00:52<04:21, 52.33s/it]
2026-08-18 20:49:11+08:00 [08-18 12:49:11] Loading MiniMaxH3DiTModel from 13 safetensors file(s) , param_dtype: torch.bfloat16
2026-08-18 20:49:11+08:00 [08-18 12:49:11] Loading MiniMaxH3DiTModel from 13 safetensors file(s) , param_dtype: torch.bfloat16
2026-08-18 20:49:17+08:00 [08-18 12:49:17] Loading safetensors with Run:ai Model Streamer to cpu
2026-08-18 20:49:17+08:00 [08-18 12:49:17] Loading safetensors with Run:ai Model Streamer to cpu
[1ALoading required modules:  17%|█▋        | 1/6 [00:51<04:17, 51.48s/it]2026-08-18 20:49:47+08:00 [08-18 12:49:47] [RunAI Streamer] Overall time to stream 61.7 GiB of all files to cpu: 29.8s, 2.1 GiB/s
[1ALoading required modules:  17%|█▋        | 1/6 [00:51<04:17, 51.48s/it]2026-08-18 20:49:47+08:00 [08-18 12:49:47] [RunAI Streamer] Overall time to stream 61.7 GiB of all files to cpu: 29.8s, 2.1 GiB/s
2026-08-18 20:49:47+08:00 [08-18 12:49:47] [RunAI Streamer] Overall time to stream 61.7 GiB of all files to cpu: 29.7s, 2.1 GiB/s
2026-08-18 20:49:47+08:00 [08-18 12:49:47] [RunAI Streamer] Overall time to stream 61.7 GiB of all files to cpu: 29.96s, 2.1 GiB/s
2026-08-18 20:49:47+08:00 [08-18 12:49:47] [RunAI Streamer] Overall time to stream 61.7 GiB of all files to cpu: 29.7s, 2.1 GiB/s
2026-08-18 20:49:47+08:00 [08-18 12:49:47] [RunAI Streamer] Overall time to stream 61.7 GiB of all files to cpu: 29.96s, 2.1 GiB/s
2026-08-18 20:49:47+08:00 [08-18 12:49:47] [RunAI Streamer] Overall time to stream 61.7 GiB of all files to cpu: 29.59s, 2.1 GiB/s
2026-08-18 20:49:47+08:00 [08-18 12:49:47] [RunAI Streamer] Overall time to stream 61.7 GiB of all files to cpu: 29.59s, 2.1 GiB/s
2026-08-18 20:49:55+08:00 
2026-08-18 20:49:55+08:00 
2026-08-18 20:49:55+08:00 [1A2026-08-18 20:49:55+08:00 Loading required modules:  33%|███▎      | 2/6 [01:36<03:10, 47.66s/it]
2026-08-18 20:49:55+08:00 [1A2026-08-18 20:49:55+08:00 Loading required modules:  33%|███▎      | 2/6 [01:36<03:10, 47.66s/it]
2026-08-18 20:49:55+08:00 [1A2026-08-18 20:49:55+08:00 Loading required modules:  33%|███▎      | 2/6 [01:36<03:10, 47.67s/it]
2026-08-18 20:49:55+08:00 [1A2026-08-18 20:49:55+08:00 Loading required modules:  33%|███▎      | 2/6 [01:36<03:10, 47.67s/it]
2026-08-18 20:49:55+08:00 [08-18 12:49:55] Loaded transformer: MiniMaxH3DiTModel (sgl-diffusion version). model size: 30.86 GB, consumed GPU mem: 33.83 GB, avail GPU mem: 24.81 GB
2026-08-18 20:49:55+08:00 [1A2026-08-18 20:49:55+08:00 Loading required modules:  33%|███▎      | 2/6 [01:36<03:09, 47.39s/it]
2026-08-18 20:49:55+08:00 [08-18 12:49:55] Loading audio_vae from /__modal/volumes/vo-AfItwkgWNIogtOJhuNluZI/hf/hub/models--MiniMaxAI--MiniMax-H3/snapshots/42ed227ee7df40d41602854ae760620d6eb651fe/FL2VA/audio_vae. avail mem: 24.81 GB
2026-08-18 20:49:55+08:00 [08-18 12:49:55] Loaded transformer: MiniMaxH3DiTModel (sgl-diffusion version). model size: 30.86 GB, consumed GPU mem: 33.83 GB, avail GPU mem: 24.81 GB
2026-08-18 20:49:55+08:00 [1A2026-08-18 20:49:55+08:00 Loading required modules:  33%|███▎      | 2/6 [01:36<03:09, 47.39s/it]
2026-08-18 20:49:55+08:00 [08-18 12:49:55] Loading audio_vae from /__modal/volumes/vo-AfItwkgWNIogtOJhuNluZI/hf/hub/models--MiniMaxAI--MiniMax-H3/snapshots/42ed227ee7df40d41602854ae760620d6eb651fe/FL2VA/audio_vae. avail mem: 24.81 GB
2026-08-18 20:49:56+08:00 [1A2026-08-18 20:49:56+08:00 Loading required modules:  33%|███▎      | 2/6 [01:36<03:11, 47.77s/it]
2026-08-18 20:49:56+08:00 [1A2026-08-18 20:49:56+08:00 Loading required modules:  33%|███▎      | 2/6 [01:36<03:11, 47.77s/it]
2026-08-18 20:49:56+08:00 [1A2026-08-18 20:49:56+08:00 Loading required modules:  50%|█████     | 3/6 [01:37<01:18, 26.27s/it]
2026-08-18 20:49:56+08:00 [08-18 12:49:56] Loaded audio_vae: MiniMaxH3AudioVAE (sgl-diffusion version). model size: 0.56 GB, consumed GPU mem: 0.10 GB, avail GPU mem: 24.71 GB
2026-08-18 20:49:56+08:00 [1A2026-08-18 20:49:56+08:00 Loading required modules:  50%|█████     | 3/6 [01:37<01:18, 26.27s/it]
2026-08-18 20:49:56+08:00 [1A2026-08-18 20:49:56+08:00 Loading required modules:  50%|█████     | 3/6 [01:36<01:18, 26.07s/it]
2026-08-18 20:49:56+08:00 [08-18 12:49:56] Loaded audio_vae: MiniMaxH3AudioVAE (sgl-diffusion version). model size: 0.56 GB, consumed GPU mem: 0.10 GB, avail GPU mem: 24.71 GB
2026-08-18 20:49:56+08:00 [1A2026-08-18 20:49:56+08:00 Loading required modules:  50%|█████     | 3/6 [01:37<01:18, 26.27s/it]
2026-08-18 20:49:56+08:00 [1A2026-08-18 20:49:56+08:00 Loading required modules:  50%|█████     | 3/6 [01:36<01:18, 26.07s/it]
2026-08-18 20:49:56+08:00 [08-18 12:49:56] Loading video_vae from /__modal/volumes/vo-AfItwkgWNIogtOJhuNluZI/hf/hub/models--MiniMaxAI--MiniMax-H3/snapshots/42ed227ee7df40d41602854ae760620d6eb651fe/FL2VA/video_vae. avail mem: 24.71 GB
2026-08-18 20:49:56+08:00 [1A2026-08-18 20:49:56+08:00 Loading required modules:  50%|█████     | 3/6 [01:37<01:18, 26.27s/it]
2026-08-18 20:49:56+08:00 [08-18 12:49:56] Loading video_vae from /__modal/volumes/vo-AfItwkgWNIogtOJhuNluZI/hf/hub/models--MiniMaxAI--MiniMax-H3/snapshots/42ed227ee7df40d41602854ae760620d6eb651fe/FL2VA/video_vae. avail mem: 24.71 GB
2026-08-18 20:50:07+08:00 [1A2026-08-18 20:50:07+08:00 Loading required modules:  50%|█████     | 3/6 [01:37<01:18, 26.26s/it]
2026-08-18 20:50:07+08:00 [1A2026-08-18 20:50:07+08:00 Loading required modules:  50%|█████     | 3/6 [01:37<01:18, 26.26s/it]
2026-08-18 20:50:07+08:00 [1A2026-08-18 20:50:07+08:00 Loading required modules:  67%|██████▋   | 4/6 [01:47<00:40, 20.19s/it]2026-08-18 20:50:07+08:00 Loading required modules:  67%|██████▋   | 4/6 [01:48<00:40, 20.33s/it]
2026-08-18 20:50:07+08:00 [08-18 12:50:07] Loaded video_vae: MiniMaxH3VideoVAE (sgl-diffusion version). model size: 9.7 GB, consumed GPU mem: 7.64 GB, avail GPU mem: 17.07 GB
2026-08-18 20:50:07+08:00 [1A2026-08-18 20:50:07+08:00 Loading required modules:  67%|██████▋   | 4/6 [01:48<00:40, 20.33s/it]
2026-08-18 20:50:07+08:00 [08-18 12:50:07] Loading processor from /__modal/volumes/vo-AfItwkgWNIogtOJhuNluZI/hf/hub/models--MiniMaxAI--MiniMax-H3/snapshots/42ed227ee7df40d41602854ae760620d6eb651fe/FL2VA/processor. avail mem: 17.07 GB
2026-08-18 20:50:07+08:00 [1A2026-08-18 20:50:07+08:00 Loading required modules:  67%|██████▋   | 4/6 [01:47<00:40, 20.19s/it]2026-08-18 20:50:07+08:00 Loading required modules:  67%|██████▋   | 4/6 [01:48<00:40, 20.33s/it]
2026-08-18 20:50:07+08:00 [08-18 12:50:07] Loaded video_vae: MiniMaxH3VideoVAE (sgl-diffusion version). model size: 9.7 GB, consumed GPU mem: 7.64 GB, avail GPU mem: 17.07 GB
2026-08-18 20:50:07+08:00 [1A2026-08-18 20:50:07+08:00 Loading required modules:  67%|██████▋   | 4/6 [01:48<00:40, 20.33s/it]
2026-08-18 20:50:07+08:00 [08-18 12:50:07] Loading processor from /__modal/volumes/vo-AfItwkgWNIogtOJhuNluZI/hf/hub/models--MiniMaxAI--MiniMax-H3/snapshots/42ed227ee7df40d41602854ae760620d6eb651fe/FL2VA/processor. avail mem: 17.07 GB
2026-08-18 20:50:08+08:00 [1A2026-08-18 20:50:08+08:00 Loading required modules:  67%|██████▋   | 4/6 [01:48<00:40, 20.33s/it]
2026-08-18 20:50:08+08:00 [1A2026-08-18 20:50:08+08:00 Loading required modules:  67%|██████▋   | 4/6 [01:48<00:40, 20.33s/it]
2026-08-18 20:50:08+08:00 [08-18 12:50:08] Loaded processor: Qwen3VLProcessor (sgl-diffusion version). model size: NA GB, consumed GPU mem: 0.00 GB, avail GPU mem: 17.07 GB
2026-08-18 20:50:08+08:00 [1A2026-08-18 20:50:08+08:00 Loading required modules:  83%|████████▎ | 5/6 [01:48<00:13, 13.06s/it]
2026-08-18 20:50:08+08:00 [08-18 12:50:08] Loaded processor: Qwen3VLProcessor (sgl-diffusion version). model size: NA GB, consumed GPU mem: 0.00 GB, avail GPU mem: 17.07 GB
2026-08-18 20:50:08+08:00 [08-18 12:50:08] Loading tokenizer from /__modal/volumes/vo-AfItwkgWNIogtOJhuNluZI/hf/hub/models--MiniMaxAI--MiniMax-H3/snapshots/42ed227ee7df40d41602854ae760620d6eb651fe/FL2VA/tokenizer. avail mem: 17.07 GB
2026-08-18 20:50:08+08:00 [1A2026-08-18 20:50:08+08:00 Loading required modules:  83%|████████▎ | 5/6 [01:48<00:13, 13.06s/it]
2026-08-18 20:50:08+08:00 [1A2026-08-18 20:50:08+08:00 Loading required modules:  83%|████████▎ | 5/6 [01:49<00:13, 13.13s/it]
2026-08-18 20:50:08+08:00 [08-18 12:50:08] Loading tokenizer from /__modal/volumes/vo-AfItwkgWNIogtOJhuNluZI/hf/hub/models--MiniMaxAI--MiniMax-H3/snapshots/42ed227ee7df40d41602854ae760620d6eb651fe/FL2VA/tokenizer. avail mem: 17.07 GB
2026-08-18 20:50:08+08:00 [1A2026-08-18 20:50:08+08:00 Loading required modules:  83%|████████▎ | 5/6 [01:49<00:13, 13.13s/it]
2026-08-18 20:50:08+08:00 [1A2026-08-18 20:50:08+08:00 Loading required modules:  83%|████████▎ | 5/6 [01:49<00:13, 13.13s/it]
2026-08-18 20:50:08+08:00 [1A2026-08-18 20:50:08+08:00 Loading required modules:  83%|████████▎ | 5/6 [01:49<00:13, 13.13s/it]
2026-08-18 20:50:08+08:00 [1A2026-08-18 20:50:08+08:00 Loading required modules:  83%|████████▎ | 5/6 [01:49<00:13, 13.15s/it]
2026-08-18 20:50:08+08:00 [1A2026-08-18 20:50:08+08:00 Loading required modules:  83%|████████▎ | 5/6 [01:49<00:13, 13.15s/it]
2026-08-18 20:50:08+08:00 [08-18 12:50:08] Loaded tokenizer: Qwen2Tokenizer (sgl-diffusion version). model size: NA GB, consumed GPU mem: 0.00 GB, avail GPU mem: 17.07 GB
2026-08-18 20:50:08+08:00 [08-18 12:50:08] Loaded tokenizer: Qwen2Tokenizer (sgl-diffusion version). model size: NA GB, consumed GPU mem: 0.00 GB, avail GPU mem: 17.07 GB
2026-08-18 20:50:08+08:00 [1A2026-08-18 20:50:08+08:00 Loading required modules: 100%|██████████| 6/6 [01:48<00:00,  8.73s/it]
2026-08-18 20:50:08+08:00 [1A2026-08-18 20:50:08+08:00 Loading required modules: 100%|██████████| 6/6 [01:49<00:00,  8.77s/it]
2026-08-18 20:50:08+08:00 [1A2026-08-18 20:50:08+08:00 Loading required modules: 100%|██████████| 6/6 [01:48<00:00,  8.73s/it]
2026-08-18 20:50:08+08:00 [1A2026-08-18 20:50:08+08:00 Loading required modules: 100%|██████████| 6/6 [01:49<00:00,  8.77s/it]
2026-08-18 20:50:08+08:00 [1A2026-08-18 20:50:08+08:00 Loading required modules: 100%|██████████| 6/6 [01:48<00:00, 18.10s/it]
2026-08-18 20:50:08+08:00 
2026-08-18 20:50:08+08:00 [1A2026-08-18 20:50:08+08:00 Loading required modules: 100%|██████████| 6/6 [01:49<00:00, 18.24s/it]
2026-08-18 20:50:08+08:00 [08-18 12:50:08] Creating pipeline stages...
2026-08-18 20:50:08+08:00 [1A2026-08-18 20:50:08+08:00 Loading required modules: 100%|██████████| 6/6 [01:48<00:00, 18.10s/it]
2026-08-18 20:50:08+08:00 [08-18 12:50:08] Using fa attention backend
2026-08-18 20:50:08+08:00 [08-18 12:50:08] Pipeline instantiated
2026-08-18 20:50:08+08:00 
2026-08-18 20:50:08+08:00 [08-18 12:50:08] Worker 0: Initialized device, model, and distributed environment.
2026-08-18 20:50:08+08:00 [1A2026-08-18 20:50:08+08:00 Loading required modules: 100%|██████████| 6/6 [01:49<00:00, 18.24s/it]
2026-08-18 20:50:08+08:00 [08-18 12:50:08] Worker 0: Scheduler loop started.
2026-08-18 20:50:08+08:00 [08-18 12:50:08] Creating pipeline stages...
2026-08-18 20:50:08+08:00 
2026-08-18 20:50:08+08:00 [08-18 12:50:08] Using fa attention backend
2026-08-18 20:50:08+08:00 [08-18 12:50:08] Pipeline instantiated
2026-08-18 20:50:08+08:00 [1A2026-08-18 20:50:08+08:00 Loading required modules: 100%|██████████| 6/6 [01:49<00:00,  8.78s/it]2026-08-18 20:50:08+08:00 Loading required modules: 100%|██████████| 6/6 [01:49<00:00, 18.25s/it]
2026-08-18 20:50:08+08:00 [08-18 12:50:08] Worker 0: Initialized device, model, and distributed environment.
2026-08-18 20:50:08+08:00 
2026-08-18 20:50:08+08:00 [08-18 12:50:08] Worker 0: Scheduler loop started.
2026-08-18 20:50:08+08:00 [1A2026-08-18 20:50:08+08:00 Loading required modules: 100%|██████████| 6/6 [01:49<00:00,  8.79s/it]2026-08-18 20:50:08+08:00 Loading required modules: 100%|██████████| 6/6 [01:49<00:00, 18.25s/it]
2026-08-18 20:50:08+08:00 
2026-08-18 20:50:08+08:00 [08-18 12:50:08] Starting FastAPI server.
2026-08-18 20:50:08+08:00 [1A2026-08-18 20:50:08+08:00 Loading required modules: 100%|██████████| 6/6 [01:49<00:00,  8.78s/it]2026-08-18 20:50:08+08:00 Loading required modules: 100%|██████████| 6/6 [01:49<00:00, 18.25s/it]
2026-08-18 20:50:08+08:00 
2026-08-18 20:50:08+08:00 [1A2026-08-18 20:50:08+08:00 Loading required modules: 100%|██████████| 6/6 [01:49<00:00,  8.79s/it]2026-08-18 20:50:08+08:00 Loading required modules: 100%|██████████| 6/6 [01:49<00:00, 18.25s/it]
2026-08-18 20:50:08+08:00 [08-18 12:50:08] Starting FastAPI server.
2026-08-18 20:50:08+08:00 [2026-08-18 12:50:08] [32mINFO[0m:     Started server process [[36m28[0m]
2026-08-18 20:50:08+08:00 [2026-08-18 12:50:08] [32mINFO[0m:     Waiting for application startup.
2026-08-18 20:50:08+08:00 [08-18 12:50:08] ZMQ Broker is listening for offline jobs on tcp://127.0.0.1:30011
2026-08-18 20:50:08+08:00 [2026-08-18 12:50:08] [32mINFO[0m:     Application startup complete.
2026-08-18 20:50:08+08:00 [2026-08-18 12:50:08] [32mINFO[0m:     Uvicorn running on [1mhttp://0.0.0.0:30010[0m (Press CTRL+C to quit)
2026-08-18 20:50:08+08:00 [2026-08-18 12:50:08] [32mINFO[0m:     172.20.8.115:51077 - "[1mGET /health HTTP/1.1[0m" [32m200 OK[0m
2026-08-18 20:50:08+08:00 [2026-08-18 12:50:08] [32mINFO[0m:     172.20.8.115:28105 - "[1mGET /health HTTP/1.1[0m" [32m200 OK[0m
2026-08-18 20:50:08+08:00 [2026-08-18 12:50:08] [32mINFO[0m:     172.20.8.115:51077 - "[1mGET /health HTTP/1.1[0m" [32m200 OK[0m
2026-08-18 20:50:08+08:00 [2026-08-18 12:50:08] [32mINFO[0m:     Started server process [[36m28[0m]
2026-08-18 20:50:08+08:00 [2026-08-18 12:50:08] [32mINFO[0m:     Waiting for application startup.
2026-08-18 20:50:08+08:00 [08-18 12:50:08] ZMQ Broker is listening for offline jobs on tcp://127.0.0.1:30011
2026-08-18 20:50:08+08:00 [2026-08-18 12:50:08] [32mINFO[0m:     Application startup complete.
2026-08-18 20:50:08+08:00 [2026-08-18 12:50:08] [32mINFO[0m:     Uvicorn running on [1mhttp://0.0.0.0:30010[0m (Press CTRL+C to quit)
2026-08-18 20:50:08+08:00 [2026-08-18 12:50:08] [32mINFO[0m:     172.20.8.115:51077 - "[1mGET /health HTTP/1.1[0m" [32m200 OK[0m
2026-08-18 20:50:08+08:00 [2026-08-18 12:50:08] [32mINFO[0m:     172.20.8.115:28105 - "[1mGET /health HTTP/1.1[0m" [32m200 OK[0m
2026-08-18 20:50:08+08:00 [2026-08-18 12:50:08] [32mINFO[0m:     172.20.8.115:51077 - "[1mGET /health HTTP/1.1[0m" [32m200 OK[0m
2026-08-18 20:50:09+08:00 [2026-08-18 12:50:09] [32mINFO[0m:     127.0.0.1:62250 - "[1mGET /health HTTP/1.1[0m" [32m200 OK[0m
2026-08-18 20:50:09+08:00 [2026-08-18 12:50:09] [32mINFO[0m:     127.0.0.1:62250 - "[1mGET /health HTTP/1.1[0m" [32m200 OK[0m
2026-08-18 20:50:09+08:00 
2026-08-18 20:50:09+08:00 
[1AWarmup requests:   0%|          | 0/1 [00:00<?, ?req/s]2026-08-18 20:50:41+08:00 
[1AWarmup requests:   0%|          | 0/1 [00:00<?, ?req/s]2026-08-18 20:50:41+08:00 
2026-08-18 20:50:41+08:00 [1A2026-08-18 20:50:41+08:00 Warmup requests: 100%|██████████| 1/1 [00:32<00:00, 32.42s/req, server warmup req (1344x768x124f, 2/50 steps), last=32.42s]
2026-08-18 20:50:41+08:00 [1A2026-08-18 20:50:41+08:00 Warmup requests: 100%|██████████| 1/1 [00:32<00:00, 32.42s/req, server warmup req (1344x768x124f, 2/50 steps), last=32.42s]
2026-08-18 20:50:41+08:00 [1A2026-08-18 20:50:41+08:00 Warmup requests: 100%|██████████| 1/1 [00:32<00:00, 32.42s/req, server warmup req (1344x768x124f, 2/50 steps), last=32.42s]
2026-08-18 20:50:41+08:00 [1A2026-08-18 20:50:41+08:00 Warmup requests: 100%|██████████| 1/1 [00:32<00:00, 32.42s/req, server warmup req (1344x768x124f, 2/50 steps), last=32.42s]
2026-08-18 20:50:41+08:00 [08-18 12:50:41] The server is fired up and ready to roll!
2026-08-18 20:50:41+08:00 [08-18 12:50:41] Adjusting number of frames from 1 to 1 based on model
2026-08-18 20:50:41+08:00 [08-18 12:50:41] Adjusting number of frames from 1 to 13 based on number of GPUs (4)
2026-08-18 20:50:42+08:00 [2026-08-18 12:50:42] [32mINFO[0m:     172.20.8.115:18007 - "[1mPOST /v1/videos HTTP/1.1[0m" [32m200 OK[0m
2026-08-18 20:50:41+08:00 [08-18 12:50:41] The server is fired up and ready to roll!
2026-08-18 20:50:41+08:00 [08-18 12:50:41] Adjusting number of frames from 1 to 1 based on model
2026-08-18 20:50:41+08:00 [08-18 12:50:41] Adjusting number of frames from 1 to 13 based on number of GPUs (4)
2026-08-18 20:50:42+08:00 [2026-08-18 12:50:42] [32mINFO[0m:     172.20.8.115:18007 - "[1mPOST /v1/videos HTTP/1.1[0m" [32m200 OK[0m
2026-08-18 20:50:42+08:00 [08-18 12:50:42] Sampling params:
2026-08-18 20:50:42+08:00                        width: 1344
2026-08-18 20:50:42+08:00                       height: 768
2026-08-18 20:50:42+08:00                   num_frames: 124
2026-08-18 20:50:42+08:00                          fps: 24
2026-08-18 20:50:42+08:00                       prompt: <redacted, len=308>
2026-08-18 20:50:42+08:00                   neg_prompt: None
2026-08-18 20:50:42+08:00                         seed: 1101
2026-08-18 20:50:42+08:00                  infer_steps: 50
2026-08-18 20:50:42+08:00       num_outputs_per_prompt: 1
2026-08-18 20:50:42+08:00               guidance_scale: 1.0
2026-08-18 20:50:42+08:00      embedded_guidance_scale: 6.0
2026-08-18 20:50:42+08:00                     n_tokens: None
2026-08-18 20:50:42+08:00                   flow_shift: 12.0
2026-08-18 20:50:42+08:00                   image_path: None
2026-08-18 20:50:42+08:00                  save_output: True
2026-08-18 20:50:42+08:00             output_file_path: outputs/9e3e21ea-ef51-4c75-94b5-89a0d65e9667.mp4
2026-08-18 20:50:42+08:00         
2026-08-18 20:50:42+08:00 [08-18 12:50:42] Running pipeline stages: ['InputValidationStage', 'MiniMaxH3PartitionAdmissionStage', 'MiniMaxH3TextEncodingStage', 'MiniMaxH3VisualEncodingStage', 'MiniMaxH3AudioEncodingStage', 'MiniMaxH3LatentPreparationStage', 'MiniMaxH3TimestepPreparationStage', 'MiniMaxH3DenoisingStage', 'MiniMaxH3DecodingStage']
2026-08-18 20:50:42+08:00 [08-18 12:50:42] [InputValidationStage] started...
2026-08-18 20:50:42+08:00 [08-18 12:50:42] [InputValidationStage] finished in 0.0000 seconds
2026-08-18 20:50:42+08:00 [08-18 12:50:42] Sampling params:
2026-08-18 20:50:42+08:00                        width: 1344
2026-08-18 20:50:42+08:00                       height: 768
2026-08-18 20:50:42+08:00                   num_frames: 124
2026-08-18 20:50:42+08:00                          fps: 24
2026-08-18 20:50:42+08:00                       prompt: <redacted, len=308>
2026-08-18 20:50:42+08:00                   neg_prompt: None
2026-08-18 20:50:42+08:00                         seed: 1101
2026-08-18 20:50:42+08:00                  infer_steps: 50
2026-08-18 20:50:42+08:00       num_outputs_per_prompt: 1
2026-08-18 20:50:42+08:00               guidance_scale: 1.0
2026-08-18 20:50:42+08:00      embedded_guidance_scale: 6.0
2026-08-18 20:50:42+08:00                     n_tokens: None
2026-08-18 20:50:42+08:00 [08-18 12:50:42] [MiniMaxH3PartitionAdmissionStage] started...
2026-08-18 20:50:42+08:00                   flow_shift: 12.0
2026-08-18 20:50:42+08:00                   image_path: None
2026-08-18 20:50:42+08:00 [08-18 12:50:42] [MiniMaxH3PartitionAdmissionStage] finished in 0.0000 seconds
2026-08-18 20:50:42+08:00                  save_output: True
2026-08-18 20:50:42+08:00 [08-18 12:50:42] [MiniMaxH3TextEncodingStage] started...
2026-08-18 20:50:42+08:00             output_file_path: outputs/9e3e21ea-ef51-4c75-94b5-89a0d65e9667.mp4
2026-08-18 20:50:42+08:00         
2026-08-18 20:50:42+08:00 [08-18 12:50:42] Running pipeline stages: ['InputValidationStage', 'MiniMaxH3PartitionAdmissionStage', 'MiniMaxH3TextEncodingStage', 'MiniMaxH3VisualEncodingStage', 'MiniMaxH3AudioEncodingStage', 'MiniMaxH3LatentPreparationStage', 'MiniMaxH3TimestepPreparationStage', 'MiniMaxH3DenoisingStage', 'MiniMaxH3DecodingStage']
2026-08-18 20:50:42+08:00 [08-18 12:50:42] [InputValidationStage] started...
2026-08-18 20:50:42+08:00 [08-18 12:50:42] [InputValidationStage] finished in 0.0000 seconds
2026-08-18 20:50:42+08:00 [08-18 12:50:42] [MiniMaxH3PartitionAdmissionStage] started...
2026-08-18 20:50:42+08:00 [08-18 12:50:42] [MiniMaxH3PartitionAdmissionStage] finished in 0.0000 seconds
2026-08-18 20:50:42+08:00 [08-18 12:50:42] [MiniMaxH3TextEncodingStage] started...
2026-08-18 20:50:42+08:00 Task exception was never retrieved
2026-08-18 20:50:42+08:00 future: <Task finished name='Task-909' coro=<_proxy_http_request.<locals>.send_response() done, defined at /pkg/modal/_runtime/asgi.py:375> exception=ClientPayloadError("Response payload is not completed: <ContentLengthError: 400, message='Not enough data to satisfy content length header (received 0 of 465 bytes).'>")>
2026-08-18 20:50:42+08:00 Traceback (most recent call last):
2026-08-18 20:50:42+08:00   File "/usr/local/lib/python3.11/site-packages/aiohttp/client_proto.py", line 143, in connection_lost
2026-08-18 20:50:42+08:00     uncompleted = self._parser.feed_eof()
2026-08-18 20:50:42+08:00                   ^^^^^^^^^^^^^^^^^^^^^^^
2026-08-18 20:50:42+08:00   File "aiohttp/_http_parser.pyx", line 594, in aiohttp._http_parser.HttpParser.feed_eof
2026-08-18 20:50:42+08:00 aiohttp.http_exceptions.ContentLengthError: 400, message:
2026-08-18 20:50:42+08:00   Not enough data to satisfy content length header (received 0 of 465 bytes).
2026-08-18 20:50:42+08:00 
2026-08-18 20:50:42+08:00 The above exception was the direct cause of the following exception:
2026-08-18 20:50:42+08:00 
2026-08-18 20:50:42+08:00 Traceback (most recent call last):
2026-08-18 20:50:42+08:00   File "/pkg/modal/_runtime/asgi.py", line 382, in send_response
2026-08-18 20:50:42+08:00     async for data in proxy_response.content.iter_any():
2026-08-18 20:50:42+08:00   File "/usr/local/lib/python3.11/site-packages/aiohttp/streams.py", line 46, in __anext__
2026-08-18 20:50:42+08:00     rv = await self.read_func()
2026-08-18 20:50:42+08:00          ^^^^^^^^^^^^^^^^^^^^^^
2026-08-18 20:50:42+08:00   File "/usr/local/lib/python3.11/site-packages/aiohttp/streams.py", line 460, in readany
2026-08-18 20:50:42+08:00     await self._wait("readany")
2026-08-18 20:50:42+08:00   File "/usr/local/lib/python3.11/site-packages/aiohttp/streams.py", line 365, in _wait
2026-08-18 20:50:42+08:00     await waiter
2026-08-18 20:50:42+08:00 aiohttp.client_exceptions.ClientPayloadError: Response payload is not completed: <ContentLengthError: 400, message='Not enough data to satisfy content length header (received 0 of 465 bytes).'>
2026-08-18 20:50:42+08:00 Task exception was never retrieved
2026-08-18 20:50:42+08:00 future: <Task finished name='Task-909' coro=<_proxy_http_request.<locals>.send_response() done, defined at /pkg/modal/_runtime/asgi.py:375> exception=ClientPayloadError("Response payload is not completed: <ContentLengthError: 400, message='Not enough data to satisfy content length header (received 0 of 465 bytes).'>")>
2026-08-18 20:50:42+08:00 Traceback (most recent call last):
2026-08-18 20:50:42+08:00   File "/usr/local/lib/python3.11/site-packages/aiohttp/client_proto.py", line 143, in connection_lost
2026-08-18 20:50:42+08:00     uncompleted = self._parser.feed_eof()
2026-08-18 20:50:42+08:00                   ^^^^^^^^^^^^^^^^^^^^^^^
2026-08-18 20:50:42+08:00   File "aiohttp/_http_parser.pyx", line 594, in aiohttp._http_parser.HttpParser.feed_eof
2026-08-18 20:50:42+08:00 aiohttp.http_exceptions.ContentLengthError: 400, message:
2026-08-18 20:50:42+08:00   Not enough data to satisfy content length header (received 0 of 465 bytes).
2026-08-18 20:50:42+08:00 
2026-08-18 20:50:42+08:00 The above exception was the direct cause of the following exception:
2026-08-18 20:50:42+08:00 
2026-08-18 20:50:42+08:00 Traceback (most recent call last):
2026-08-18 20:50:42+08:00   File "/pkg/modal/_runtime/asgi.py", line 382, in send_response
2026-08-18 20:50:42+08:00     async for data in proxy_response.content.iter_any():
2026-08-18 20:50:42+08:00   File "/usr/local/lib/python3.11/site-packages/aiohttp/streams.py", line 46, in __anext__
2026-08-18 20:50:42+08:00     rv = await self.read_func()
2026-08-18 20:50:42+08:00          ^^^^^^^^^^^^^^^^^^^^^^
2026-08-18 20:50:42+08:00   File "/usr/local/lib/python3.11/site-packages/aiohttp/streams.py", line 460, in readany
2026-08-18 20:50:42+08:00     await self._wait("readany")
2026-08-18 20:50:42+08:00   File "/usr/local/lib/python3.11/site-packages/aiohttp/streams.py", line 365, in _wait
2026-08-18 20:50:42+08:00     await waiter
2026-08-18 20:50:42+08:00 aiohttp.client_exceptions.ClientPayloadError: Response payload is not completed: <ContentLengthError: 400, message='Not enough data to satisfy content length header (received 0 of 465 bytes).'>
2026-08-18 20:50:42+08:00 [08-18 12:50:42] [MiniMaxH3TextEncodingStage] finished in 0.0577 seconds
2026-08-18 20:50:42+08:00 [08-18 12:50:42] [MiniMaxH3VisualEncodingStage] started...
2026-08-18 20:50:42+08:00 [08-18 12:50:42] [MiniMaxH3VisualEncodingStage] finished in 0.0000 seconds
2026-08-18 20:50:42+08:00 [08-18 12:50:42] [MiniMaxH3AudioEncodingStage] started...
2026-08-18 20:50:42+08:00 [08-18 12:50:42] [MiniMaxH3AudioEncodingStage] finished in 0.0000 seconds
2026-08-18 20:50:42+08:00 [08-18 12:50:42] [MiniMaxH3LatentPreparationStage] started...
2026-08-18 20:50:42+08:00 [08-18 12:50:42] [MiniMaxH3LatentPreparationStage] finished in 0.0254 seconds
2026-08-18 20:50:42+08:00 [08-18 12:50:42] [MiniMaxH3TimestepPreparationStage] started...
2026-08-18 20:50:42+08:00 [08-18 12:50:42] [MiniMaxH3TimestepPreparationStage] finished in 0.0003 seconds
2026-08-18 20:50:42+08:00 [08-18 12:50:42] [MiniMaxH3DenoisingStage] started...
2026-08-18 20:50:42+08:00 
2026-08-18 20:50:42+08:00 [08-18 12:50:42] [MiniMaxH3TextEncodingStage] finished in 0.0577 seconds
2026-08-18 20:50:42+08:00 [08-18 12:50:42] [MiniMaxH3VisualEncodingStage] started...
2026-08-18 20:50:42+08:00 [08-18 12:50:42] [MiniMaxH3VisualEncodingStage] finished in 0.0000 seconds
2026-08-18 20:50:42+08:00 [08-18 12:50:42] [MiniMaxH3AudioEncodingStage] started...
2026-08-18 20:50:42+08:00 [08-18 12:50:42] [MiniMaxH3AudioEncodingStage] finished in 0.0000 seconds
2026-08-18 20:50:42+08:00 [08-18 12:50:42] [MiniMaxH3LatentPreparationStage] started...
2026-08-18 20:50:42+08:00 [08-18 12:50:42] [MiniMaxH3LatentPreparationStage] finished in 0.0254 seconds
2026-08-18 20:50:42+08:00 [08-18 12:50:42] [MiniMaxH3TimestepPreparationStage] started...
2026-08-18 20:50:42+08:00 [08-18 12:50:42] [MiniMaxH3TimestepPreparationStage] finished in 0.0003 seconds
2026-08-18 20:50:42+08:00 [08-18 12:50:42] [MiniMaxH3DenoisingStage] started...
2026-08-18 20:50:42+08:00 
2026-08-18 20:50:42+08:00 [1A2026-08-18 20:50:42+08:00 minimax_h3 denoise:   0%|          | 0/49 [00:00<?, ?it/s]
2026-08-18 20:50:42+08:00 [1A2026-08-18 20:50:42+08:00 minimax_h3 denoise:   0%|          | 0/49 [00:00<?, ?it/s]
2026-08-18 20:50:43+08:00 [1A2026-08-18 20:50:43+08:00 minimax_h3 denoise:   2%|▏         | 1/49 [00:00<00:12,  3.75it/s]
2026-08-18 20:50:43+08:00 [1A2026-08-18 20:50:43+08:00 minimax_h3 denoise:   2%|▏         | 1/49 [00:00<00:12,  3.75it/s]
2026-08-18 20:50:45+08:00 [1A2026-08-18 20:50:45+08:00 minimax_h3 denoise:   4%|▍         | 2/49 [00:01<00:46,  1.00it/s]
2026-08-18 20:50:45+08:00 [1A2026-08-18 20:50:45+08:00 minimax_h3 denoise:   4%|▍         | 2/49 [00:01<00:46,  1.00it/s]
2026-08-18 20:50:46+08:00 [1A2026-08-18 20:50:46+08:00 minimax_h3 denoise:   6%|▌         | 3/49 [00:03<00:57,  1.24s/it]
2026-08-18 20:50:46+08:00 [1A2026-08-18 20:50:46+08:00 minimax_h3 denoise:   6%|▌         | 3/49 [00:03<00:57,  1.24s/it]
2026-08-18 20:50:48+08:00 [1A2026-08-18 20:50:48+08:00 minimax_h3 denoise:   8%|▊         | 4/49 [00:04<01:00,  1.35s/it]
2026-08-18 20:50:48+08:00 [1A2026-08-18 20:50:48+08:00 minimax_h3 denoise:   8%|▊         | 4/49 [00:04<01:00,  1.35s/it]
2026-08-18 20:50:49+08:00 [1A2026-08-18 20:50:49+08:00 minimax_h3 denoise:  10%|█         | 5/49 [00:06<01:02,  1.41s/it]
2026-08-18 20:50:49+08:00 [1A2026-08-18 20:50:49+08:00 minimax_h3 denoise:  10%|█         | 5/49 [00:06<01:02,  1.41s/it]
2026-08-18 20:50:51+08:00 [1A2026-08-18 20:50:51+08:00 minimax_h3 denoise:  12%|█▏        | 6/49 [00:07<01:02,  1.44s/it]
2026-08-18 20:50:51+08:00 [1A2026-08-18 20:50:51+08:00 minimax_h3 denoise:  12%|█▏        | 6/49 [00:07<01:02,  1.44s/it]
2026-08-18 20:50:53+08:00 [1A2026-08-18 20:50:53+08:00 minimax_h3 denoise:  14%|█▍        | 7/49 [00:09<01:01,  1.47s/it]
2026-08-18 20:50:53+08:00 [1A2026-08-18 20:50:53+08:00 minimax_h3 denoise:  14%|█▍        | 7/49 [00:09<01:01,  1.47s/it]
2026-08-18 20:50:54+08:00 [1A2026-08-18 20:50:54+08:00 minimax_h3 denoise:  16%|█▋        | 8/49 [00:10<01:00,  1.48s/it]
2026-08-18 20:50:54+08:00 [1A2026-08-18 20:50:54+08:00 minimax_h3 denoise:  16%|█▋        | 8/49 [00:10<01:00,  1.48s/it]
2026-08-18 20:50:56+08:00 [1A2026-08-18 20:50:56+08:00 minimax_h3 denoise:  18%|█▊        | 9/49 [00:12<00:59,  1.49s/it]
2026-08-18 20:50:56+08:00 [1A2026-08-18 20:50:56+08:00 minimax_h3 denoise:  18%|█▊        | 9/49 [00:12<00:59,  1.49s/it]
2026-08-18 20:50:57+08:00 [1A2026-08-18 20:50:57+08:00 minimax_h3 denoise:  20%|██        | 10/49 [00:13<00:58,  1.50s/it]
2026-08-18 20:50:57+08:00 [1A2026-08-18 20:50:57+08:00 minimax_h3 denoise:  20%|██        | 10/49 [00:13<00:58,  1.50s/it]
2026-08-18 20:50:59+08:00 [1A2026-08-18 20:50:59+08:00 minimax_h3 denoise:  22%|██▏       | 11/49 [00:15<00:57,  1.50s/it]
2026-08-18 20:50:59+08:00 [1A2026-08-18 20:50:59+08:00 minimax_h3 denoise:  22%|██▏       | 11/49 [00:15<00:57,  1.50s/it]
2026-08-18 20:51:00+08:00 [1A2026-08-18 20:51:00+08:00 minimax_h3 denoise:  24%|██▍       | 12/49 [00:16<00:55,  1.50s/it]
2026-08-18 20:51:00+08:00 [1A2026-08-18 20:51:00+08:00 minimax_h3 denoise:  24%|██▍       | 12/49 [00:16<00:55,  1.50s/it]
2026-08-18 20:51:02+08:00 [1A2026-08-18 20:51:02+08:00 minimax_h3 denoise:  27%|██▋       | 13/49 [00:18<00:54,  1.51s/it]
2026-08-18 20:51:02+08:00 [1A2026-08-18 20:51:02+08:00 minimax_h3 denoise:  27%|██▋       | 13/49 [00:18<00:54,  1.51s/it]
2026-08-18 20:51:03+08:00 [1A2026-08-18 20:51:03+08:00 minimax_h3 denoise:  29%|██▊       | 14/49 [00:19<00:52,  1.51s/it]
2026-08-18 20:51:03+08:00 [1A2026-08-18 20:51:03+08:00 minimax_h3 denoise:  29%|██▊       | 14/49 [00:19<00:52,  1.51s/it]
2026-08-18 20:51:05+08:00 [1A2026-08-18 20:51:05+08:00 minimax_h3 denoise:  31%|███       | 15/49 [00:21<00:51,  1.51s/it]
2026-08-18 20:51:05+08:00 [1A2026-08-18 20:51:05+08:00 minimax_h3 denoise:  31%|███       | 15/49 [00:21<00:51,  1.51s/it]
2026-08-18 20:51:06+08:00 [1A2026-08-18 20:51:06+08:00 minimax_h3 denoise:  33%|███▎      | 16/49 [00:22<00:49,  1.51s/it]
2026-08-18 20:51:06+08:00 [1A2026-08-18 20:51:06+08:00 minimax_h3 denoise:  33%|███▎      | 16/49 [00:22<00:49,  1.51s/it]
2026-08-18 20:51:08+08:00 [1A2026-08-18 20:51:08+08:00 minimax_h3 denoise:  35%|███▍      | 17/49 [00:24<00:48,  1.51s/it]
2026-08-18 20:51:08+08:00 [1A2026-08-18 20:51:08+08:00 minimax_h3 denoise:  35%|███▍      | 17/49 [00:24<00:48,  1.51s/it]
2026-08-18 20:51:09+08:00 [1A2026-08-18 20:51:09+08:00 minimax_h3 denoise:  37%|███▋      | 18/49 [00:25<00:46,  1.51s/it]
2026-08-18 20:51:09+08:00 [1A2026-08-18 20:51:09+08:00 minimax_h3 denoise:  37%|███▋      | 18/49 [00:25<00:46,  1.51s/it]
2026-08-18 20:51:11+08:00 [1A2026-08-18 20:51:11+08:00 minimax_h3 denoise:  39%|███▉      | 19/49 [00:27<00:45,  1.51s/it]
2026-08-18 20:51:11+08:00 [1A2026-08-18 20:51:11+08:00 minimax_h3 denoise:  39%|███▉      | 19/49 [00:27<00:45,  1.51s/it]
2026-08-18 20:51:12+08:00 [1A2026-08-18 20:51:12+08:00 minimax_h3 denoise:  41%|████      | 20/49 [00:29<00:43,  1.51s/it]
2026-08-18 20:51:12+08:00 [1A2026-08-18 20:51:12+08:00 minimax_h3 denoise:  41%|████      | 20/49 [00:29<00:43,  1.51s/it]
2026-08-18 20:51:12+08:00 [2026-08-18 12:51:12] [32mINFO[0m:     172.20.8.115:16271 - "[1mGET /health HTTP/1.1[0m" [32m200 OK[0m
2026-08-18 20:51:12+08:00 [2026-08-18 12:51:12] [32mINFO[0m:     172.20.8.115:16271 - "[1mGET /health HTTP/1.1[0m" [32m200 OK[0m
2026-08-18 20:51:12+08:00     GET /health -> 200 OK  (duration: 82.7 ms, execution: 28.4 ms)
2026-08-18 20:51:12+08:00     GET /health -> 200 OK  (duration: 82.7 ms, execution: 28.4 ms)
2026-08-18 20:51:14+08:00 [1A2026-08-18 20:51:14+08:00 minimax_h3 denoise:  43%|████▎     | 21/49 [00:30<00:42,  1.51s/it]
2026-08-18 20:51:14+08:00 [1A2026-08-18 20:51:14+08:00 minimax_h3 denoise:  43%|████▎     | 21/49 [00:30<00:42,  1.51s/it]
2026-08-18 20:51:15+08:00 [1A2026-08-18 20:51:15+08:00 minimax_h3 denoise:  45%|████▍     | 22/49 [00:32<00:40,  1.51s/it]
2026-08-18 20:51:15+08:00 [1A2026-08-18 20:51:15+08:00 minimax_h3 denoise:  45%|████▍     | 22/49 [00:32<00:40,  1.51s/it]
2026-08-18 20:51:17+08:00 [1A2026-08-18 20:51:17+08:00 minimax_h3 denoise:  47%|████▋     | 23/49 [00:33<00:39,  1.51s/it]
2026-08-18 20:51:17+08:00 [1A2026-08-18 20:51:17+08:00 minimax_h3 denoise:  47%|████▋     | 23/49 [00:33<00:39,  1.51s/it]
2026-08-18 20:51:18+08:00 [1A2026-08-18 20:51:18+08:00 minimax_h3 denoise:  49%|████▉     | 24/49 [00:35<00:37,  1.51s/it]
2026-08-18 20:51:18+08:00 [1A2026-08-18 20:51:18+08:00 minimax_h3 denoise:  49%|████▉     | 24/49 [00:35<00:37,  1.51s/it]
2026-08-18 20:51:20+08:00 [1A2026-08-18 20:51:20+08:00 minimax_h3 denoise:  51%|█████     | 25/49 [00:36<00:36,  1.51s/it]
2026-08-18 20:51:20+08:00 [1A2026-08-18 20:51:20+08:00 minimax_h3 denoise:  51%|█████     | 25/49 [00:36<00:36,  1.51s/it]
2026-08-18 20:51:21+08:00 [1A2026-08-18 20:51:21+08:00 minimax_h3 denoise:  53%|█████▎    | 26/49 [00:38<00:34,  1.51s/it]
2026-08-18 20:51:21+08:00 [1A2026-08-18 20:51:21+08:00 minimax_h3 denoise:  53%|█████▎    | 26/49 [00:38<00:34,  1.51s/it]
2026-08-18 20:51:23+08:00 [1A2026-08-18 20:51:23+08:00 minimax_h3 denoise:  55%|█████▌    | 27/49 [00:39<00:33,  1.51s/it]
2026-08-18 20:51:23+08:00 [1A2026-08-18 20:51:23+08:00 minimax_h3 denoise:  55%|█████▌    | 27/49 [00:39<00:33,  1.51s/it]
2026-08-18 20:51:24+08:00 [1A2026-08-18 20:51:24+08:00 minimax_h3 denoise:  57%|█████▋    | 28/49 [00:41<00:31,  1.51s/it]
2026-08-18 20:51:24+08:00 [1A2026-08-18 20:51:24+08:00 minimax_h3 denoise:  57%|█████▋    | 28/49 [00:41<00:31,  1.51s/it]
2026-08-18 20:51:26+08:00 [1A2026-08-18 20:51:26+08:00 minimax_h3 denoise:  59%|█████▉    | 29/49 [00:42<00:30,  1.51s/it]
2026-08-18 20:51:26+08:00 [1A2026-08-18 20:51:26+08:00 minimax_h3 denoise:  59%|█████▉    | 29/49 [00:42<00:30,  1.51s/it]
2026-08-18 20:51:27+08:00 [1A2026-08-18 20:51:27+08:00 minimax_h3 denoise:  61%|██████    | 30/49 [00:44<00:28,  1.51s/it]
2026-08-18 20:51:27+08:00 [1A2026-08-18 20:51:27+08:00 minimax_h3 denoise:  61%|██████    | 30/49 [00:44<00:28,  1.51s/it]
[1Aminimax_h3 denoise:  63%|██████▎   | 31/49 [00:45<00:27,  1.51s/it]2026-08-18 20:51:29+08:00 
2026-08-18 20:51:29+08:00 [1A2026-08-18 20:51:29+08:00 minimax_h3 denoise:  63%|██████▎   | 31/49 [00:45<00:27,  1.51s/it]
2026-08-18 20:51:30+08:00 [1A2026-08-18 20:51:30+08:00 minimax_h3 denoise:  65%|██████▌   | 32/49 [00:47<00:25,  1.51s/it]
[1Aminimax_h3 denoise:  65%|██████▌   | 32/49 [00:47<00:25,  1.51s/it]2026-08-18 20:51:30+08:00 
2026-08-18 20:51:32+08:00 [1A2026-08-18 20:51:32+08:00 minimax_h3 denoise:  67%|██████▋   | 33/49 [00:48<00:24,  1.51s/it]
2026-08-18 20:51:32+08:00 [1A2026-08-18 20:51:32+08:00 minimax_h3 denoise:  67%|██████▋   | 33/49 [00:48<00:24,  1.51s/it]
2026-08-18 20:51:33+08:00 [1A2026-08-18 20:51:33+08:00 minimax_h3 denoise:  69%|██████▉   | 34/49 [00:50<00:22,  1.51s/it]
2026-08-18 20:51:33+08:00 [1A2026-08-18 20:51:33+08:00 minimax_h3 denoise:  69%|██████▉   | 34/49 [00:50<00:22,  1.51s/it]
2026-08-18 20:51:35+08:00 [1A2026-08-18 20:51:35+08:00 minimax_h3 denoise:  71%|███████▏  | 35/49 [00:51<00:21,  1.51s/it]
2026-08-18 20:51:35+08:00 [1A2026-08-18 20:51:35+08:00 minimax_h3 denoise:  71%|███████▏  | 35/49 [00:51<00:21,  1.51s/it]
2026-08-18 20:51:36+08:00 [1A2026-08-18 20:51:36+08:00 minimax_h3 denoise:  73%|███████▎  | 36/49 [00:53<00:19,  1.51s/it]
2026-08-18 20:51:36+08:00 [1A2026-08-18 20:51:36+08:00 minimax_h3 denoise:  73%|███████▎  | 36/49 [00:53<00:19,  1.51s/it]
2026-08-18 20:51:38+08:00 [1A2026-08-18 20:51:38+08:00 minimax_h3 denoise:  76%|███████▌  | 37/49 [00:54<00:18,  1.51s/it]
2026-08-18 20:51:38+08:00 [1A2026-08-18 20:51:38+08:00 minimax_h3 denoise:  76%|███████▌  | 37/49 [00:54<00:18,  1.51s/it]
2026-08-18 20:51:39+08:00 [1A2026-08-18 20:51:39+08:00 minimax_h3 denoise:  78%|███████▊  | 38/49 [00:56<00:16,  1.51s/it]
2026-08-18 20:51:39+08:00 [1A2026-08-18 20:51:39+08:00 minimax_h3 denoise:  78%|███████▊  | 38/49 [00:56<00:16,  1.51s/it]
2026-08-18 20:51:41+08:00 [1A2026-08-18 20:51:41+08:00 minimax_h3 denoise:  80%|███████▉  | 39/49 [00:57<00:15,  1.51s/it]
2026-08-18 20:51:41+08:00 [1A2026-08-18 20:51:41+08:00 minimax_h3 denoise:  80%|███████▉  | 39/49 [00:57<00:15,  1.51s/it]
2026-08-18 20:51:42+08:00 [1A2026-08-18 20:51:42+08:00 minimax_h3 denoise:  82%|████████▏ | 40/49 [00:59<00:13,  1.51s/it]
2026-08-18 20:51:42+08:00 [1A2026-08-18 20:51:42+08:00 minimax_h3 denoise:  82%|████████▏ | 40/49 [00:59<00:13,  1.51s/it]
2026-08-18 20:51:44+08:00 [1A2026-08-18 20:51:44+08:00 minimax_h3 denoise:  84%|████████▎ | 41/49 [01:00<00:12,  1.51s/it]
2026-08-18 20:51:44+08:00 [1A2026-08-18 20:51:44+08:00 minimax_h3 denoise:  84%|████████▎ | 41/49 [01:00<00:12,  1.51s/it]
2026-08-18 20:51:45+08:00 [1A2026-08-18 20:51:45+08:00 minimax_h3 denoise:  86%|████████▌ | 42/49 [01:02<00:10,  1.51s/it]
2026-08-18 20:51:45+08:00 [1A2026-08-18 20:51:45+08:00 minimax_h3 denoise:  86%|████████▌ | 42/49 [01:02<00:10,  1.51s/it]
2026-08-18 20:51:47+08:00 [1A2026-08-18 20:51:47+08:00 minimax_h3 denoise:  88%|████████▊ | 43/49 [01:03<00:09,  1.51s/it]
2026-08-18 20:51:47+08:00 [1A2026-08-18 20:51:47+08:00 minimax_h3 denoise:  88%|████████▊ | 43/49 [01:03<00:09,  1.51s/it]
2026-08-18 20:51:48+08:00 [1A2026-08-18 20:51:48+08:00 minimax_h3 denoise:  90%|████████▉ | 44/49 [01:05<00:07,  1.51s/it]
2026-08-18 20:51:48+08:00 [1A2026-08-18 20:51:48+08:00 minimax_h3 denoise:  90%|████████▉ | 44/49 [01:05<00:07,  1.51s/it]
2026-08-18 20:51:50+08:00 [1A2026-08-18 20:51:50+08:00 minimax_h3 denoise:  92%|█████████▏| 45/49 [01:06<00:06,  1.51s/it]
2026-08-18 20:51:50+08:00 [1A2026-08-18 20:51:50+08:00 minimax_h3 denoise:  92%|█████████▏| 45/49 [01:06<00:06,  1.51s/it]
2026-08-18 20:51:51+08:00 [1A2026-08-18 20:51:51+08:00 minimax_h3 denoise:  94%|█████████▍| 46/49 [01:08<00:04,  1.51s/it]
2026-08-18 20:51:51+08:00 [1A2026-08-18 20:51:51+08:00 minimax_h3 denoise:  94%|█████████▍| 46/49 [01:08<00:04,  1.51s/it]
2026-08-18 20:51:53+08:00 [1A2026-08-18 20:51:53+08:00 minimax_h3 denoise:  96%|█████████▌| 47/49 [01:09<00:03,  1.51s/it]
2026-08-18 20:51:53+08:00 [1A2026-08-18 20:51:53+08:00 minimax_h3 denoise:  96%|█████████▌| 47/49 [01:09<00:03,  1.51s/it]
2026-08-18 20:51:54+08:00 [1A2026-08-18 20:51:54+08:00 minimax_h3 denoise:  98%|█████████▊| 48/49 [01:11<00:01,  1.51s/it]
2026-08-18 20:51:54+08:00 [1A2026-08-18 20:51:54+08:00 minimax_h3 denoise:  98%|█████████▊| 48/49 [01:11<00:01,  1.51s/it]
2026-08-18 20:51:54+08:00 [1A2026-08-18 20:51:54+08:00 minimax_h3 denoise: 100%|██████████| 49/49 [01:12<00:00,  1.51s/it]2026-08-18 20:51:54+08:00 minimax_h3 denoise: 100%|██████████| 49/49 [01:12<00:00,  1.49s/it]
2026-08-18 20:51:54+08:00 [08-18 12:51:54] [MiniMaxH3DenoisingStage] finished in 72.8226 seconds
2026-08-18 20:51:54+08:00 [1A2026-08-18 20:51:54+08:00 minimax_h3 denoise: 100%|██████████| 49/49 [01:12<00:00,  1.51s/it]2026-08-18 20:51:54+08:00 minimax_h3 denoise: 100%|██████████| 49/49 [01:12<00:00,  1.49s/it]
2026-08-18 20:51:54+08:00 [08-18 12:51:54] [MiniMaxH3DenoisingStage] finished in 72.8226 seconds
2026-08-18 20:51:56+08:00 [08-18 12:51:56] [MiniMaxH3DecodingStage] started...
2026-08-18 20:51:56+08:00 [08-18 12:51:56] [MiniMaxH3DecodingStage] started...
2026-08-18 20:51:57+08:00 [08-18 12:51:57] [MiniMaxH3DecodingStage] finished in 1.2885 seconds
2026-08-18 20:51:57+08:00 [08-18 12:51:57] [MiniMaxH3DecodingStage] finished in 1.2885 seconds
2026-08-18 20:51:57+08:00 Guessed Channel Layout for Input Stream #1.0 : stereo
2026-08-18 20:51:57+08:00 Guessed Channel Layout for Input Stream #1.0 : stereo
2026-08-18 20:51:57+08:00 [rawvideo @ 0x55019c0] Thread message queue blocking; consider raising the thread_queue_size option (current value: 8)
2026-08-18 20:51:57+08:00 [rawvideo @ 0x55019c0] Thread message queue blocking; consider raising the thread_queue_size option (current value: 8)
2026-08-18 20:51:58+08:00 [08-18 12:51:58] Output saved to [1;36moutputs/9e3e21ea-ef51-4c75-94b5-89a0d65e9667.mp4[0;0m
2026-08-18 20:51:58+08:00 [08-18 12:51:58] Output saved to [1;36moutputs/9e3e21ea-ef51-4c75-94b5-89a0d65e9667.mp4[0;0m
2026-08-18 20:51:58+08:00 [08-18 12:51:58] Pixel data generated successfully in [92m76.60[0;0m seconds
2026-08-18 20:51:58+08:00 [08-18 12:51:58] Peak memory usage: 63494.00 MB
2026-08-18 20:51:58+08:00 [08-18 12:51:58] Pixel data generated successfully in [92m76.60[0;0m seconds
2026-08-18 20:51:58+08:00 [08-18 12:51:58] Peak memory usage: 63494.00 MB
2026-08-18 20:53:26+08:00 [2026-08-18 12:53:26] [32mINFO[0m:     172.20.8.115:48775 - "[1mGET /health HTTP/1.1[0m" [32m200 OK[0m
2026-08-18 20:53:26+08:00 [2026-08-18 12:53:26] [32mINFO[0m:     172.20.8.115:48775 - "[1mGET /health HTTP/1.1[0m" [32m200 OK[0m
2026-08-18 20:53:26+08:00     GET /health -> 200 OK  (duration: 132.7 ms, execution: 73.9 ms)
2026-08-18 20:53:26+08:00     GET /health -> 200 OK  (duration: 132.7 ms, execution: 73.9 ms)
2026-08-18 20:53:27+08:00 [08-18 12:53:27] Adjusting number of frames from 1 to 1 based on model
2026-08-18 20:53:27+08:00 [08-18 12:53:27] Adjusting number of frames from 1 to 13 based on number of GPUs (4)
2026-08-18 20:53:27+08:00 [08-18 12:53:27] Adjusting number of frames from 1 to 1 based on model
2026-08-18 20:53:27+08:00 [08-18 12:53:27] Adjusting number of frames from 1 to 13 based on number of GPUs (4)
2026-08-18 20:53:27+08:00 [2026-08-18 12:53:27] [32mINFO[0m:     172.20.8.115:48775 - "[1mPOST /v1/videos HTTP/1.1[0m" [32m200 OK[0m
2026-08-18 20:53:27+08:00 [2026-08-18 12:53:27] [32mINFO[0m:     172.20.8.115:48775 - "[1mPOST /v1/videos HTTP/1.1[0m" [32m200 OK[0m
2026-08-18 20:53:27+08:00    POST /v1/videos -> 200 OK  (duration: 138.3 ms, execution: 53.0 ms)
2026-08-18 20:53:27+08:00 [08-18 12:53:27] Sampling params:
2026-08-18 20:53:27+08:00                        width: 1344
2026-08-18 20:53:27+08:00                       height: 768
2026-08-18 20:53:27+08:00                   num_frames: 124
2026-08-18 20:53:27+08:00                          fps: 24
2026-08-18 20:53:27+08:00                       prompt: <redacted, len=308>
2026-08-18 20:53:27+08:00                   neg_prompt: None
2026-08-18 20:53:27+08:00                         seed: 1101
2026-08-18 20:53:27+08:00                  infer_steps: 50
2026-08-18 20:53:27+08:00       num_outputs_per_prompt: 1
2026-08-18 20:53:27+08:00               guidance_scale: 1.0
2026-08-18 20:53:27+08:00      embedded_guidance_scale: 6.0
2026-08-18 20:53:27+08:00                     n_tokens: None
2026-08-18 20:53:27+08:00                   flow_shift: 12.0
2026-08-18 20:53:27+08:00                   image_path: None
2026-08-18 20:53:27+08:00                  save_output: True
2026-08-18 20:53:27+08:00             output_file_path: outputs/2061a31b-22ba-42de-a403-0dfd6bfa306c.mp4
2026-08-18 20:53:27+08:00         
2026-08-18 20:53:27+08:00 [08-18 12:53:27] Running pipeline stages: ['InputValidationStage', 'MiniMaxH3PartitionAdmissionStage', 'MiniMaxH3TextEncodingStage', 'MiniMaxH3VisualEncodingStage', 'MiniMaxH3AudioEncodingStage', 'MiniMaxH3LatentPreparationStage', 'MiniMaxH3TimestepPreparationStage', 'MiniMaxH3DenoisingStage', 'MiniMaxH3DecodingStage']
2026-08-18 20:53:27+08:00 [08-18 12:53:27] [InputValidationStage] started...
2026-08-18 20:53:27+08:00 [08-18 12:53:27] [InputValidationStage] finished in 0.0001 seconds
2026-08-18 20:53:27+08:00 [08-18 12:53:27] [MiniMaxH3PartitionAdmissionStage] started...
2026-08-18 20:53:27+08:00 [08-18 12:53:27] [MiniMaxH3PartitionAdmissionStage] finished in 0.0001 seconds
2026-08-18 20:53:27+08:00 [08-18 12:53:27] [MiniMaxH3TextEncodingStage] started...
2026-08-18 20:53:27+08:00    POST /v1/videos -> 200 OK  (duration: 138.3 ms, execution: 53.0 ms)
2026-08-18 20:53:27+08:00 [08-18 12:53:27] Sampling params:
2026-08-18 20:53:27+08:00                        width: 1344
2026-08-18 20:53:27+08:00                       height: 768
2026-08-18 20:53:27+08:00                   num_frames: 124
2026-08-18 20:53:27+08:00                          fps: 24
2026-08-18 20:53:27+08:00                       prompt: <redacted, len=308>
2026-08-18 20:53:27+08:00                   neg_prompt: None
2026-08-18 20:53:27+08:00                         seed: 1101
2026-08-18 20:53:27+08:00                  infer_steps: 50
2026-08-18 20:53:27+08:00       num_outputs_per_prompt: 1
2026-08-18 20:53:27+08:00               guidance_scale: 1.0
2026-08-18 20:53:27+08:00      embedded_guidance_scale: 6.0
2026-08-18 20:53:27+08:00                     n_tokens: None
2026-08-18 20:53:27+08:00                   flow_shift: 12.0
2026-08-18 20:53:27+08:00                   image_path: None
2026-08-18 20:53:27+08:00                  save_output: True
2026-08-18 20:53:27+08:00             output_file_path: outputs/2061a31b-22ba-42de-a403-0dfd6bfa306c.mp4
2026-08-18 20:53:27+08:00         
2026-08-18 20:53:27+08:00 [08-18 12:53:27] Running pipeline stages: ['InputValidationStage', 'MiniMaxH3PartitionAdmissionStage', 'MiniMaxH3TextEncodingStage', 'MiniMaxH3VisualEncodingStage', 'MiniMaxH3AudioEncodingStage', 'MiniMaxH3LatentPreparationStage', 'MiniMaxH3TimestepPreparationStage', 'MiniMaxH3DenoisingStage', 'MiniMaxH3DecodingStage']
2026-08-18 20:53:27+08:00 [08-18 12:53:27] [InputValidationStage] started...
2026-08-18 20:53:27+08:00 [08-18 12:53:27] [InputValidationStage] finished in 0.0001 seconds
2026-08-18 20:53:27+08:00 [08-18 12:53:27] [MiniMaxH3PartitionAdmissionStage] started...
2026-08-18 20:53:27+08:00 [08-18 12:53:27] [MiniMaxH3PartitionAdmissionStage] finished in 0.0001 seconds
2026-08-18 20:53:27+08:00 [08-18 12:53:27] [MiniMaxH3TextEncodingStage] started...
2026-08-18 20:53:27+08:00 [08-18 12:53:27] [MiniMaxH3TextEncodingStage] finished in 0.0732 seconds
2026-08-18 20:53:27+08:00 [08-18 12:53:27] [MiniMaxH3TextEncodingStage] finished in 0.0732 seconds
2026-08-18 20:53:27+08:00 [08-18 12:53:27] [MiniMaxH3VisualEncodingStage] started...
2026-08-18 20:53:27+08:00 [08-18 12:53:27] [MiniMaxH3VisualEncodingStage] started...
2026-08-18 20:53:27+08:00 [08-18 12:53:27] [MiniMaxH3VisualEncodingStage] finished in 0.0001 seconds
2026-08-18 20:53:27+08:00 [08-18 12:53:27] [MiniMaxH3VisualEncodingStage] finished in 0.0001 seconds
2026-08-18 20:53:27+08:00 [08-18 12:53:27] [MiniMaxH3AudioEncodingStage] started...
2026-08-18 20:53:27+08:00 [08-18 12:53:27] [MiniMaxH3AudioEncodingStage] started...
2026-08-18 20:53:27+08:00 [08-18 12:53:27] [MiniMaxH3AudioEncodingStage] finished in 0.0000 seconds
2026-08-18 20:53:27+08:00 [08-18 12:53:27] [MiniMaxH3LatentPreparationStage] started...
2026-08-18 20:53:27+08:00 [08-18 12:53:27] [MiniMaxH3AudioEncodingStage] finished in 0.0000 seconds
2026-08-18 20:53:27+08:00 [08-18 12:53:27] [MiniMaxH3LatentPreparationStage] started...
2026-08-18 20:53:27+08:00 [08-18 12:53:27] [MiniMaxH3LatentPreparationStage] finished in 0.0359 seconds
2026-08-18 20:53:27+08:00 [08-18 12:53:27] [MiniMaxH3LatentPreparationStage] finished in 0.0359 seconds
2026-08-18 20:53:27+08:00 [08-18 12:53:27] [MiniMaxH3TimestepPreparationStage] started...
2026-08-18 20:53:27+08:00 [08-18 12:53:27] [MiniMaxH3TimestepPreparationStage] started...
2026-08-18 20:53:27+08:00 [08-18 12:53:27] [MiniMaxH3TimestepPreparationStage] finished in 0.0007 seconds
2026-08-18 20:53:27+08:00 [08-18 12:53:27] [MiniMaxH3TimestepPreparationStage] finished in 0.0007 seconds
2026-08-18 20:53:27+08:00 [08-18 12:53:27] [MiniMaxH3DenoisingStage] started...
2026-08-18 20:53:27+08:00 [08-18 12:53:27] [MiniMaxH3DenoisingStage] started...
2026-08-18 20:53:27+08:00 
2026-08-18 20:53:27+08:00 
2026-08-18 20:53:28+08:00 [1A2026-08-18 20:53:28+08:00 minimax_h3 denoise:   0%|          | 0/49 [00:00<?, ?it/s]
2026-08-18 20:53:28+08:00 [1A2026-08-18 20:53:28+08:00 minimax_h3 denoise:   0%|          | 0/49 [00:00<?, ?it/s]
2026-08-18 20:53:28+08:00 [2026-08-18 12:53:28] [32mINFO[0m:     172.20.8.115:48775 - "[1mGET /v1/videos/2061a31b-22ba-42de-a403-0dfd6bfa306c HTTP/1.1[0m" [32m200 OK[0m
2026-08-18 20:53:28+08:00 [2026-08-18 12:53:28] [32mINFO[0m:     172.20.8.115:48775 - "[1mGET /v1/videos/2061a31b-22ba-42de-a403-0dfd6bfa306c HTTP/1.1[0m" [32m200 OK[0m
2026-08-18 20:53:28+08:00     GET /v1/videos/2061a31b-22ba-42de-a403-0dfd6bfa306c -> 200 OK  (duration: 82.9 ms, execution: 27.2 ms)
2026-08-18 20:53:28+08:00     GET /v1/videos/2061a31b-22ba-42de-a403-0dfd6bfa306c -> 200 OK  (duration: 82.9 ms, execution: 27.2 ms)
2026-08-18 20:53:29+08:00 [1A2026-08-18 20:53:29+08:00 minimax_h3 denoise:   2%|▏         | 1/49 [00:00<00:12,  3.76it/s]
2026-08-18 20:53:29+08:00 [1A2026-08-18 20:53:29+08:00 minimax_h3 denoise:   2%|▏         | 1/49 [00:00<00:12,  3.76it/s]
2026-08-18 20:53:31+08:00 [1A2026-08-18 20:53:31+08:00 minimax_h3 denoise:   4%|▍         | 2/49 [00:01<00:47,  1.01s/it]
2026-08-18 20:53:31+08:00 [1A2026-08-18 20:53:31+08:00 minimax_h3 denoise:   4%|▍         | 2/49 [00:01<00:47,  1.01s/it]
2026-08-18 20:53:32+08:00 [1A2026-08-18 20:53:32+08:00 minimax_h3 denoise:   6%|▌         | 3/49 [00:03<00:57,  1.25s/it]
2026-08-18 20:53:32+08:00 [1A2026-08-18 20:53:32+08:00 minimax_h3 denoise:   6%|▌         | 3/49 [00:03<00:57,  1.25s/it]
2026-08-18 20:53:34+08:00 [1A2026-08-18 20:53:34+08:00 minimax_h3 denoise:   8%|▊         | 4/49 [00:04<01:00,  1.35s/it]
2026-08-18 20:53:34+08:00 [1A2026-08-18 20:53:34+08:00 minimax_h3 denoise:   8%|▊         | 4/49 [00:04<01:00,  1.35s/it]
2026-08-18 20:53:34+08:00 [2026-08-18 12:53:34] [32mINFO[0m:     172.20.8.115:58100 - "[1mGET /v1/videos/2061a31b-22ba-42de-a403-0dfd6bfa306c HTTP/1.1[0m" [32m200 OK[0m
2026-08-18 20:53:34+08:00 [2026-08-18 12:53:34] [32mINFO[0m:     172.20.8.115:58100 - "[1mGET /v1/videos/2061a31b-22ba-42de-a403-0dfd6bfa306c HTTP/1.1[0m" [32m200 OK[0m
2026-08-18 20:53:34+08:00     GET /v1/videos/2061a31b-22ba-42de-a403-0dfd6bfa306c -> 200 OK  (duration: 79.8 ms, execution: 27.1 ms)
2026-08-18 20:53:34+08:00     GET /v1/videos/2061a31b-22ba-42de-a403-0dfd6bfa306c -> 200 OK  (duration: 79.8 ms, execution: 27.1 ms)
2026-08-18 20:53:35+08:00 [1A2026-08-18 20:53:35+08:00 minimax_h3 denoise:  10%|█         | 5/49 [00:06<01:02,  1.41s/it]
2026-08-18 20:53:35+08:00 [1A2026-08-18 20:53:35+08:00 minimax_h3 denoise:  10%|█         | 5/49 [00:06<01:02,  1.41s/it]
2026-08-18 20:53:37+08:00 [1A2026-08-18 20:53:37+08:00 minimax_h3 denoise:  12%|█▏        | 6/49 [00:07<01:02,  1.44s/it]
2026-08-18 20:53:37+08:00 [1A2026-08-18 20:53:37+08:00 minimax_h3 denoise:  12%|█▏        | 6/49 [00:07<01:02,  1.44s/it]
2026-08-18 20:53:38+08:00 [1A2026-08-18 20:53:38+08:00 minimax_h3 denoise:  14%|█▍        | 7/49 [00:09<01:01,  1.47s/it]
2026-08-18 20:53:38+08:00 [1A2026-08-18 20:53:38+08:00 minimax_h3 denoise:  14%|█▍        | 7/49 [00:09<01:01,  1.47s/it]
2026-08-18 20:53:40+08:00 [1A2026-08-18 20:53:40+08:00 minimax_h3 denoise:  16%|█▋        | 8/49 [00:10<01:00,  1.48s/it]
2026-08-18 20:53:40+08:00 [1A2026-08-18 20:53:40+08:00 minimax_h3 denoise:  16%|█▋        | 8/49 [00:10<01:00,  1.48s/it]
2026-08-18 20:53:40+08:00 [2026-08-18 12:53:40] [32mINFO[0m:     172.20.8.115:37244 - "[1mGET /v1/videos/2061a31b-22ba-42de-a403-0dfd6bfa306c HTTP/1.1[0m" [32m200 OK[0m
2026-08-18 20:53:40+08:00 [2026-08-18 12:53:40] [32mINFO[0m:     172.20.8.115:37244 - "[1mGET /v1/videos/2061a31b-22ba-42de-a403-0dfd6bfa306c HTTP/1.1[0m" [32m200 OK[0m
2026-08-18 20:53:40+08:00     GET /v1/videos/2061a31b-22ba-42de-a403-0dfd6bfa306c -> 200 OK  (duration: 81.8 ms, execution: 26.2 ms)
2026-08-18 20:53:40+08:00     GET /v1/videos/2061a31b-22ba-42de-a403-0dfd6bfa306c -> 200 OK  (duration: 81.8 ms, execution: 26.2 ms)
2026-08-18 20:53:41+08:00 [1A2026-08-18 20:53:41+08:00 minimax_h3 denoise:  18%|█▊        | 9/49 [00:12<00:59,  1.49s/it]
2026-08-18 20:53:41+08:00 [1A2026-08-18 20:53:41+08:00 minimax_h3 denoise:  18%|█▊        | 9/49 [00:12<00:59,  1.49s/it]
2026-08-18 20:53:43+08:00 [1A2026-08-18 20:53:43+08:00 minimax_h3 denoise:  20%|██        | 10/49 [00:13<00:58,  1.50s/it]
2026-08-18 20:53:43+08:00 [1A2026-08-18 20:53:43+08:00 minimax_h3 denoise:  20%|██        | 10/49 [00:13<00:58,  1.50s/it]
2026-08-18 20:53:44+08:00 [1A2026-08-18 20:53:44+08:00 minimax_h3 denoise:  22%|██▏       | 11/49 [00:15<00:57,  1.50s/it]
2026-08-18 20:53:44+08:00 [1A2026-08-18 20:53:44+08:00 minimax_h3 denoise:  22%|██▏       | 11/49 [00:15<00:57,  1.50s/it]
2026-08-18 20:53:46+08:00 [1A2026-08-18 20:53:46+08:00 minimax_h3 denoise:  24%|██▍       | 12/49 [00:16<00:55,  1.50s/it]
2026-08-18 20:53:46+08:00 [1A2026-08-18 20:53:46+08:00 minimax_h3 denoise:  24%|██▍       | 12/49 [00:16<00:55,  1.50s/it]
2026-08-18 20:53:46+08:00 [2026-08-18 12:53:46] [32mINFO[0m:     172.20.8.115:63286 - "[1mGET /v1/videos/2061a31b-22ba-42de-a403-0dfd6bfa306c HTTP/1.1[0m" [32m200 OK[0m
2026-08-18 20:53:46+08:00 [2026-08-18 12:53:46] [32mINFO[0m:     172.20.8.115:63286 - "[1mGET /v1/videos/2061a31b-22ba-42de-a403-0dfd6bfa306c HTTP/1.1[0m" [32m200 OK[0m
2026-08-18 20:53:46+08:00     GET /v1/videos/2061a31b-22ba-42de-a403-0dfd6bfa306c -> 200 OK  (duration: 83.1 ms, execution: 26.3 ms)
2026-08-18 20:53:46+08:00     GET /v1/videos/2061a31b-22ba-42de-a403-0dfd6bfa306c -> 200 OK  (duration: 83.1 ms, execution: 26.3 ms)
2026-08-18 20:53:47+08:00 [1A2026-08-18 20:53:47+08:00 minimax_h3 denoise:  27%|██▋       | 13/49 [00:18<00:54,  1.51s/it]
2026-08-18 20:53:47+08:00 [1A2026-08-18 20:53:47+08:00 minimax_h3 denoise:  27%|██▋       | 13/49 [00:18<00:54,  1.51s/it]
2026-08-18 20:53:49+08:00 [1A2026-08-18 20:53:49+08:00 minimax_h3 denoise:  29%|██▊       | 14/49 [00:19<00:52,  1.51s/it]
2026-08-18 20:53:49+08:00 [1A2026-08-18 20:53:49+08:00 minimax_h3 denoise:  29%|██▊       | 14/49 [00:19<00:52,  1.51s/it]
2026-08-18 20:53:50+08:00 [1A2026-08-18 20:53:50+08:00 minimax_h3 denoise:  31%|███       | 15/49 [00:21<00:51,  1.51s/it]
2026-08-18 20:53:50+08:00 [1A2026-08-18 20:53:50+08:00 minimax_h3 denoise:  31%|███       | 15/49 [00:21<00:51,  1.51s/it]
2026-08-18 20:53:52+08:00 [1A2026-08-18 20:53:52+08:00 minimax_h3 denoise:  33%|███▎      | 16/49 [00:22<00:49,  1.51s/it]
2026-08-18 20:53:52+08:00 [1A2026-08-18 20:53:52+08:00 minimax_h3 denoise:  33%|███▎      | 16/49 [00:22<00:49,  1.51s/it]
2026-08-18 20:53:52+08:00 [2026-08-18 12:53:52] [32mINFO[0m:     172.20.8.115:57117 - "[1mGET /v1/videos/2061a31b-22ba-42de-a403-0dfd6bfa306c HTTP/1.1[0m" [32m200 OK[0m
2026-08-18 20:53:52+08:00 [2026-08-18 12:53:52] [32mINFO[0m:     172.20.8.115:57117 - "[1mGET /v1/videos/2061a31b-22ba-42de-a403-0dfd6bfa306c HTTP/1.1[0m" [32m200 OK[0m
2026-08-18 20:53:53+08:00     GET /v1/videos/2061a31b-22ba-42de-a403-0dfd6bfa306c -> 200 OK  (duration: 82.1 ms, execution: 27.3 ms)
2026-08-18 20:53:53+08:00     GET /v1/videos/2061a31b-22ba-42de-a403-0dfd6bfa306c -> 200 OK  (duration: 82.1 ms, execution: 27.3 ms)
2026-08-18 20:53:53+08:00 [1A2026-08-18 20:53:53+08:00 minimax_h3 denoise:  35%|███▍      | 17/49 [00:24<00:48,  1.51s/it]
2026-08-18 20:53:53+08:00 [1A2026-08-18 20:53:53+08:00 minimax_h3 denoise:  35%|███▍      | 17/49 [00:24<00:48,  1.51s/it]
2026-08-18 20:53:55+08:00 [1A2026-08-18 20:53:55+08:00 minimax_h3 denoise:  37%|███▋      | 18/49 [00:25<00:46,  1.51s/it]
2026-08-18 20:53:55+08:00 [1A2026-08-18 20:53:55+08:00 minimax_h3 denoise:  37%|███▋      | 18/49 [00:25<00:46,  1.51s/it]
2026-08-18 20:53:57+08:00 [1A2026-08-18 20:53:57+08:00 minimax_h3 denoise:  39%|███▉      | 19/49 [00:27<00:45,  1.51s/it]
2026-08-18 20:53:57+08:00 [1A2026-08-18 20:53:57+08:00 minimax_h3 denoise:  39%|███▉      | 19/49 [00:27<00:45,  1.51s/it]
2026-08-18 20:53:58+08:00 [1A2026-08-18 20:53:58+08:00 minimax_h3 denoise:  41%|████      | 20/49 [00:29<00:43,  1.51s/it]
2026-08-18 20:53:58+08:00 [1A2026-08-18 20:53:58+08:00 minimax_h3 denoise:  41%|████      | 20/49 [00:29<00:43,  1.51s/it]
2026-08-18 20:53:58+08:00 [2026-08-18 12:53:58] [32mINFO[0m:     172.20.8.115:18427 - "[1mGET /v1/videos/2061a31b-22ba-42de-a403-0dfd6bfa306c HTTP/1.1[0m" [32m200 OK[0m
2026-08-18 20:53:58+08:00 [2026-08-18 12:53:58] [32mINFO[0m:     172.20.8.115:18427 - "[1mGET /v1/videos/2061a31b-22ba-42de-a403-0dfd6bfa306c HTTP/1.1[0m" [32m200 OK[0m
2026-08-18 20:53:59+08:00     GET /v1/videos/2061a31b-22ba-42de-a403-0dfd6bfa306c -> 200 OK  (duration: 79.9 ms, execution: 26.5 ms)
2026-08-18 20:53:59+08:00     GET /v1/videos/2061a31b-22ba-42de-a403-0dfd6bfa306c -> 200 OK  (duration: 79.9 ms, execution: 26.5 ms)
2026-08-18 20:54:00+08:00 [1A2026-08-18 20:54:00+08:00 minimax_h3 denoise:  43%|████▎     | 21/49 [00:30<00:42,  1.51s/it]
2026-08-18 20:54:00+08:00 [1A2026-08-18 20:54:00+08:00 minimax_h3 denoise:  43%|████▎     | 21/49 [00:30<00:42,  1.51s/it]
2026-08-18 20:54:01+08:00 [1A2026-08-18 20:54:01+08:00 minimax_h3 denoise:  45%|████▍     | 22/49 [00:32<00:40,  1.51s/it]
2026-08-18 20:54:01+08:00 [1A2026-08-18 20:54:01+08:00 minimax_h3 denoise:  45%|████▍     | 22/49 [00:32<00:40,  1.51s/it]
2026-08-18 20:54:03+08:00 [1A2026-08-18 20:54:03+08:00 minimax_h3 denoise:  47%|████▋     | 23/49 [00:33<00:39,  1.51s/it]
2026-08-18 20:54:03+08:00 [1A2026-08-18 20:54:03+08:00 minimax_h3 denoise:  47%|████▋     | 23/49 [00:33<00:39,  1.51s/it]
2026-08-18 20:54:04+08:00 [1A2026-08-18 20:54:04+08:00 minimax_h3 denoise:  49%|████▉     | 24/49 [00:35<00:37,  1.51s/it]
2026-08-18 20:54:04+08:00 [1A2026-08-18 20:54:04+08:00 minimax_h3 denoise:  49%|████▉     | 24/49 [00:35<00:37,  1.51s/it]
2026-08-18 20:54:05+08:00 [2026-08-18 12:54:05] [32mINFO[0m:     172.20.8.115:41166 - "[1mGET /v1/videos/2061a31b-22ba-42de-a403-0dfd6bfa306c HTTP/1.1[0m" [32m200 OK[0m
2026-08-18 20:54:05+08:00 [2026-08-18 12:54:05] [32mINFO[0m:     172.20.8.115:41166 - "[1mGET /v1/videos/2061a31b-22ba-42de-a403-0dfd6bfa306c HTTP/1.1[0m" [32m200 OK[0m
2026-08-18 20:54:05+08:00     GET /v1/videos/2061a31b-22ba-42de-a403-0dfd6bfa306c -> 200 OK  (duration: 89.7 ms, execution: 26.4 ms)
2026-08-18 20:54:05+08:00     GET /v1/videos/2061a31b-22ba-42de-a403-0dfd6bfa306c -> 200 OK  (duration: 89.7 ms, execution: 26.4 ms)
2026-08-18 20:54:06+08:00 [1A2026-08-18 20:54:06+08:00 minimax_h3 denoise:  51%|█████     | 25/49 [00:36<00:36,  1.51s/it]
2026-08-18 20:54:06+08:00 [1A2026-08-18 20:54:06+08:00 minimax_h3 denoise:  51%|█████     | 25/49 [00:36<00:36,  1.51s/it]
2026-08-18 20:54:07+08:00 [1A2026-08-18 20:54:07+08:00 minimax_h3 denoise:  53%|█████▎    | 26/49 [00:38<00:34,  1.51s/it]
2026-08-18 20:54:07+08:00 [1A2026-08-18 20:54:07+08:00 minimax_h3 denoise:  53%|█████▎    | 26/49 [00:38<00:34,  1.51s/it]
2026-08-18 20:54:09+08:00 [1A2026-08-18 20:54:09+08:00 minimax_h3 denoise:  55%|█████▌    | 27/49 [00:39<00:33,  1.51s/it]
2026-08-18 20:54:09+08:00 [1A2026-08-18 20:54:09+08:00 minimax_h3 denoise:  55%|█████▌    | 27/49 [00:39<00:33,  1.51s/it]
2026-08-18 20:54:10+08:00 [1A2026-08-18 20:54:10+08:00 minimax_h3 denoise:  57%|█████▋    | 28/49 [00:41<00:31,  1.51s/it]
2026-08-18 20:54:10+08:00 [1A2026-08-18 20:54:10+08:00 minimax_h3 denoise:  57%|█████▋    | 28/49 [00:41<00:31,  1.51s/it]
2026-08-18 20:54:11+08:00 [2026-08-18 12:54:11] [32mINFO[0m:     172.20.8.115:39714 - "[1mGET /v1/videos/2061a31b-22ba-42de-a403-0dfd6bfa306c HTTP/1.1[0m" [32m200 OK[0m
2026-08-18 20:54:11+08:00 [2026-08-18 12:54:11] [32mINFO[0m:     172.20.8.115:39714 - "[1mGET /v1/videos/2061a31b-22ba-42de-a403-0dfd6bfa306c HTTP/1.1[0m" [32m200 OK[0m
2026-08-18 20:54:11+08:00     GET /v1/videos/2061a31b-22ba-42de-a403-0dfd6bfa306c -> 200 OK  (duration: 78.2 ms, execution: 27.3 ms)
2026-08-18 20:54:11+08:00     GET /v1/videos/2061a31b-22ba-42de-a403-0dfd6bfa306c -> 200 OK  (duration: 78.2 ms, execution: 27.3 ms)
2026-08-18 20:54:12+08:00 [1A2026-08-18 20:54:12+08:00 minimax_h3 denoise:  59%|█████▉    | 29/49 [00:42<00:30,  1.51s/it]
2026-08-18 20:54:12+08:00 [1A2026-08-18 20:54:12+08:00 minimax_h3 denoise:  59%|█████▉    | 29/49 [00:42<00:30,  1.51s/it]
2026-08-18 20:54:13+08:00 [1A2026-08-18 20:54:13+08:00 minimax_h3 denoise:  61%|██████    | 30/49 [00:44<00:28,  1.51s/it]
2026-08-18 20:54:13+08:00 [1A2026-08-18 20:54:13+08:00 minimax_h3 denoise:  61%|██████    | 30/49 [00:44<00:28,  1.51s/it]
[1Aminimax_h3 denoise:  63%|██████▎   | 31/49 [00:45<00:27,  1.51s/it]2026-08-18 20:54:15+08:00 
2026-08-18 20:54:15+08:00 [1A2026-08-18 20:54:15+08:00 minimax_h3 denoise:  63%|██████▎   | 31/49 [00:45<00:27,  1.51s/it]
2026-08-18 20:54:16+08:00 [1A2026-08-18 20:54:16+08:00 minimax_h3 denoise:  65%|██████▌   | 32/49 [00:47<00:25,  1.51s/it]
[1Aminimax_h3 denoise:  65%|██████▌   | 32/49 [00:47<00:25,  1.51s/it]2026-08-18 20:54:16+08:00 
2026-08-18 20:54:17+08:00 [2026-08-18 12:54:17] [32mINFO[0m:     172.20.8.115:48393 - "[1mGET /v1/videos/2061a31b-22ba-42de-a403-0dfd6bfa306c HTTP/1.1[0m" [32m200 OK[0m
2026-08-18 20:54:17+08:00 [2026-08-18 12:54:17] [32mINFO[0m:     172.20.8.115:48393 - "[1mGET /v1/videos/2061a31b-22ba-42de-a403-0dfd6bfa306c HTTP/1.1[0m" [32m200 OK[0m
2026-08-18 20:54:17+08:00     GET /v1/videos/2061a31b-22ba-42de-a403-0dfd6bfa306c -> 200 OK  (duration: 82.0 ms, execution: 26.2 ms)
2026-08-18 20:54:17+08:00     GET /v1/videos/2061a31b-22ba-42de-a403-0dfd6bfa306c -> 200 OK  (duration: 82.0 ms, execution: 26.2 ms)
2026-08-18 20:54:18+08:00 [1A2026-08-18 20:54:18+08:00 minimax_h3 denoise:  67%|██████▋   | 33/49 [00:48<00:24,  1.51s/it]
2026-08-18 20:54:18+08:00 [1A2026-08-18 20:54:18+08:00 minimax_h3 denoise:  67%|██████▋   | 33/49 [00:48<00:24,  1.51s/it]
2026-08-18 20:54:19+08:00 [1A2026-08-18 20:54:19+08:00 minimax_h3 denoise:  69%|██████▉   | 34/49 [00:50<00:22,  1.51s/it]
2026-08-18 20:54:19+08:00 [1A2026-08-18 20:54:19+08:00 minimax_h3 denoise:  69%|██████▉   | 34/49 [00:50<00:22,  1.51s/it]
2026-08-18 20:54:21+08:00 [1A2026-08-18 20:54:21+08:00 minimax_h3 denoise:  71%|███████▏  | 35/49 [00:51<00:21,  1.51s/it]
2026-08-18 20:54:21+08:00 [1A2026-08-18 20:54:21+08:00 minimax_h3 denoise:  71%|███████▏  | 35/49 [00:51<00:21,  1.51s/it]
2026-08-18 20:54:22+08:00 [1A2026-08-18 20:54:22+08:00 minimax_h3 denoise:  73%|███████▎  | 36/49 [00:53<00:19,  1.51s/it]
2026-08-18 20:54:22+08:00 [1A2026-08-18 20:54:22+08:00 minimax_h3 denoise:  73%|███████▎  | 36/49 [00:53<00:19,  1.51s/it]
2026-08-18 20:54:23+08:00 [2026-08-18 12:54:23] [32mINFO[0m:     172.20.8.115:34223 - "[1mGET /v1/videos/2061a31b-22ba-42de-a403-0dfd6bfa306c HTTP/1.1[0m" [32m200 OK[0m
2026-08-18 20:54:23+08:00 [2026-08-18 12:54:23] [32mINFO[0m:     172.20.8.115:34223 - "[1mGET /v1/videos/2061a31b-22ba-42de-a403-0dfd6bfa306c HTTP/1.1[0m" [32m200 OK[0m
2026-08-18 20:54:23+08:00     GET /v1/videos/2061a31b-22ba-42de-a403-0dfd6bfa306c -> 200 OK  (duration: 82.4 ms, execution: 26.4 ms)
2026-08-18 20:54:23+08:00     GET /v1/videos/2061a31b-22ba-42de-a403-0dfd6bfa306c -> 200 OK  (duration: 82.4 ms, execution: 26.4 ms)
2026-08-18 20:54:24+08:00 [1A2026-08-18 20:54:24+08:00 minimax_h3 denoise:  76%|███████▌  | 37/49 [00:54<00:18,  1.51s/it]
2026-08-18 20:54:24+08:00 [1A2026-08-18 20:54:24+08:00 minimax_h3 denoise:  76%|███████▌  | 37/49 [00:54<00:18,  1.51s/it]
2026-08-18 20:54:25+08:00 [1A2026-08-18 20:54:25+08:00 minimax_h3 denoise:  78%|███████▊  | 38/49 [00:56<00:16,  1.51s/it]
2026-08-18 20:54:25+08:00 [1A2026-08-18 20:54:25+08:00 minimax_h3 denoise:  78%|███████▊  | 38/49 [00:56<00:16,  1.51s/it]
2026-08-18 20:54:27+08:00 [1A2026-08-18 20:54:27+08:00 minimax_h3 denoise:  80%|███████▉  | 39/49 [00:57<00:15,  1.51s/it]
2026-08-18 20:54:27+08:00 [1A2026-08-18 20:54:27+08:00 minimax_h3 denoise:  80%|███████▉  | 39/49 [00:57<00:15,  1.51s/it]
2026-08-18 20:54:28+08:00 [1A2026-08-18 20:54:28+08:00 minimax_h3 denoise:  82%|████████▏ | 40/49 [00:59<00:13,  1.51s/it]
2026-08-18 20:54:28+08:00 [1A2026-08-18 20:54:28+08:00 minimax_h3 denoise:  82%|████████▏ | 40/49 [00:59<00:13,  1.51s/it]
2026-08-18 20:54:29+08:00 [2026-08-18 12:54:29] [32mINFO[0m:     172.20.8.115:39012 - "[1mGET /v1/videos/2061a31b-22ba-42de-a403-0dfd6bfa306c HTTP/1.1[0m" [32m200 OK[0m
2026-08-18 20:54:29+08:00 [2026-08-18 12:54:29] [32mINFO[0m:     172.20.8.115:39012 - "[1mGET /v1/videos/2061a31b-22ba-42de-a403-0dfd6bfa306c HTTP/1.1[0m" [32m200 OK[0m
2026-08-18 20:54:29+08:00     GET /v1/videos/2061a31b-22ba-42de-a403-0dfd6bfa306c -> 200 OK  (duration: 80.4 ms, execution: 26.1 ms)
2026-08-18 20:54:29+08:00     GET /v1/videos/2061a31b-22ba-42de-a403-0dfd6bfa306c -> 200 OK  (duration: 80.4 ms, execution: 26.1 ms)
2026-08-18 20:54:30+08:00 [1A2026-08-18 20:54:30+08:00 minimax_h3 denoise:  84%|████████▎ | 41/49 [01:00<00:12,  1.51s/it]
2026-08-18 20:54:30+08:00 [1A2026-08-18 20:54:30+08:00 minimax_h3 denoise:  84%|████████▎ | 41/49 [01:00<00:12,  1.51s/it]
2026-08-18 20:54:31+08:00 [1A2026-08-18 20:54:31+08:00 minimax_h3 denoise:  86%|████████▌ | 42/49 [01:02<00:10,  1.51s/it]
2026-08-18 20:54:31+08:00 [1A2026-08-18 20:54:31+08:00 minimax_h3 denoise:  86%|████████▌ | 42/49 [01:02<00:10,  1.51s/it]
2026-08-18 20:54:33+08:00 [1A2026-08-18 20:54:33+08:00 minimax_h3 denoise:  88%|████████▊ | 43/49 [01:03<00:09,  1.51s/it]
2026-08-18 20:54:33+08:00 [1A2026-08-18 20:54:33+08:00 minimax_h3 denoise:  88%|████████▊ | 43/49 [01:03<00:09,  1.51s/it]
2026-08-18 20:54:34+08:00 [1A2026-08-18 20:54:34+08:00 minimax_h3 denoise:  90%|████████▉ | 44/49 [01:05<00:07,  1.51s/it]
2026-08-18 20:54:34+08:00 [1A2026-08-18 20:54:34+08:00 minimax_h3 denoise:  90%|████████▉ | 44/49 [01:05<00:07,  1.51s/it]
2026-08-18 20:54:35+08:00 [2026-08-18 12:54:35] [32mINFO[0m:     172.20.8.115:16138 - "[1mGET /v1/videos/2061a31b-22ba-42de-a403-0dfd6bfa306c HTTP/1.1[0m" [32m200 OK[0m
2026-08-18 20:54:35+08:00 [2026-08-18 12:54:35] [32mINFO[0m:     172.20.8.115:16138 - "[1mGET /v1/videos/2061a31b-22ba-42de-a403-0dfd6bfa306c HTTP/1.1[0m" [32m200 OK[0m
2026-08-18 20:54:35+08:00     GET /v1/videos/2061a31b-22ba-42de-a403-0dfd6bfa306c -> 200 OK  (duration: 78.1 ms, execution: 27.2 ms)
2026-08-18 20:54:35+08:00     GET /v1/videos/2061a31b-22ba-42de-a403-0dfd6bfa306c -> 200 OK  (duration: 78.1 ms, execution: 27.2 ms)
2026-08-18 20:54:36+08:00 [1A2026-08-18 20:54:36+08:00 minimax_h3 denoise:  92%|█████████▏| 45/49 [01:06<00:06,  1.51s/it]
2026-08-18 20:54:36+08:00 [1A2026-08-18 20:54:36+08:00 minimax_h3 denoise:  92%|█████████▏| 45/49 [01:06<00:06,  1.51s/it]
2026-08-18 20:54:37+08:00 [1A2026-08-18 20:54:37+08:00 minimax_h3 denoise:  94%|█████████▍| 46/49 [01:08<00:04,  1.51s/it]
2026-08-18 20:54:37+08:00 [1A2026-08-18 20:54:37+08:00 minimax_h3 denoise:  94%|█████████▍| 46/49 [01:08<00:04,  1.51s/it]
2026-08-18 20:54:39+08:00 [1A2026-08-18 20:54:39+08:00 minimax_h3 denoise:  96%|█████████▌| 47/49 [01:09<00:03,  1.51s/it]
2026-08-18 20:54:39+08:00 [1A2026-08-18 20:54:39+08:00 minimax_h3 denoise:  96%|█████████▌| 47/49 [01:09<00:03,  1.51s/it]
2026-08-18 20:54:40+08:00 [1A2026-08-18 20:54:40+08:00 minimax_h3 denoise:  98%|█████████▊| 48/49 [01:11<00:01,  1.51s/it]
2026-08-18 20:54:40+08:00 [1A2026-08-18 20:54:40+08:00 minimax_h3 denoise:  98%|█████████▊| 48/49 [01:11<00:01,  1.51s/it]
2026-08-18 20:54:40+08:00 [1A2026-08-18 20:54:40+08:00 minimax_h3 denoise: 100%|██████████| 49/49 [01:12<00:00,  1.51s/it]
2026-08-18 20:54:40+08:00 [1A2026-08-18 20:54:40+08:00 minimax_h3 denoise: 100%|██████████| 49/49 [01:12<00:00,  1.51s/it]
2026-08-18 20:54:40+08:00 [1A2026-08-18 20:54:40+08:00 minimax_h3 denoise: 100%|██████████| 49/49 [01:12<00:00,  1.49s/it]
2026-08-18 20:54:40+08:00 [1A2026-08-18 20:54:40+08:00 minimax_h3 denoise: 100%|██████████| 49/49 [01:12<00:00,  1.49s/it]
2026-08-18 20:54:40+08:00 [08-18 12:54:40] [MiniMaxH3DenoisingStage] finished in 72.8673 seconds
2026-08-18 20:54:40+08:00 [08-18 12:54:40] [MiniMaxH3DenoisingStage] finished in 72.8673 seconds
2026-08-18 20:54:41+08:00 [2026-08-18 12:54:41] [32mINFO[0m:     172.20.8.115:61918 - "[1mGET /v1/videos/2061a31b-22ba-42de-a403-0dfd6bfa306c HTTP/1.1[0m" [32m200 OK[0m
2026-08-18 20:54:41+08:00 [2026-08-18 12:54:41] [32mINFO[0m:     172.20.8.115:61918 - "[1mGET /v1/videos/2061a31b-22ba-42de-a403-0dfd6bfa306c HTTP/1.1[0m" [32m200 OK[0m
2026-08-18 20:54:41+08:00     GET /v1/videos/2061a31b-22ba-42de-a403-0dfd6bfa306c -> 200 OK  (duration: 84.3 ms, execution: 26.7 ms)
2026-08-18 20:54:41+08:00     GET /v1/videos/2061a31b-22ba-42de-a403-0dfd6bfa306c -> 200 OK  (duration: 84.3 ms, execution: 26.7 ms)
2026-08-18 20:54:42+08:00 [08-18 12:54:42] [MiniMaxH3DecodingStage] started...
2026-08-18 20:54:42+08:00 [08-18 12:54:42] [MiniMaxH3DecodingStage] started...
2026-08-18 20:54:43+08:00 [08-18 12:54:43] [MiniMaxH3DecodingStage] finished in 1.3083 seconds
2026-08-18 20:54:43+08:00 [08-18 12:54:43] [MiniMaxH3DecodingStage] finished in 1.3083 seconds
2026-08-18 20:54:43+08:00 Guessed Channel Layout for Input Stream #1.0 : stereo
2026-08-18 20:54:43+08:00 Guessed Channel Layout for Input Stream #1.0 : stereo
2026-08-18 20:54:43+08:00 [rawvideo @ 0x55019c0] Thread message queue blocking; consider raising the thread_queue_size option (current value: 8)
2026-08-18 20:54:43+08:00 [rawvideo @ 0x55019c0] Thread message queue blocking; consider raising the thread_queue_size option (current value: 8)
2026-08-18 20:54:44+08:00 [08-18 12:54:44] Output saved to [1;36moutputs/2061a31b-22ba-42de-a403-0dfd6bfa306c.mp4[0;0m
2026-08-18 20:54:44+08:00 [08-18 12:54:44] Output saved to [1;36moutputs/2061a31b-22ba-42de-a403-0dfd6bfa306c.mp4[0;0m
2026-08-18 20:54:44+08:00 [08-18 12:54:44] Pixel data generated successfully in [92m76.51[0;0m seconds
2026-08-18 20:54:44+08:00 [08-18 12:54:44] Pixel data generated successfully in [92m76.51[0;0m seconds
2026-08-18 20:54:44+08:00 [08-18 12:54:44] Peak memory usage: 59332.00 MB
2026-08-18 20:54:44+08:00 [08-18 12:54:44] Peak memory usage: 59332.00 MB
2026-08-18 20:54:47+08:00 [2026-08-18 12:54:47] [32mINFO[0m:     172.20.8.115:48006 - "[1mGET /v1/videos/2061a31b-22ba-42de-a403-0dfd6bfa306c HTTP/1.1[0m" [32m200 OK[0m
2026-08-18 20:54:47+08:00 [2026-08-18 12:54:47] [32mINFO[0m:     172.20.8.115:48006 - "[1mGET /v1/videos/2061a31b-22ba-42de-a403-0dfd6bfa306c HTTP/1.1[0m" [32m200 OK[0m
2026-08-18 20:54:47+08:00     GET /v1/videos/2061a31b-22ba-42de-a403-0dfd6bfa306c -> 200 OK  (duration: 85.7 ms, execution: 28.5 ms)
2026-08-18 20:54:47+08:00     GET /v1/videos/2061a31b-22ba-42de-a403-0dfd6bfa306c -> 200 OK  (duration: 85.7 ms, execution: 28.5 ms)
2026-08-18 20:54:48+08:00 [2026-08-18 12:54:48] [32mINFO[0m:     172.20.8.115:48006 - "[1mGET /v1/videos/2061a31b-22ba-42de-a403-0dfd6bfa306c/content HTTP/1.1[0m" [32m200 OK[0m
2026-08-18 20:54:48+08:00 [2026-08-18 12:54:48] [32mINFO[0m:     172.20.8.115:48006 - "[1mGET /v1/videos/2061a31b-22ba-42de-a403-0dfd6bfa306c/content HTTP/1.1[0m" [32m200 OK[0m
2026-08-18 20:54:48+08:00     GET /v1/videos/2061a31b-22ba-42de-a403-0dfd6bfa306c/content -> 200 OK  (duration: 204.4 ms, execution: 144.3 ms)
2026-08-18 20:54:48+08:00     GET /v1/videos/2061a31b-22ba-42de-a403-0dfd6bfa306c/content -> 200 OK  (duration: 204.4 ms, execution: 144.3 ms)
2026-08-18 20:55:54+08:00 [2026-08-18 12:55:54] [32mINFO[0m:     172.20.8.115:57149 - "[1mGET /health HTTP/1.1[0m" [32m200 OK[0m
2026-08-18 20:55:54+08:00 [2026-08-18 12:55:54] [32mINFO[0m:     172.20.8.115:57149 - "[1mGET /health HTTP/1.1[0m" [32m200 OK[0m
2026-08-18 20:55:54+08:00     GET /health -> 200 OK  (duration: 83.4 ms, execution: 27.4 ms)
2026-08-18 20:55:54+08:00     GET /health -> 200 OK  (duration: 83.4 ms, execution: 27.4 ms)
2026-08-18 20:55:55+08:00 [08-18 12:55:55] Adjusting number of frames from 1 to 1 based on model
2026-08-18 20:55:55+08:00 [08-18 12:55:55] Adjusting number of frames from 1 to 1 based on model
2026-08-18 20:55:55+08:00    POST /v1/videos -> 200 OK  (duration: 105.9 ms, execution: 51.8 ms)
2026-08-18 20:55:55+08:00    POST /v1/videos -> 200 OK  (duration: 105.9 ms, execution: 51.8 ms)
2026-08-18 20:55:55+08:00 [08-18 12:55:55] Adjusting number of frames from 1 to 13 based on number of GPUs (4)
2026-08-18 20:55:55+08:00 [2026-08-18 12:55:55] [32mINFO[0m:     172.20.8.115:57149 - "[1mPOST /v1/videos HTTP/1.1[0m" [32m200 OK[0m
2026-08-18 20:55:55+08:00 [08-18 12:55:55] Adjusting number of frames from 1 to 13 based on number of GPUs (4)
2026-08-18 20:55:55+08:00 [2026-08-18 12:55:55] [32mINFO[0m:     172.20.8.115:57149 - "[1mPOST /v1/videos HTTP/1.1[0m" [32m200 OK[0m
2026-08-18 20:55:55+08:00 [08-18 12:55:55] Sampling params:
2026-08-18 20:55:55+08:00                        width: 1344
2026-08-18 20:55:55+08:00                       height: 768
2026-08-18 20:55:55+08:00                   num_frames: 124
2026-08-18 20:55:55+08:00                          fps: 24
2026-08-18 20:55:55+08:00                       prompt: <redacted, len=30>
2026-08-18 20:55:55+08:00                   neg_prompt: None
2026-08-18 20:55:55+08:00 [08-18 12:55:55] Sampling params:
2026-08-18 20:55:55+08:00                         seed: 1101
2026-08-18 20:55:55+08:00                        width: 1344
2026-08-18 20:55:55+08:00                  infer_steps: 50
2026-08-18 20:55:55+08:00                       height: 768
2026-08-18 20:55:55+08:00       num_outputs_per_prompt: 1
2026-08-18 20:55:55+08:00                   num_frames: 124
2026-08-18 20:55:55+08:00               guidance_scale: 1.0
2026-08-18 20:55:55+08:00                          fps: 24
2026-08-18 20:55:55+08:00      embedded_guidance_scale: 6.0
2026-08-18 20:55:55+08:00                       prompt: <redacted, len=30>
2026-08-18 20:55:55+08:00                     n_tokens: None
2026-08-18 20:55:55+08:00                   neg_prompt: None
2026-08-18 20:55:55+08:00                   flow_shift: 12.0
2026-08-18 20:55:55+08:00                         seed: 1101
2026-08-18 20:55:55+08:00                   image_path: None
2026-08-18 20:55:55+08:00                  infer_steps: 50
2026-08-18 20:55:55+08:00       num_outputs_per_prompt: 1
2026-08-18 20:55:55+08:00               guidance_scale: 1.0
2026-08-18 20:55:55+08:00      embedded_guidance_scale: 6.0
2026-08-18 20:55:55+08:00                     n_tokens: None
2026-08-18 20:55:55+08:00                   flow_shift: 12.0
2026-08-18 20:55:55+08:00                   image_path: None
2026-08-18 20:55:55+08:00                  save_output: True
2026-08-18 20:55:55+08:00                  save_output: True
2026-08-18 20:55:55+08:00             output_file_path: outputs/6ea5f6cf-e37b-4def-a86e-0d9c13d5b16d.mp4
2026-08-18 20:55:55+08:00         
2026-08-18 20:55:55+08:00 [08-18 12:55:55] Running pipeline stages: ['InputValidationStage', 'MiniMaxH3PartitionAdmissionStage', 'MiniMaxH3TextEncodingStage', 'MiniMaxH3VisualEncodingStage', 'MiniMaxH3AudioEncodingStage', 'MiniMaxH3LatentPreparationStage', 'MiniMaxH3TimestepPreparationStage', 'MiniMaxH3DenoisingStage', 'MiniMaxH3DecodingStage']
2026-08-18 20:55:55+08:00 [08-18 12:55:55] [InputValidationStage] started...
2026-08-18 20:55:55+08:00             output_file_path: outputs/6ea5f6cf-e37b-4def-a86e-0d9c13d5b16d.mp4
2026-08-18 20:55:55+08:00         
2026-08-18 20:55:55+08:00 [08-18 12:55:55] [InputValidationStage] finished in 0.0001 seconds
2026-08-18 20:55:55+08:00 [08-18 12:55:55] Running pipeline stages: ['InputValidationStage', 'MiniMaxH3PartitionAdmissionStage', 'MiniMaxH3TextEncodingStage', 'MiniMaxH3VisualEncodingStage', 'MiniMaxH3AudioEncodingStage', 'MiniMaxH3LatentPreparationStage', 'MiniMaxH3TimestepPreparationStage', 'MiniMaxH3DenoisingStage', 'MiniMaxH3DecodingStage']
2026-08-18 20:55:55+08:00 [08-18 12:55:55] [MiniMaxH3PartitionAdmissionStage] started...
2026-08-18 20:55:55+08:00 [08-18 12:55:55] [InputValidationStage] started...
2026-08-18 20:55:55+08:00 [08-18 12:55:55] [InputValidationStage] finished in 0.0001 seconds
2026-08-18 20:55:55+08:00 [08-18 12:55:55] [MiniMaxH3PartitionAdmissionStage] finished in 0.0001 seconds
2026-08-18 20:55:55+08:00 [08-18 12:55:55] [MiniMaxH3PartitionAdmissionStage] started...
2026-08-18 20:55:55+08:00 [08-18 12:55:55] [MiniMaxH3PartitionAdmissionStage] finished in 0.0001 seconds
2026-08-18 20:55:55+08:00 [08-18 12:55:55] [MiniMaxH3TextEncodingStage] started...
2026-08-18 20:55:55+08:00 [08-18 12:55:55] [MiniMaxH3TextEncodingStage] started...
2026-08-18 20:55:55+08:00 [08-18 12:55:55] [MiniMaxH3TextEncodingStage] finished in 0.0589 seconds
2026-08-18 20:55:55+08:00 [08-18 12:55:55] [MiniMaxH3TextEncodingStage] finished in 0.0589 seconds
2026-08-18 20:55:55+08:00 [08-18 12:55:55] [MiniMaxH3VisualEncodingStage] started...
2026-08-18 20:55:55+08:00 [08-18 12:55:55] [MiniMaxH3VisualEncodingStage] started...
2026-08-18 20:55:55+08:00 [08-18 12:55:55] [MiniMaxH3VisualEncodingStage] finished in 0.0000 seconds
2026-08-18 20:55:55+08:00 [08-18 12:55:55] [MiniMaxH3VisualEncodingStage] finished in 0.0000 seconds
2026-08-18 20:55:55+08:00 [08-18 12:55:55] [MiniMaxH3AudioEncodingStage] started...
2026-08-18 20:55:55+08:00 [08-18 12:55:55] [MiniMaxH3AudioEncodingStage] started...
2026-08-18 20:55:55+08:00 [08-18 12:55:55] [MiniMaxH3AudioEncodingStage] finished in 0.0000 seconds
2026-08-18 20:55:55+08:00 [08-18 12:55:55] [MiniMaxH3LatentPreparationStage] started...
2026-08-18 20:55:55+08:00 [08-18 12:55:55] [MiniMaxH3AudioEncodingStage] finished in 0.0000 seconds
2026-08-18 20:55:55+08:00 [08-18 12:55:55] [MiniMaxH3LatentPreparationStage] started...
2026-08-18 20:55:55+08:00 [08-18 12:55:55] [MiniMaxH3LatentPreparationStage] finished in 0.0263 seconds
2026-08-18 20:55:55+08:00 [08-18 12:55:55] [MiniMaxH3TimestepPreparationStage] started...
2026-08-18 20:55:55+08:00 [08-18 12:55:55] [MiniMaxH3TimestepPreparationStage] finished in 0.0005 seconds
2026-08-18 20:55:55+08:00 [08-18 12:55:55] [MiniMaxH3DenoisingStage] started...
2026-08-18 20:55:55+08:00 
2026-08-18 20:55:55+08:00 [08-18 12:55:55] [MiniMaxH3LatentPreparationStage] finished in 0.0263 seconds
2026-08-18 20:55:55+08:00 [08-18 12:55:55] [MiniMaxH3TimestepPreparationStage] started...
2026-08-18 20:55:55+08:00 [08-18 12:55:55] [MiniMaxH3TimestepPreparationStage] finished in 0.0005 seconds
2026-08-18 20:55:55+08:00 [08-18 12:55:55] [MiniMaxH3DenoisingStage] started...
2026-08-18 20:55:55+08:00 
2026-08-18 20:55:55+08:00 [1A2026-08-18 20:55:55+08:00 minimax_h3 denoise:   0%|          | 0/49 [00:00<?, ?it/s]
2026-08-18 20:55:55+08:00 [1A2026-08-18 20:55:55+08:00 minimax_h3 denoise:   0%|          | 0/49 [00:00<?, ?it/s]
2026-08-18 20:55:56+08:00 [2026-08-18 12:55:56] [32mINFO[0m:     172.20.8.115:57149 - "[1mGET /v1/videos/6ea5f6cf-e37b-4def-a86e-0d9c13d5b16d HTTP/1.1[0m" [32m200 OK[0m
2026-08-18 20:55:56+08:00 [2026-08-18 12:55:56] [32mINFO[0m:     172.20.8.115:57149 - "[1mGET /v1/videos/6ea5f6cf-e37b-4def-a86e-0d9c13d5b16d HTTP/1.1[0m" [32m200 OK[0m
2026-08-18 20:55:56+08:00     GET /v1/videos/6ea5f6cf-e37b-4def-a86e-0d9c13d5b16d -> 200 OK  (duration: 76.6 ms, execution: 24.9 ms)
2026-08-18 20:55:56+08:00     GET /v1/videos/6ea5f6cf-e37b-4def-a86e-0d9c13d5b16d -> 200 OK  (duration: 76.6 ms, execution: 24.9 ms)
2026-08-18 20:55:57+08:00 [1A2026-08-18 20:55:57+08:00 minimax_h3 denoise:   2%|▏         | 1/49 [00:00<00:12,  3.79it/s]
2026-08-18 20:55:57+08:00 [1A2026-08-18 20:55:57+08:00 minimax_h3 denoise:   2%|▏         | 1/49 [00:00<00:12,  3.79it/s]
2026-08-18 20:55:58+08:00 [1A2026-08-18 20:55:58+08:00 minimax_h3 denoise:   4%|▍         | 2/49 [00:01<00:47,  1.01s/it]
2026-08-18 20:55:58+08:00 [1A2026-08-18 20:55:58+08:00 minimax_h3 denoise:   4%|▍         | 2/49 [00:01<00:47,  1.01s/it]
2026-08-18 20:56:00+08:00 [1A2026-08-18 20:56:00+08:00 minimax_h3 denoise:   6%|▌         | 3/49 [00:03<00:57,  1.25s/it]
2026-08-18 20:56:00+08:00 [1A2026-08-18 20:56:00+08:00 minimax_h3 denoise:   6%|▌         | 3/49 [00:03<00:57,  1.25s/it]
2026-08-18 20:56:01+08:00 [1A2026-08-18 20:56:01+08:00 minimax_h3 denoise:   8%|▊         | 4/49 [00:04<01:01,  1.36s/it]
2026-08-18 20:56:01+08:00 [1A2026-08-18 20:56:01+08:00 minimax_h3 denoise:   8%|▊         | 4/49 [00:04<01:01,  1.36s/it]
2026-08-18 20:56:02+08:00 [2026-08-18 12:56:02] [32mINFO[0m:     172.20.8.115:40798 - "[1mGET /v1/videos/6ea5f6cf-e37b-4def-a86e-0d9c13d5b16d HTTP/1.1[0m" [32m200 OK[0m
2026-08-18 20:56:02+08:00 [2026-08-18 12:56:02] [32mINFO[0m:     172.20.8.115:40798 - "[1mGET /v1/videos/6ea5f6cf-e37b-4def-a86e-0d9c13d5b16d HTTP/1.1[0m" [32m200 OK[0m
2026-08-18 20:56:02+08:00     GET /v1/videos/6ea5f6cf-e37b-4def-a86e-0d9c13d5b16d -> 200 OK  (duration: 80.1 ms, execution: 26.5 ms)
2026-08-18 20:56:02+08:00     GET /v1/videos/6ea5f6cf-e37b-4def-a86e-0d9c13d5b16d -> 200 OK  (duration: 80.1 ms, execution: 26.5 ms)
2026-08-18 20:56:03+08:00 [1A2026-08-18 20:56:03+08:00 minimax_h3 denoise:  10%|█         | 5/49 [00:06<01:02,  1.42s/it]
2026-08-18 20:56:03+08:00 [1A2026-08-18 20:56:03+08:00 minimax_h3 denoise:  10%|█         | 5/49 [00:06<01:02,  1.42s/it]
2026-08-18 20:56:04+08:00 [1A2026-08-18 20:56:04+08:00 minimax_h3 denoise:  12%|█▏        | 6/49 [00:07<01:02,  1.45s/it]
[1Aminimax_h3 denoise:  12%|█▏        | 6/49 [00:07<01:02,  1.45s/it]2026-08-18 20:56:04+08:00 
2026-08-18 20:56:06+08:00 [1A2026-08-18 20:56:06+08:00 minimax_h3 denoise:  14%|█▍        | 7/49 [00:09<01:02,  1.48s/it]
2026-08-18 20:56:06+08:00 [1A2026-08-18 20:56:06+08:00 minimax_h3 denoise:  14%|█▍        | 7/49 [00:09<01:02,  1.48s/it]
2026-08-18 20:56:07+08:00 [1A2026-08-18 20:56:07+08:00 minimax_h3 denoise:  16%|█▋        | 8/49 [00:10<01:01,  1.49s/it]
[1Aminimax_h3 denoise:  16%|█▋        | 8/49 [00:10<01:01,  1.49s/it]2026-08-18 20:56:07+08:00 
2026-08-18 20:56:08+08:00 [2026-08-18 12:56:08] [32mINFO[0m:     172.20.8.115:59036 - "[1mGET /v1/videos/6ea5f6cf-e37b-4def-a86e-0d9c13d5b16d HTTP/1.1[0m" [32m200 OK[0m
2026-08-18 20:56:08+08:00 [2026-08-18 12:56:08] [32mINFO[0m:     172.20.8.115:59036 - "[1mGET /v1/videos/6ea5f6cf-e37b-4def-a86e-0d9c13d5b16d HTTP/1.1[0m" [32m200 OK[0m
2026-08-18 20:56:08+08:00     GET /v1/videos/6ea5f6cf-e37b-4def-a86e-0d9c13d5b16d -> 200 OK  (duration: 96.5 ms, execution: 27.2 ms)
2026-08-18 20:56:08+08:00     GET /v1/videos/6ea5f6cf-e37b-4def-a86e-0d9c13d5b16d -> 200 OK  (duration: 96.5 ms, execution: 27.2 ms)
2026-08-18 20:56:09+08:00 [1A2026-08-18 20:56:09+08:00 minimax_h3 denoise:  18%|█▊        | 9/49 [00:12<01:00,  1.50s/it]
2026-08-18 20:56:09+08:00 [1A2026-08-18 20:56:09+08:00 minimax_h3 denoise:  18%|█▊        | 9/49 [00:12<01:00,  1.50s/it]
2026-08-18 20:56:10+08:00 [1A2026-08-18 20:56:10+08:00 minimax_h3 denoise:  20%|██        | 10/49 [00:13<00:58,  1.51s/it]
2026-08-18 20:56:10+08:00 [1A2026-08-18 20:56:10+08:00 minimax_h3 denoise:  20%|██        | 10/49 [00:13<00:58,  1.51s/it]
2026-08-18 20:56:12+08:00 [1A2026-08-18 20:56:12+08:00 minimax_h3 denoise:  22%|██▏       | 11/49 [00:15<00:57,  1.51s/it]
2026-08-18 20:56:12+08:00 [1A2026-08-18 20:56:12+08:00 minimax_h3 denoise:  22%|██▏       | 11/49 [00:15<00:57,  1.51s/it]
2026-08-18 20:56:13+08:00 [1A2026-08-18 20:56:13+08:00 minimax_h3 denoise:  24%|██▍       | 12/49 [00:17<00:55,  1.51s/it]
2026-08-18 20:56:13+08:00 [1A2026-08-18 20:56:13+08:00 minimax_h3 denoise:  24%|██▍       | 12/49 [00:17<00:55,  1.51s/it]
2026-08-18 20:56:14+08:00 [2026-08-18 12:56:14] [32mINFO[0m:     172.20.8.115:23525 - "[1mGET /v1/videos/6ea5f6cf-e37b-4def-a86e-0d9c13d5b16d HTTP/1.1[0m" [32m200 OK[0m
2026-08-18 20:56:14+08:00 [2026-08-18 12:56:14] [32mINFO[0m:     172.20.8.115:23525 - "[1mGET /v1/videos/6ea5f6cf-e37b-4def-a86e-0d9c13d5b16d HTTP/1.1[0m" [32m200 OK[0m
2026-08-18 20:56:14+08:00     GET /v1/videos/6ea5f6cf-e37b-4def-a86e-0d9c13d5b16d -> 200 OK  (duration: 83.5 ms, execution: 25.9 ms)
2026-08-18 20:56:14+08:00     GET /v1/videos/6ea5f6cf-e37b-4def-a86e-0d9c13d5b16d -> 200 OK  (duration: 83.5 ms, execution: 25.9 ms)
2026-08-18 20:56:15+08:00 [1A2026-08-18 20:56:15+08:00 minimax_h3 denoise:  27%|██▋       | 13/49 [00:18<00:54,  1.51s/it]
2026-08-18 20:56:15+08:00 [1A2026-08-18 20:56:15+08:00 minimax_h3 denoise:  27%|██▋       | 13/49 [00:18<00:54,  1.51s/it]
2026-08-18 20:56:16+08:00 [1A2026-08-18 20:56:16+08:00 minimax_h3 denoise:  29%|██▊       | 14/49 [00:20<00:53,  1.52s/it]
2026-08-18 20:56:16+08:00 [1A2026-08-18 20:56:16+08:00 minimax_h3 denoise:  29%|██▊       | 14/49 [00:20<00:53,  1.52s/it]
2026-08-18 20:56:18+08:00 [1A2026-08-18 20:56:18+08:00 minimax_h3 denoise:  31%|███       | 15/49 [00:21<00:51,  1.52s/it]
2026-08-18 20:56:18+08:00 [1A2026-08-18 20:56:18+08:00 minimax_h3 denoise:  31%|███       | 15/49 [00:21<00:51,  1.52s/it]
2026-08-18 20:56:19+08:00 [1A2026-08-18 20:56:19+08:00 minimax_h3 denoise:  33%|███▎      | 16/49 [00:23<00:50,  1.52s/it]
2026-08-18 20:56:19+08:00 [1A2026-08-18 20:56:19+08:00 minimax_h3 denoise:  33%|███▎      | 16/49 [00:23<00:50,  1.52s/it]
2026-08-18 20:56:20+08:00 [2026-08-18 12:56:20] [32mINFO[0m:     172.20.8.115:63340 - "[1mGET /v1/videos/6ea5f6cf-e37b-4def-a86e-0d9c13d5b16d HTTP/1.1[0m" [32m200 OK[0m
2026-08-18 20:56:20+08:00 [2026-08-18 12:56:20] [32mINFO[0m:     172.20.8.115:63340 - "[1mGET /v1/videos/6ea5f6cf-e37b-4def-a86e-0d9c13d5b16d HTTP/1.1[0m" [32m200 OK[0m
2026-08-18 20:56:20+08:00     GET /v1/videos/6ea5f6cf-e37b-4def-a86e-0d9c13d5b16d -> 200 OK  (duration: 81.1 ms, execution: 27.4 ms)
2026-08-18 20:56:20+08:00     GET /v1/videos/6ea5f6cf-e37b-4def-a86e-0d9c13d5b16d -> 200 OK  (duration: 81.1 ms, execution: 27.4 ms)
2026-08-18 20:56:21+08:00 [1A2026-08-18 20:56:21+08:00 minimax_h3 denoise:  35%|███▍      | 17/49 [00:24<00:48,  1.52s/it]
2026-08-18 20:56:21+08:00 [1A2026-08-18 20:56:21+08:00 minimax_h3 denoise:  35%|███▍      | 17/49 [00:24<00:48,  1.52s/it]
2026-08-18 20:56:23+08:00 [1A2026-08-18 20:56:23+08:00 minimax_h3 denoise:  37%|███▋      | 18/49 [00:26<00:47,  1.52s/it]
2026-08-18 20:56:23+08:00 [1A2026-08-18 20:56:23+08:00 minimax_h3 denoise:  37%|███▋      | 18/49 [00:26<00:47,  1.52s/it]
2026-08-18 20:56:24+08:00 [1A2026-08-18 20:56:24+08:00 minimax_h3 denoise:  39%|███▉      | 19/49 [00:27<00:45,  1.52s/it]
2026-08-18 20:56:24+08:00 [1A2026-08-18 20:56:24+08:00 minimax_h3 denoise:  39%|███▉      | 19/49 [00:27<00:45,  1.52s/it]
2026-08-18 20:56:26+08:00 [1A2026-08-18 20:56:26+08:00 minimax_h3 denoise:  41%|████      | 20/49 [00:29<00:44,  1.52s/it]
2026-08-18 20:56:26+08:00 [1A2026-08-18 20:56:26+08:00 minimax_h3 denoise:  41%|████      | 20/49 [00:29<00:44,  1.52s/it]
2026-08-18 20:56:26+08:00 [2026-08-18 12:56:26] [32mINFO[0m:     172.20.8.115:65057 - "[1mGET /v1/videos/6ea5f6cf-e37b-4def-a86e-0d9c13d5b16d HTTP/1.1[0m" [32m200 OK[0m
2026-08-18 20:56:26+08:00 [2026-08-18 12:56:26] [32mINFO[0m:     172.20.8.115:65057 - "[1mGET /v1/videos/6ea5f6cf-e37b-4def-a86e-0d9c13d5b16d HTTP/1.1[0m" [32m200 OK[0m
2026-08-18 20:56:26+08:00     GET /v1/videos/6ea5f6cf-e37b-4def-a86e-0d9c13d5b16d -> 200 OK  (duration: 77.8 ms, execution: 26.8 ms)
2026-08-18 20:56:26+08:00     GET /v1/videos/6ea5f6cf-e37b-4def-a86e-0d9c13d5b16d -> 200 OK  (duration: 77.8 ms, execution: 26.8 ms)
2026-08-18 20:56:27+08:00 [1A2026-08-18 20:56:27+08:00 minimax_h3 denoise:  43%|████▎     | 21/49 [00:30<00:42,  1.52s/it]
2026-08-18 20:56:27+08:00 [1A2026-08-18 20:56:27+08:00 minimax_h3 denoise:  43%|████▎     | 21/49 [00:30<00:42,  1.52s/it]
2026-08-18 20:56:29+08:00 [1A2026-08-18 20:56:29+08:00 minimax_h3 denoise:  45%|████▍     | 22/49 [00:32<00:41,  1.52s/it]
2026-08-18 20:56:29+08:00 [1A2026-08-18 20:56:29+08:00 minimax_h3 denoise:  45%|████▍     | 22/49 [00:32<00:41,  1.52s/it]
2026-08-18 20:56:30+08:00 [1A2026-08-18 20:56:30+08:00 minimax_h3 denoise:  47%|████▋     | 23/49 [00:33<00:39,  1.52s/it]
2026-08-18 20:56:30+08:00 [1A2026-08-18 20:56:30+08:00 minimax_h3 denoise:  47%|████▋     | 23/49 [00:33<00:39,  1.52s/it]
2026-08-18 20:56:32+08:00 [1A2026-08-18 20:56:32+08:00 minimax_h3 denoise:  49%|████▉     | 24/49 [00:35<00:37,  1.52s/it]
2026-08-18 20:56:32+08:00 [1A2026-08-18 20:56:32+08:00 minimax_h3 denoise:  49%|████▉     | 24/49 [00:35<00:37,  1.52s/it]
2026-08-18 20:56:32+08:00 [2026-08-18 12:56:32] [32mINFO[0m:     172.20.8.115:23386 - "[1mGET /v1/videos/6ea5f6cf-e37b-4def-a86e-0d9c13d5b16d HTTP/1.1[0m" [32m200 OK[0m
2026-08-18 20:56:32+08:00 [2026-08-18 12:56:32] [32mINFO[0m:     172.20.8.115:23386 - "[1mGET /v1/videos/6ea5f6cf-e37b-4def-a86e-0d9c13d5b16d HTTP/1.1[0m" [32m200 OK[0m
2026-08-18 20:56:32+08:00     GET /v1/videos/6ea5f6cf-e37b-4def-a86e-0d9c13d5b16d -> 200 OK  (duration: 81.6 ms, execution: 27.2 ms)
2026-08-18 20:56:32+08:00     GET /v1/videos/6ea5f6cf-e37b-4def-a86e-0d9c13d5b16d -> 200 OK  (duration: 81.6 ms, execution: 27.2 ms)
2026-08-18 20:56:33+08:00 [1A2026-08-18 20:56:33+08:00 minimax_h3 denoise:  51%|█████     | 25/49 [00:36<00:36,  1.52s/it]
2026-08-18 20:56:33+08:00 [1A2026-08-18 20:56:33+08:00 minimax_h3 denoise:  51%|█████     | 25/49 [00:36<00:36,  1.52s/it]
2026-08-18 20:56:35+08:00 [1A2026-08-18 20:56:35+08:00 minimax_h3 denoise:  53%|█████▎    | 26/49 [00:38<00:34,  1.52s/it]
2026-08-18 20:56:35+08:00 [1A2026-08-18 20:56:35+08:00 minimax_h3 denoise:  53%|█████▎    | 26/49 [00:38<00:34,  1.52s/it]
2026-08-18 20:56:36+08:00 [1A2026-08-18 20:56:36+08:00 minimax_h3 denoise:  55%|█████▌    | 27/49 [00:39<00:33,  1.52s/it]
2026-08-18 20:56:36+08:00 [1A2026-08-18 20:56:36+08:00 minimax_h3 denoise:  55%|█████▌    | 27/49 [00:39<00:33,  1.52s/it]
2026-08-18 20:56:38+08:00 [1A2026-08-18 20:56:38+08:00 minimax_h3 denoise:  57%|█████▋    | 28/49 [00:41<00:31,  1.52s/it]
2026-08-18 20:56:38+08:00 [1A2026-08-18 20:56:38+08:00 minimax_h3 denoise:  57%|█████▋    | 28/49 [00:41<00:31,  1.52s/it]
2026-08-18 20:56:38+08:00 [2026-08-18 12:56:38] [32mINFO[0m:     172.20.8.115:29395 - "[1mGET /v1/videos/6ea5f6cf-e37b-4def-a86e-0d9c13d5b16d HTTP/1.1[0m" [32m200 OK[0m
2026-08-18 20:56:38+08:00 [2026-08-18 12:56:38] [32mINFO[0m:     172.20.8.115:29395 - "[1mGET /v1/videos/6ea5f6cf-e37b-4def-a86e-0d9c13d5b16d HTTP/1.1[0m" [32m200 OK[0m
2026-08-18 20:56:38+08:00     GET /v1/videos/6ea5f6cf-e37b-4def-a86e-0d9c13d5b16d -> 200 OK  (duration: 75.6 ms, execution: 25.7 ms)
2026-08-18 20:56:38+08:00     GET /v1/videos/6ea5f6cf-e37b-4def-a86e-0d9c13d5b16d -> 200 OK  (duration: 75.6 ms, execution: 25.7 ms)
2026-08-18 20:56:39+08:00 [1A2026-08-18 20:56:39+08:00 minimax_h3 denoise:  59%|█████▉    | 29/49 [00:42<00:30,  1.52s/it]
2026-08-18 20:56:39+08:00 [1A2026-08-18 20:56:39+08:00 minimax_h3 denoise:  59%|█████▉    | 29/49 [00:42<00:30,  1.52s/it]
2026-08-18 20:56:41+08:00 [1A2026-08-18 20:56:41+08:00 minimax_h3 denoise:  61%|██████    | 30/49 [00:44<00:28,  1.52s/it]
2026-08-18 20:56:41+08:00 [1A2026-08-18 20:56:41+08:00 minimax_h3 denoise:  61%|██████    | 30/49 [00:44<00:28,  1.52s/it]
2026-08-18 20:56:42+08:00 [1A2026-08-18 20:56:42+08:00 minimax_h3 denoise:  63%|██████▎   | 31/49 [00:45<00:27,  1.52s/it]
2026-08-18 20:56:42+08:00 [1A2026-08-18 20:56:42+08:00 minimax_h3 denoise:  63%|██████▎   | 31/49 [00:45<00:27,  1.52s/it]
2026-08-18 20:56:44+08:00 [1A2026-08-18 20:56:44+08:00 minimax_h3 denoise:  65%|██████▌   | 32/49 [00:47<00:25,  1.52s/it]
2026-08-18 20:56:44+08:00 [1A2026-08-18 20:56:44+08:00 minimax_h3 denoise:  65%|██████▌   | 32/49 [00:47<00:25,  1.52s/it]
2026-08-18 20:56:44+08:00 [2026-08-18 12:56:44] [32mINFO[0m:     172.20.8.115:62036 - "[1mGET /v1/videos/6ea5f6cf-e37b-4def-a86e-0d9c13d5b16d HTTP/1.1[0m" [32m200 OK[0m
2026-08-18 20:56:44+08:00 [2026-08-18 12:56:44] [32mINFO[0m:     172.20.8.115:62036 - "[1mGET /v1/videos/6ea5f6cf-e37b-4def-a86e-0d9c13d5b16d HTTP/1.1[0m" [32m200 OK[0m
2026-08-18 20:56:44+08:00     GET /v1/videos/6ea5f6cf-e37b-4def-a86e-0d9c13d5b16d -> 200 OK  (duration: 80.7 ms, execution: 26.6 ms)
2026-08-18 20:56:44+08:00     GET /v1/videos/6ea5f6cf-e37b-4def-a86e-0d9c13d5b16d -> 200 OK  (duration: 80.7 ms, execution: 26.6 ms)
2026-08-18 20:56:45+08:00 [1A2026-08-18 20:56:45+08:00 minimax_h3 denoise:  67%|██████▋   | 33/49 [00:48<00:24,  1.52s/it]
2026-08-18 20:56:45+08:00 [1A2026-08-18 20:56:45+08:00 minimax_h3 denoise:  67%|██████▋   | 33/49 [00:48<00:24,  1.52s/it]
2026-08-18 20:56:47+08:00 [1A2026-08-18 20:56:47+08:00 minimax_h3 denoise:  69%|██████▉   | 34/49 [00:50<00:22,  1.52s/it]
2026-08-18 20:56:47+08:00 [1A2026-08-18 20:56:47+08:00 minimax_h3 denoise:  69%|██████▉   | 34/49 [00:50<00:22,  1.52s/it]
2026-08-18 20:56:48+08:00 [1A2026-08-18 20:56:48+08:00 minimax_h3 denoise:  71%|███████▏  | 35/49 [00:51<00:21,  1.52s/it]
2026-08-18 20:56:48+08:00 [1A2026-08-18 20:56:48+08:00 minimax_h3 denoise:  71%|███████▏  | 35/49 [00:51<00:21,  1.52s/it]
2026-08-18 20:56:50+08:00 [1A2026-08-18 20:56:50+08:00 minimax_h3 denoise:  73%|███████▎  | 36/49 [00:53<00:19,  1.52s/it]
2026-08-18 20:56:50+08:00 [1A2026-08-18 20:56:50+08:00 minimax_h3 denoise:  73%|███████▎  | 36/49 [00:53<00:19,  1.52s/it]
2026-08-18 20:56:50+08:00 [2026-08-18 12:56:50] [32mINFO[0m:     172.20.8.115:25950 - "[1mGET /v1/videos/6ea5f6cf-e37b-4def-a86e-0d9c13d5b16d HTTP/1.1[0m" [32m200 OK[0m
2026-08-18 20:56:50+08:00 [2026-08-18 12:56:50] [32mINFO[0m:     172.20.8.115:25950 - "[1mGET /v1/videos/6ea5f6cf-e37b-4def-a86e-0d9c13d5b16d HTTP/1.1[0m" [32m200 OK[0m
2026-08-18 20:56:50+08:00     GET /v1/videos/6ea5f6cf-e37b-4def-a86e-0d9c13d5b16d -> 200 OK  (duration: 78.5 ms, execution: 26.1 ms)
2026-08-18 20:56:50+08:00     GET /v1/videos/6ea5f6cf-e37b-4def-a86e-0d9c13d5b16d -> 200 OK  (duration: 78.5 ms, execution: 26.1 ms)
2026-08-18 20:56:51+08:00 [1A2026-08-18 20:56:51+08:00 minimax_h3 denoise:  76%|███████▌  | 37/49 [00:54<00:18,  1.52s/it]
2026-08-18 20:56:51+08:00 [1A2026-08-18 20:56:51+08:00 minimax_h3 denoise:  76%|███████▌  | 37/49 [00:54<00:18,  1.52s/it]
2026-08-18 20:56:53+08:00 [1A2026-08-18 20:56:53+08:00 minimax_h3 denoise:  78%|███████▊  | 38/49 [00:56<00:16,  1.52s/it]
2026-08-18 20:56:53+08:00 [1A2026-08-18 20:56:53+08:00 minimax_h3 denoise:  78%|███████▊  | 38/49 [00:56<00:16,  1.52s/it]
2026-08-18 20:56:54+08:00 [1A2026-08-18 20:56:54+08:00 minimax_h3 denoise:  80%|███████▉  | 39/49 [00:58<00:15,  1.52s/it]
2026-08-18 20:56:54+08:00 [1A2026-08-18 20:56:54+08:00 minimax_h3 denoise:  80%|███████▉  | 39/49 [00:58<00:15,  1.52s/it]
2026-08-18 20:56:56+08:00 [1A2026-08-18 20:56:56+08:00 minimax_h3 denoise:  82%|████████▏ | 40/49 [00:59<00:13,  1.52s/it]
2026-08-18 20:56:56+08:00 [1A2026-08-18 20:56:56+08:00 minimax_h3 denoise:  82%|████████▏ | 40/49 [00:59<00:13,  1.52s/it]
2026-08-18 20:56:56+08:00 [2026-08-18 12:56:56] [32mINFO[0m:     172.20.8.115:18810 - "[1mGET /v1/videos/6ea5f6cf-e37b-4def-a86e-0d9c13d5b16d HTTP/1.1[0m" [32m200 OK[0m
2026-08-18 20:56:56+08:00 [2026-08-18 12:56:56] [32mINFO[0m:     172.20.8.115:18810 - "[1mGET /v1/videos/6ea5f6cf-e37b-4def-a86e-0d9c13d5b16d HTTP/1.1[0m" [32m200 OK[0m
2026-08-18 20:56:56+08:00     GET /v1/videos/6ea5f6cf-e37b-4def-a86e-0d9c13d5b16d -> 200 OK  (duration: 81.4 ms, execution: 26.1 ms)
2026-08-18 20:56:56+08:00     GET /v1/videos/6ea5f6cf-e37b-4def-a86e-0d9c13d5b16d -> 200 OK  (duration: 81.4 ms, execution: 26.1 ms)
2026-08-18 20:56:57+08:00 [1A2026-08-18 20:56:57+08:00 minimax_h3 denoise:  84%|████████▎ | 41/49 [01:01<00:12,  1.52s/it]
2026-08-18 20:56:57+08:00 [1A2026-08-18 20:56:57+08:00 minimax_h3 denoise:  84%|████████▎ | 41/49 [01:01<00:12,  1.52s/it]
2026-08-18 20:56:59+08:00 [1A2026-08-18 20:56:59+08:00 minimax_h3 denoise:  86%|████████▌ | 42/49 [01:02<00:10,  1.52s/it]
2026-08-18 20:56:59+08:00 [1A2026-08-18 20:56:59+08:00 minimax_h3 denoise:  86%|████████▌ | 42/49 [01:02<00:10,  1.52s/it]
2026-08-18 20:57:00+08:00 [1A2026-08-18 20:57:00+08:00 minimax_h3 denoise:  88%|████████▊ | 43/49 [01:04<00:09,  1.52s/it]
[1Aminimax_h3 denoise:  88%|████████▊ | 43/49 [01:04<00:09,  1.52s/it]2026-08-18 20:57:00+08:00 
2026-08-18 20:57:02+08:00 [1A2026-08-18 20:57:02+08:00 minimax_h3 denoise:  90%|████████▉ | 44/49 [01:05<00:07,  1.52s/it]
[1Aminimax_h3 denoise:  90%|████████▉ | 44/49 [01:05<00:07,  1.52s/it]2026-08-18 20:57:02+08:00 
2026-08-18 20:57:02+08:00 [2026-08-18 12:57:02] [32mINFO[0m:     172.20.8.115:16793 - "[1mGET /v1/videos/6ea5f6cf-e37b-4def-a86e-0d9c13d5b16d HTTP/1.1[0m" [32m200 OK[0m
2026-08-18 20:57:02+08:00 [2026-08-18 12:57:02] [32mINFO[0m:     172.20.8.115:16793 - "[1mGET /v1/videos/6ea5f6cf-e37b-4def-a86e-0d9c13d5b16d HTTP/1.1[0m" [32m200 OK[0m
2026-08-18 20:57:02+08:00     GET /v1/videos/6ea5f6cf-e37b-4def-a86e-0d9c13d5b16d -> 200 OK  (duration: 75.6 ms, execution: 25.5 ms)
2026-08-18 20:57:02+08:00     GET /v1/videos/6ea5f6cf-e37b-4def-a86e-0d9c13d5b16d -> 200 OK  (duration: 75.6 ms, execution: 25.5 ms)
2026-08-18 20:57:04+08:00 [1A2026-08-18 20:57:04+08:00 minimax_h3 denoise:  92%|█████████▏| 45/49 [01:07<00:06,  1.52s/it]
2026-08-18 20:57:04+08:00 [1A2026-08-18 20:57:04+08:00 minimax_h3 denoise:  92%|█████████▏| 45/49 [01:07<00:06,  1.52s/it]
2026-08-18 20:57:05+08:00 [1A2026-08-18 20:57:05+08:00 minimax_h3 denoise:  94%|█████████▍| 46/49 [01:08<00:04,  1.52s/it]
2026-08-18 20:57:05+08:00 [1A2026-08-18 20:57:05+08:00 minimax_h3 denoise:  94%|█████████▍| 46/49 [01:08<00:04,  1.52s/it]
2026-08-18 20:57:07+08:00 [1A2026-08-18 20:57:07+08:00 minimax_h3 denoise:  96%|█████████▌| 47/49 [01:10<00:03,  1.52s/it]
2026-08-18 20:57:07+08:00 [1A2026-08-18 20:57:07+08:00 minimax_h3 denoise:  96%|█████████▌| 47/49 [01:10<00:03,  1.52s/it]
2026-08-18 20:57:08+08:00 [1A2026-08-18 20:57:08+08:00 minimax_h3 denoise:  98%|█████████▊| 48/49 [01:11<00:01,  1.52s/it]
2026-08-18 20:57:08+08:00 [1A2026-08-18 20:57:08+08:00 minimax_h3 denoise:  98%|█████████▊| 48/49 [01:11<00:01,  1.52s/it]
2026-08-18 20:57:08+08:00 [1A2026-08-18 20:57:08+08:00 minimax_h3 denoise: 100%|██████████| 49/49 [01:13<00:00,  1.52s/it]
2026-08-18 20:57:08+08:00 [1A2026-08-18 20:57:08+08:00 minimax_h3 denoise: 100%|██████████| 49/49 [01:13<00:00,  1.52s/it]
2026-08-18 20:57:08+08:00 [1A2026-08-18 20:57:08+08:00 minimax_h3 denoise: 100%|██████████| 49/49 [01:13<00:00,  1.49s/it]
2026-08-18 20:57:08+08:00 [1A2026-08-18 20:57:08+08:00 minimax_h3 denoise: 100%|██████████| 49/49 [01:13<00:00,  1.49s/it]
2026-08-18 20:57:08+08:00 [08-18 12:57:08] [MiniMaxH3DenoisingStage] finished in 73.2256 seconds
2026-08-18 20:57:08+08:00 [08-18 12:57:08] [MiniMaxH3DenoisingStage] finished in 73.2256 seconds
2026-08-18 20:57:08+08:00 [2026-08-18 12:57:08] [32mINFO[0m:     172.20.8.115:46880 - "[1mGET /v1/videos/6ea5f6cf-e37b-4def-a86e-0d9c13d5b16d HTTP/1.1[0m" [32m200 OK[0m
2026-08-18 20:57:08+08:00 [2026-08-18 12:57:08] [32mINFO[0m:     172.20.8.115:46880 - "[1mGET /v1/videos/6ea5f6cf-e37b-4def-a86e-0d9c13d5b16d HTTP/1.1[0m" [32m200 OK[0m
2026-08-18 20:57:08+08:00     GET /v1/videos/6ea5f6cf-e37b-4def-a86e-0d9c13d5b16d -> 200 OK  (duration: 81.3 ms, execution: 26.8 ms)
2026-08-18 20:57:08+08:00     GET /v1/videos/6ea5f6cf-e37b-4def-a86e-0d9c13d5b16d -> 200 OK  (duration: 81.3 ms, execution: 26.8 ms)
2026-08-18 20:57:09+08:00 [08-18 12:57:09] [MiniMaxH3DecodingStage] started...
2026-08-18 20:57:09+08:00 [08-18 12:57:09] [MiniMaxH3DecodingStage] started...
2026-08-18 20:57:11+08:00 [08-18 12:57:11] [MiniMaxH3DecodingStage] finished in 1.3032 seconds
2026-08-18 20:57:11+08:00 [08-18 12:57:11] [MiniMaxH3DecodingStage] finished in 1.3032 seconds
2026-08-18 20:57:11+08:00 Guessed Channel Layout for Input Stream #1.0 : stereo
2026-08-18 20:57:11+08:00 Guessed Channel Layout for Input Stream #1.0 : stereo
2026-08-18 20:57:11+08:00 [rawvideo @ 0x55019c0] Thread message queue blocking; consider raising the thread_queue_size option (current value: 8)
2026-08-18 20:57:11+08:00 [rawvideo @ 0x55019c0] Thread message queue blocking; consider raising the thread_queue_size option (current value: 8)
2026-08-18 20:57:12+08:00 [08-18 12:57:12] Output saved to [1;36moutputs/6ea5f6cf-e37b-4def-a86e-0d9c13d5b16d.mp4[0;0m
2026-08-18 20:57:12+08:00 [08-18 12:57:12] Output saved to [1;36moutputs/6ea5f6cf-e37b-4def-a86e-0d9c13d5b16d.mp4[0;0m
2026-08-18 20:57:12+08:00 [08-18 12:57:12] Pixel data generated successfully in [92m76.92[0;0m seconds
2026-08-18 20:57:12+08:00 [08-18 12:57:12] Peak memory usage: 59318.00 MB
2026-08-18 20:57:12+08:00 [08-18 12:57:12] Pixel data generated successfully in [92m76.92[0;0m seconds
2026-08-18 20:57:12+08:00 [08-18 12:57:12] Peak memory usage: 59318.00 MB
2026-08-18 20:57:14+08:00 [2026-08-18 12:57:14] [32mINFO[0m:     172.20.8.115:61217 - "[1mGET /v1/videos/6ea5f6cf-e37b-4def-a86e-0d9c13d5b16d HTTP/1.1[0m" [32m200 OK[0m
2026-08-18 20:57:14+08:00 [2026-08-18 12:57:14] [32mINFO[0m:     172.20.8.115:61217 - "[1mGET /v1/videos/6ea5f6cf-e37b-4def-a86e-0d9c13d5b16d HTTP/1.1[0m" [32m200 OK[0m
2026-08-18 20:57:14+08:00     GET /v1/videos/6ea5f6cf-e37b-4def-a86e-0d9c13d5b16d -> 200 OK  (duration: 79.3 ms, execution: 26.9 ms)
2026-08-18 20:57:14+08:00     GET /v1/videos/6ea5f6cf-e37b-4def-a86e-0d9c13d5b16d -> 200 OK  (duration: 79.3 ms, execution: 26.9 ms)
2026-08-18 20:57:15+08:00 [2026-08-18 12:57:15] [32mINFO[0m:     172.20.8.115:61217 - "[1mGET /v1/videos/6ea5f6cf-e37b-4def-a86e-0d9c13d5b16d/content HTTP/1.1[0m" [32m200 OK[0m
2026-08-18 20:57:15+08:00 [2026-08-18 12:57:15] [32mINFO[0m:     172.20.8.115:61217 - "[1mGET /v1/videos/6ea5f6cf-e37b-4def-a86e-0d9c13d5b16d/content HTTP/1.1[0m" [32m200 OK[0m
2026-08-18 20:57:15+08:00     GET /v1/videos/6ea5f6cf-e37b-4def-a86e-0d9c13d5b16d/content -> 200 OK  (duration: 109.6 ms, execution: 53.7 ms)
2026-08-18 20:57:15+08:00     GET /v1/videos/6ea5f6cf-e37b-4def-a86e-0d9c13d5b16d/content -> 200 OK  (duration: 109.6 ms, execution: 53.7 ms)
2026-08-18 20:58:47+08:00 [2026-08-18 12:58:47] [32mINFO[0m:     172.20.8.115:49933 - "[1mGET /health HTTP/1.1[0m" [32m200 OK[0m
2026-08-18 20:58:47+08:00 [2026-08-18 12:58:47] [32mINFO[0m:     172.20.8.115:49933 - "[1mGET /health HTTP/1.1[0m" [32m200 OK[0m
2026-08-18 20:58:47+08:00     GET /health -> 200 OK  (duration: 225.1 ms, execution: 167.0 ms)
2026-08-18 20:58:47+08:00     GET /health -> 200 OK  (duration: 225.1 ms, execution: 167.0 ms)
2026-08-18 20:58:48+08:00 [08-18 12:58:48] Adjusting number of frames from 1 to 1 based on model
2026-08-18 20:58:48+08:00 [08-18 12:58:48] Adjusting number of frames from 1 to 13 based on number of GPUs (4)
2026-08-18 20:58:48+08:00 [08-18 12:58:48] Adjusting number of frames from 1 to 1 based on model
2026-08-18 20:58:48+08:00 [08-18 12:58:48] Adjusting number of frames from 1 to 13 based on number of GPUs (4)
2026-08-18 20:58:48+08:00 [2026-08-18 12:58:48] [32mINFO[0m:     172.20.8.115:49933 - "[1mPOST /v1/videos HTTP/1.1[0m" [31m400 Bad Request[0m
2026-08-18 20:58:48+08:00 [2026-08-18 12:58:48] [32mINFO[0m:     172.20.8.115:49933 - "[1mPOST /v1/videos HTTP/1.1[0m" [31m400 Bad Request[0m
2026-08-18 20:58:49+08:00    POST /v1/videos -> 400 Bad Request  (duration: 101.8 ms, execution: 50.9 ms)
2026-08-18 20:58:49+08:00    POST /v1/videos -> 400 Bad Request  (duration: 101.8 ms, execution: 50.9 ms)
2026-08-18 21:00:09+08:00 [2026-08-18 13:00:09] [32mINFO[0m:     172.20.8.115:17767 - "[1mGET /health HTTP/1.1[0m" [32m200 OK[0m
2026-08-18 21:00:09+08:00 [2026-08-18 13:00:09] [32mINFO[0m:     172.20.8.115:17767 - "[1mGET /health HTTP/1.1[0m" [32m200 OK[0m
2026-08-18 21:00:09+08:00     GET /health -> 200 OK  (duration: 156.1 ms, execution: 76.5 ms)
2026-08-18 21:00:09+08:00     GET /health -> 200 OK  (duration: 156.1 ms, execution: 76.5 ms)
2026-08-18 21:00:10+08:00 [08-18 13:00:10] Adjusting number of frames from 1 to 1 based on model
2026-08-18 21:00:10+08:00 [08-18 13:00:10] Adjusting number of frames from 1 to 1 based on model
2026-08-18 21:00:10+08:00    POST /v1/videos -> 200 OK  (duration: 112.1 ms, execution: 54.8 ms)
2026-08-18 21:00:10+08:00    POST /v1/videos -> 200 OK  (duration: 112.1 ms, execution: 54.8 ms)
2026-08-18 21:00:10+08:00 [08-18 13:00:10] Adjusting number of frames from 1 to 13 based on number of GPUs (4)
2026-08-18 21:00:10+08:00 [2026-08-18 13:00:10] [32mINFO[0m:     172.20.8.115:17767 - "[1mPOST /v1/videos HTTP/1.1[0m" [32m200 OK[0m
2026-08-18 21:00:10+08:00 [08-18 13:00:10] Adjusting number of frames from 1 to 13 based on number of GPUs (4)
2026-08-18 21:00:10+08:00 [2026-08-18 13:00:10] [32mINFO[0m:     172.20.8.115:17767 - "[1mPOST /v1/videos HTTP/1.1[0m" [32m200 OK[0m
2026-08-18 21:00:11+08:00 [08-18 13:00:11] Sampling params:
2026-08-18 21:00:11+08:00                        width: 1344
2026-08-18 21:00:11+08:00                       height: 768
2026-08-18 21:00:11+08:00                   num_frames: 124
2026-08-18 21:00:11+08:00                          fps: 24
2026-08-18 21:00:11+08:00                       prompt: <redacted, len=26>
2026-08-18 21:00:11+08:00                   neg_prompt: None
2026-08-18 21:00:11+08:00                         seed: 1101
2026-08-18 21:00:11+08:00                  infer_steps: 50
2026-08-18 21:00:11+08:00       num_outputs_per_prompt: 1
2026-08-18 21:00:11+08:00               guidance_scale: 1.0
2026-08-18 21:00:11+08:00      embedded_guidance_scale: 6.0
2026-08-18 21:00:11+08:00                     n_tokens: None
2026-08-18 21:00:11+08:00                   flow_shift: 12.0
2026-08-18 21:00:11+08:00                   image_path: None
2026-08-18 21:00:11+08:00                  save_output: True
2026-08-18 21:00:11+08:00             output_file_path: outputs/3ad30d12-5991-4623-ab41-8ca28625bd11.mp4
2026-08-18 21:00:11+08:00         
2026-08-18 21:00:11+08:00 [08-18 13:00:11] Running pipeline stages: ['InputValidationStage', 'MiniMaxH3PartitionAdmissionStage', 'MiniMaxH3TextEncodingStage', 'MiniMaxH3VisualEncodingStage', 'MiniMaxH3AudioEncodingStage', 'MiniMaxH3LatentPreparationStage', 'MiniMaxH3TimestepPreparationStage', 'MiniMaxH3DenoisingStage', 'MiniMaxH3DecodingStage']
2026-08-18 21:00:11+08:00 [08-18 13:00:11] [InputValidationStage] started...
2026-08-18 21:00:11+08:00 [08-18 13:00:11] [InputValidationStage] finished in 0.0001 seconds
2026-08-18 21:00:11+08:00 [08-18 13:00:11] [MiniMaxH3PartitionAdmissionStage] started...
2026-08-18 21:00:11+08:00 [08-18 13:00:11] [MiniMaxH3PartitionAdmissionStage] finished in 0.0001 seconds
2026-08-18 21:00:11+08:00 [08-18 13:00:11] [MiniMaxH3TextEncodingStage] started...
2026-08-18 21:00:11+08:00 [08-18 13:00:11] Sampling params:
2026-08-18 21:00:11+08:00                        width: 1344
2026-08-18 21:00:11+08:00                       height: 768
2026-08-18 21:00:11+08:00                   num_frames: 124
2026-08-18 21:00:11+08:00                          fps: 24
2026-08-18 21:00:11+08:00                       prompt: <redacted, len=26>
2026-08-18 21:00:11+08:00                   neg_prompt: None
2026-08-18 21:00:11+08:00                         seed: 1101
2026-08-18 21:00:11+08:00                  infer_steps: 50
2026-08-18 21:00:11+08:00       num_outputs_per_prompt: 1
2026-08-18 21:00:11+08:00               guidance_scale: 1.0
2026-08-18 21:00:11+08:00      embedded_guidance_scale: 6.0
2026-08-18 21:00:11+08:00                     n_tokens: None
2026-08-18 21:00:11+08:00                   flow_shift: 12.0
2026-08-18 21:00:11+08:00                   image_path: None
2026-08-18 21:00:11+08:00                  save_output: True
2026-08-18 21:00:11+08:00             output_file_path: outputs/3ad30d12-5991-4623-ab41-8ca28625bd11.mp4
2026-08-18 21:00:11+08:00         
2026-08-18 21:00:11+08:00 [08-18 13:00:11] Running pipeline stages: ['InputValidationStage', 'MiniMaxH3PartitionAdmissionStage', 'MiniMaxH3TextEncodingStage', 'MiniMaxH3VisualEncodingStage', 'MiniMaxH3AudioEncodingStage', 'MiniMaxH3LatentPreparationStage', 'MiniMaxH3TimestepPreparationStage', 'MiniMaxH3DenoisingStage', 'MiniMaxH3DecodingStage']
2026-08-18 21:00:11+08:00 [08-18 13:00:11] [InputValidationStage] started...
2026-08-18 21:00:11+08:00 [08-18 13:00:11] [InputValidationStage] finished in 0.0001 seconds
2026-08-18 21:00:11+08:00 [08-18 13:00:11] [MiniMaxH3PartitionAdmissionStage] started...
2026-08-18 21:00:11+08:00 [08-18 13:00:11] [MiniMaxH3PartitionAdmissionStage] finished in 0.0001 seconds
2026-08-18 21:00:11+08:00 [08-18 13:00:11] [MiniMaxH3TextEncodingStage] started...
2026-08-18 21:00:11+08:00 [08-18 13:00:11] [MiniMaxH3TextEncodingStage] finished in 0.0705 seconds
2026-08-18 21:00:11+08:00 [08-18 13:00:11] [MiniMaxH3TextEncodingStage] finished in 0.0705 seconds
2026-08-18 21:00:11+08:00 [08-18 13:00:11] [MiniMaxH3VisualEncodingStage] started...
2026-08-18 21:00:11+08:00 [08-18 13:00:11] [MiniMaxH3VisualEncodingStage] started...
2026-08-18 21:00:11+08:00 [08-18 13:00:11] [MiniMaxH3VisualEncodingStage] finished in 0.0000 seconds
2026-08-18 21:00:11+08:00 [08-18 13:00:11] [MiniMaxH3VisualEncodingStage] finished in 0.0000 seconds
2026-08-18 21:00:11+08:00 [08-18 13:00:11] [MiniMaxH3AudioEncodingStage] started...
2026-08-18 21:00:11+08:00 [08-18 13:00:11] [MiniMaxH3AudioEncodingStage] started...
2026-08-18 21:00:11+08:00 [08-18 13:00:11] [MiniMaxH3AudioEncodingStage] finished in 0.0000 seconds
2026-08-18 21:00:11+08:00 [08-18 13:00:11] [MiniMaxH3AudioEncodingStage] finished in 0.0000 seconds
2026-08-18 21:00:11+08:00 [08-18 13:00:11] [MiniMaxH3LatentPreparationStage] started...
2026-08-18 21:00:11+08:00 [08-18 13:00:11] [MiniMaxH3LatentPreparationStage] started...
2026-08-18 21:00:11+08:00 [08-18 13:00:11] [MiniMaxH3LatentPreparationStage] finished in 0.0300 seconds
2026-08-18 21:00:11+08:00 [08-18 13:00:11] [MiniMaxH3LatentPreparationStage] finished in 0.0300 seconds
2026-08-18 21:00:11+08:00 [08-18 13:00:11] [MiniMaxH3TimestepPreparationStage] started...
2026-08-18 21:00:11+08:00 [08-18 13:00:11] [MiniMaxH3TimestepPreparationStage] started...
2026-08-18 21:00:11+08:00 [08-18 13:00:11] [MiniMaxH3TimestepPreparationStage] finished in 0.0006 seconds
2026-08-18 21:00:11+08:00 [08-18 13:00:11] [MiniMaxH3TimestepPreparationStage] finished in 0.0006 seconds
2026-08-18 21:00:11+08:00 [08-18 13:00:11] [MiniMaxH3DenoisingStage] started...
2026-08-18 21:00:11+08:00 [08-18 13:00:11] [MiniMaxH3DenoisingStage] started...
2026-08-18 21:00:11+08:00 
2026-08-18 21:00:11+08:00 
2026-08-18 21:00:11+08:00 [1A2026-08-18 21:00:11+08:00 minimax_h3 denoise:   0%|          | 0/49 [00:00<?, ?it/s]
2026-08-18 21:00:11+08:00 [1A2026-08-18 21:00:11+08:00 minimax_h3 denoise:   0%|          | 0/49 [00:00<?, ?it/s]
2026-08-18 21:00:11+08:00 [2026-08-18 13:00:11] [32mINFO[0m:     172.20.8.115:17767 - "[1mGET /v1/videos/3ad30d12-5991-4623-ab41-8ca28625bd11 HTTP/1.1[0m" [32m200 OK[0m
2026-08-18 21:00:11+08:00 [2026-08-18 13:00:11] [32mINFO[0m:     172.20.8.115:17767 - "[1mGET /v1/videos/3ad30d12-5991-4623-ab41-8ca28625bd11 HTTP/1.1[0m" [32m200 OK[0m
2026-08-18 21:00:12+08:00     GET /v1/videos/3ad30d12-5991-4623-ab41-8ca28625bd11 -> 200 OK  (duration: 78.4 ms, execution: 26.1 ms)
2026-08-18 21:00:12+08:00     GET /v1/videos/3ad30d12-5991-4623-ab41-8ca28625bd11 -> 200 OK  (duration: 78.4 ms, execution: 26.1 ms)
2026-08-18 21:00:12+08:00 [1A2026-08-18 21:00:12+08:00 minimax_h3 denoise:   2%|▏         | 1/49 [00:00<00:12,  3.78it/s]
2026-08-18 21:00:12+08:00 [1A2026-08-18 21:00:12+08:00 minimax_h3 denoise:   2%|▏         | 1/49 [00:00<00:12,  3.78it/s]
2026-08-18 21:00:14+08:00 [1A2026-08-18 21:00:14+08:00 minimax_h3 denoise:   4%|▍         | 2/49 [00:01<00:47,  1.01s/it]
2026-08-18 21:00:14+08:00 [1A2026-08-18 21:00:14+08:00 minimax_h3 denoise:   4%|▍         | 2/49 [00:01<00:47,  1.01s/it]
2026-08-18 21:00:15+08:00 [1A2026-08-18 21:00:15+08:00 minimax_h3 denoise:   6%|▌         | 3/49 [00:03<00:57,  1.26s/it]
2026-08-18 21:00:15+08:00 [1A2026-08-18 21:00:15+08:00 minimax_h3 denoise:   6%|▌         | 3/49 [00:03<00:57,  1.26s/it]
2026-08-18 21:00:17+08:00 [1A2026-08-18 21:00:17+08:00 minimax_h3 denoise:   8%|▊         | 4/49 [00:04<01:01,  1.36s/it]
2026-08-18 21:00:17+08:00 [1A2026-08-18 21:00:17+08:00 minimax_h3 denoise:   8%|▊         | 4/49 [00:04<01:01,  1.36s/it]
2026-08-18 21:00:18+08:00 [2026-08-18 13:00:18] [32mINFO[0m:     172.20.8.115:45109 - "[1mGET /v1/videos/3ad30d12-5991-4623-ab41-8ca28625bd11 HTTP/1.1[0m" [32m200 OK[0m
2026-08-18 21:00:18+08:00 [2026-08-18 13:00:18] [32mINFO[0m:     172.20.8.115:45109 - "[1mGET /v1/videos/3ad30d12-5991-4623-ab41-8ca28625bd11 HTTP/1.1[0m" [32m200 OK[0m
2026-08-18 21:00:18+08:00     GET /v1/videos/3ad30d12-5991-4623-ab41-8ca28625bd11 -> 200 OK  (duration: 83.9 ms, execution: 29.0 ms)
2026-08-18 21:00:18+08:00     GET /v1/videos/3ad30d12-5991-4623-ab41-8ca28625bd11 -> 200 OK  (duration: 83.9 ms, execution: 29.0 ms)
2026-08-18 21:00:19+08:00 [1A2026-08-18 21:00:19+08:00 minimax_h3 denoise:  10%|█         | 5/49 [00:06<01:02,  1.42s/it]
2026-08-18 21:00:19+08:00 [1A2026-08-18 21:00:19+08:00 minimax_h3 denoise:  10%|█         | 5/49 [00:06<01:02,  1.42s/it]
2026-08-18 21:00:20+08:00 [1A2026-08-18 21:00:20+08:00 minimax_h3 denoise:  12%|█▏        | 6/49 [00:07<01:02,  1.45s/it]
2026-08-18 21:00:20+08:00 [1A2026-08-18 21:00:20+08:00 minimax_h3 denoise:  12%|█▏        | 6/49 [00:07<01:02,  1.45s/it]
2026-08-18 21:00:22+08:00 [1A2026-08-18 21:00:22+08:00 minimax_h3 denoise:  14%|█▍        | 7/49 [00:09<01:01,  1.47s/it]
2026-08-18 21:00:22+08:00 [1A2026-08-18 21:00:22+08:00 minimax_h3 denoise:  14%|█▍        | 7/49 [00:09<01:01,  1.47s/it]
2026-08-18 21:00:23+08:00 [1A2026-08-18 21:00:23+08:00 minimax_h3 denoise:  16%|█▋        | 8/49 [00:10<01:01,  1.49s/it]
2026-08-18 21:00:23+08:00 [1A2026-08-18 21:00:23+08:00 minimax_h3 denoise:  16%|█▋        | 8/49 [00:10<01:01,  1.49s/it]
2026-08-18 21:00:24+08:00 [2026-08-18 13:00:24] [32mINFO[0m:     172.20.8.115:57893 - "[1mGET /v1/videos/3ad30d12-5991-4623-ab41-8ca28625bd11 HTTP/1.1[0m" [32m200 OK[0m
2026-08-18 21:00:24+08:00 [2026-08-18 13:00:24] [32mINFO[0m:     172.20.8.115:57893 - "[1mGET /v1/videos/3ad30d12-5991-4623-ab41-8ca28625bd11 HTTP/1.1[0m" [32m200 OK[0m
2026-08-18 21:00:24+08:00     GET /v1/videos/3ad30d12-5991-4623-ab41-8ca28625bd11 -> 200 OK  (duration: 79.6 ms, execution: 28.6 ms)
2026-08-18 21:00:24+08:00     GET /v1/videos/3ad30d12-5991-4623-ab41-8ca28625bd11 -> 200 OK  (duration: 79.6 ms, execution: 28.6 ms)
2026-08-18 21:00:25+08:00 [1A2026-08-18 21:00:25+08:00 minimax_h3 denoise:  18%|█▊        | 9/49 [00:12<01:00,  1.50s/it]
2026-08-18 21:00:25+08:00 [1A2026-08-18 21:00:25+08:00 minimax_h3 denoise:  18%|█▊        | 9/49 [00:12<01:00,  1.50s/it]
2026-08-18 21:00:26+08:00 [1A2026-08-18 21:00:26+08:00 minimax_h3 denoise:  20%|██        | 10/49 [00:13<00:58,  1.50s/it]
2026-08-18 21:00:26+08:00 [1A2026-08-18 21:00:26+08:00 minimax_h3 denoise:  20%|██        | 10/49 [00:13<00:58,  1.50s/it]
2026-08-18 21:00:28+08:00 [1A2026-08-18 21:00:28+08:00 minimax_h3 denoise:  22%|██▏       | 11/49 [00:15<00:57,  1.51s/it]
2026-08-18 21:00:28+08:00 [1A2026-08-18 21:00:28+08:00 minimax_h3 denoise:  22%|██▏       | 11/49 [00:15<00:57,  1.51s/it]
2026-08-18 21:00:29+08:00 [1A2026-08-18 21:00:29+08:00 minimax_h3 denoise:  24%|██▍       | 12/49 [00:17<00:55,  1.51s/it]
2026-08-18 21:00:29+08:00 [1A2026-08-18 21:00:29+08:00 minimax_h3 denoise:  24%|██▍       | 12/49 [00:17<00:55,  1.51s/it]
2026-08-18 21:00:30+08:00 [2026-08-18 13:00:30] [32mINFO[0m:     172.20.8.115:51138 - "[1mGET /v1/videos/3ad30d12-5991-4623-ab41-8ca28625bd11 HTTP/1.1[0m" [32m200 OK[0m
2026-08-18 21:00:30+08:00 [2026-08-18 13:00:30] [32mINFO[0m:     172.20.8.115:51138 - "[1mGET /v1/videos/3ad30d12-5991-4623-ab41-8ca28625bd11 HTTP/1.1[0m" [32m200 OK[0m
2026-08-18 21:00:30+08:00     GET /v1/videos/3ad30d12-5991-4623-ab41-8ca28625bd11 -> 200 OK  (duration: 85.7 ms, execution: 28.4 ms)
2026-08-18 21:00:30+08:00     GET /v1/videos/3ad30d12-5991-4623-ab41-8ca28625bd11 -> 200 OK  (duration: 85.7 ms, execution: 28.4 ms)
2026-08-18 21:00:31+08:00 [1A2026-08-18 21:00:31+08:00 minimax_h3 denoise:  27%|██▋       | 13/49 [00:18<00:54,  1.52s/it]
2026-08-18 21:00:31+08:00 [1A2026-08-18 21:00:31+08:00 minimax_h3 denoise:  27%|██▋       | 13/49 [00:18<00:54,  1.52s/it]
2026-08-18 21:00:32+08:00 [1A2026-08-18 21:00:32+08:00 minimax_h3 denoise:  29%|██▊       | 14/49 [00:20<00:53,  1.52s/it]
2026-08-18 21:00:32+08:00 [1A2026-08-18 21:00:32+08:00 minimax_h3 denoise:  29%|██▊       | 14/49 [00:20<00:53,  1.52s/it]
2026-08-18 21:00:34+08:00 [1A2026-08-18 21:00:34+08:00 minimax_h3 denoise:  31%|███       | 15/49 [00:21<00:51,  1.52s/it]
2026-08-18 21:00:34+08:00 [1A2026-08-18 21:00:34+08:00 minimax_h3 denoise:  31%|███       | 15/49 [00:21<00:51,  1.52s/it]
2026-08-18 21:00:35+08:00 [1A2026-08-18 21:00:35+08:00 minimax_h3 denoise:  33%|███▎      | 16/49 [00:23<00:50,  1.52s/it]
2026-08-18 21:00:35+08:00 [1A2026-08-18 21:00:35+08:00 minimax_h3 denoise:  33%|███▎      | 16/49 [00:23<00:50,  1.52s/it]
2026-08-18 21:00:36+08:00     GET /v1/videos/3ad30d12-5991-4623-ab41-8ca28625bd11 -> 200 OK  (duration: 77.7 ms, execution: 27.4 ms)
2026-08-18 21:00:36+08:00     GET /v1/videos/3ad30d12-5991-4623-ab41-8ca28625bd11 -> 200 OK  (duration: 77.7 ms, execution: 27.4 ms)
2026-08-18 21:00:36+08:00 [2026-08-18 13:00:36] [32mINFO[0m:     172.20.8.115:17075 - "[1mGET /v1/videos/3ad30d12-5991-4623-ab41-8ca28625bd11 HTTP/1.1[0m" [32m200 OK[0m
2026-08-18 21:00:36+08:00 [2026-08-18 13:00:36] [32mINFO[0m:     172.20.8.115:17075 - "[1mGET /v1/videos/3ad30d12-5991-4623-ab41-8ca28625bd11 HTTP/1.1[0m" [32m200 OK[0m
2026-08-18 21:00:37+08:00 [1A2026-08-18 21:00:37+08:00 minimax_h3 denoise:  35%|███▍      | 17/49 [00:24<00:48,  1.52s/it]
2026-08-18 21:00:37+08:00 [1A2026-08-18 21:00:37+08:00 minimax_h3 denoise:  35%|███▍      | 17/49 [00:24<00:48,  1.52s/it]
2026-08-18 21:00:38+08:00 [1A2026-08-18 21:00:38+08:00 minimax_h3 denoise:  37%|███▋      | 18/49 [00:26<00:47,  1.52s/it]
2026-08-18 21:00:38+08:00 [1A2026-08-18 21:00:38+08:00 minimax_h3 denoise:  37%|███▋      | 18/49 [00:26<00:47,  1.52s/it]
2026-08-18 21:00:40+08:00 [1A2026-08-18 21:00:40+08:00 minimax_h3 denoise:  39%|███▉      | 19/49 [00:27<00:45,  1.52s/it]
2026-08-18 21:00:40+08:00 [1A2026-08-18 21:00:40+08:00 minimax_h3 denoise:  39%|███▉      | 19/49 [00:27<00:45,  1.52s/it]
2026-08-18 21:00:41+08:00 [1A2026-08-18 21:00:41+08:00 minimax_h3 denoise:  41%|████      | 20/49 [00:29<00:43,  1.52s/it]
[1Aminimax_h3 denoise:  41%|████      | 20/49 [00:29<00:43,  1.52s/it]2026-08-18 21:00:41+08:00 
2026-08-18 21:00:42+08:00 [2026-08-18 13:00:42] [32mINFO[0m:     172.20.8.115:49623 - "[1mGET /v1/videos/3ad30d12-5991-4623-ab41-8ca28625bd11 HTTP/1.1[0m" [32m200 OK[0m
2026-08-18 21:00:42+08:00 [2026-08-18 13:00:42] [32mINFO[0m:     172.20.8.115:49623 - "[1mGET /v1/videos/3ad30d12-5991-4623-ab41-8ca28625bd11 HTTP/1.1[0m" [32m200 OK[0m
2026-08-18 21:00:42+08:00     GET /v1/videos/3ad30d12-5991-4623-ab41-8ca28625bd11 -> 200 OK  (duration: 86.6 ms, execution: 27.0 ms)
2026-08-18 21:00:42+08:00     GET /v1/videos/3ad30d12-5991-4623-ab41-8ca28625bd11 -> 200 OK  (duration: 86.6 ms, execution: 27.0 ms)
2026-08-18 21:00:43+08:00 [1A2026-08-18 21:00:43+08:00 minimax_h3 denoise:  43%|████▎     | 21/49 [00:30<00:42,  1.52s/it]
2026-08-18 21:00:43+08:00 [1A2026-08-18 21:00:43+08:00 minimax_h3 denoise:  43%|████▎     | 21/49 [00:30<00:42,  1.52s/it]
2026-08-18 21:00:44+08:00 [1A2026-08-18 21:00:44+08:00 minimax_h3 denoise:  45%|████▍     | 22/49 [00:32<00:40,  1.52s/it]
[1Aminimax_h3 denoise:  45%|████▍     | 22/49 [00:32<00:40,  1.52s/it]2026-08-18 21:00:44+08:00 
2026-08-18 21:00:46+08:00 [1A2026-08-18 21:00:46+08:00 minimax_h3 denoise:  47%|████▋     | 23/49 [00:33<00:39,  1.52s/it]
2026-08-18 21:00:46+08:00 [1A2026-08-18 21:00:46+08:00 minimax_h3 denoise:  47%|████▋     | 23/49 [00:33<00:39,  1.52s/it]
2026-08-18 21:00:47+08:00 [1A2026-08-18 21:00:47+08:00 minimax_h3 denoise:  49%|████▉     | 24/49 [00:35<00:37,  1.52s/it]
2026-08-18 21:00:47+08:00 [1A2026-08-18 21:00:47+08:00 minimax_h3 denoise:  49%|████▉     | 24/49 [00:35<00:37,  1.52s/it]
2026-08-18 21:00:48+08:00 [2026-08-18 13:00:48] [32mINFO[0m:     172.20.8.115:43558 - "[1mGET /v1/videos/3ad30d12-5991-4623-ab41-8ca28625bd11 HTTP/1.1[0m" [32m200 OK[0m
2026-08-18 21:00:48+08:00 [2026-08-18 13:00:48] [32mINFO[0m:     172.20.8.115:43558 - "[1mGET /v1/videos/3ad30d12-5991-4623-ab41-8ca28625bd11 HTTP/1.1[0m" [32m200 OK[0m
2026-08-18 21:00:48+08:00     GET /v1/videos/3ad30d12-5991-4623-ab41-8ca28625bd11 -> 200 OK  (duration: 85.8 ms, execution: 27.2 ms)
2026-08-18 21:00:48+08:00     GET /v1/videos/3ad30d12-5991-4623-ab41-8ca28625bd11 -> 200 OK  (duration: 85.8 ms, execution: 27.2 ms)
2026-08-18 21:00:49+08:00 [1A2026-08-18 21:00:49+08:00 minimax_h3 denoise:  51%|█████     | 25/49 [00:36<00:36,  1.52s/it]
2026-08-18 21:00:49+08:00 [1A2026-08-18 21:00:49+08:00 minimax_h3 denoise:  51%|█████     | 25/49 [00:36<00:36,  1.52s/it]
2026-08-18 21:00:50+08:00 [1A2026-08-18 21:00:50+08:00 minimax_h3 denoise:  53%|█████▎    | 26/49 [00:38<00:34,  1.52s/it]
2026-08-18 21:00:50+08:00 [1A2026-08-18 21:00:50+08:00 minimax_h3 denoise:  53%|█████▎    | 26/49 [00:38<00:34,  1.52s/it]
2026-08-18 21:00:52+08:00 [1A2026-08-18 21:00:52+08:00 minimax_h3 denoise:  55%|█████▌    | 27/49 [00:39<00:33,  1.52s/it]
2026-08-18 21:00:52+08:00 [1A2026-08-18 21:00:52+08:00 minimax_h3 denoise:  55%|█████▌    | 27/49 [00:39<00:33,  1.52s/it]
2026-08-18 21:00:53+08:00 [1A2026-08-18 21:00:53+08:00 minimax_h3 denoise:  57%|█████▋    | 28/49 [00:41<00:31,  1.52s/it]
2026-08-18 21:00:53+08:00 [1A2026-08-18 21:00:53+08:00 minimax_h3 denoise:  57%|█████▋    | 28/49 [00:41<00:31,  1.52s/it]
2026-08-18 21:00:54+08:00 [2026-08-18 13:00:54] [32mINFO[0m:     172.20.8.115:34190 - "[1mGET /v1/videos/3ad30d12-5991-4623-ab41-8ca28625bd11 HTTP/1.1[0m" [32m200 OK[0m
2026-08-18 21:00:54+08:00 [2026-08-18 13:00:54] [32mINFO[0m:     172.20.8.115:34190 - "[1mGET /v1/videos/3ad30d12-5991-4623-ab41-8ca28625bd11 HTTP/1.1[0m" [32m200 OK[0m
2026-08-18 21:00:54+08:00     GET /v1/videos/3ad30d12-5991-4623-ab41-8ca28625bd11 -> 200 OK  (duration: 79.7 ms, execution: 28.0 ms)
2026-08-18 21:00:54+08:00     GET /v1/videos/3ad30d12-5991-4623-ab41-8ca28625bd11 -> 200 OK  (duration: 79.7 ms, execution: 28.0 ms)
2026-08-18 21:00:55+08:00 [1A2026-08-18 21:00:55+08:00 minimax_h3 denoise:  59%|█████▉    | 29/49 [00:42<00:30,  1.52s/it]
2026-08-18 21:00:55+08:00 [1A2026-08-18 21:00:55+08:00 minimax_h3 denoise:  59%|█████▉    | 29/49 [00:42<00:30,  1.52s/it]
2026-08-18 21:00:57+08:00 [1A2026-08-18 21:00:57+08:00 minimax_h3 denoise:  61%|██████    | 30/49 [00:44<00:28,  1.52s/it]
2026-08-18 21:00:57+08:00 [1A2026-08-18 21:00:57+08:00 minimax_h3 denoise:  61%|██████    | 30/49 [00:44<00:28,  1.52s/it]
2026-08-18 21:00:58+08:00 [1A2026-08-18 21:00:58+08:00 minimax_h3 denoise:  63%|██████▎   | 31/49 [00:45<00:27,  1.52s/it]
2026-08-18 21:00:58+08:00 [1A2026-08-18 21:00:58+08:00 minimax_h3 denoise:  63%|██████▎   | 31/49 [00:45<00:27,  1.52s/it]
2026-08-18 21:01:00+08:00 [1A2026-08-18 21:01:00+08:00 minimax_h3 denoise:  65%|██████▌   | 32/49 [00:47<00:25,  1.52s/it]
2026-08-18 21:01:00+08:00 [1A2026-08-18 21:01:00+08:00 minimax_h3 denoise:  65%|██████▌   | 32/49 [00:47<00:25,  1.52s/it]
2026-08-18 21:01:00+08:00 [2026-08-18 13:01:00] [32mINFO[0m:     172.20.8.115:38266 - "[1mGET /v1/videos/3ad30d12-5991-4623-ab41-8ca28625bd11 HTTP/1.1[0m" [32m200 OK[0m
2026-08-18 21:01:00+08:00 [2026-08-18 13:01:00] [32mINFO[0m:     172.20.8.115:38266 - "[1mGET /v1/videos/3ad30d12-5991-4623-ab41-8ca28625bd11 HTTP/1.1[0m" [32m200 OK[0m
2026-08-18 21:01:00+08:00     GET /v1/videos/3ad30d12-5991-4623-ab41-8ca28625bd11 -> 200 OK  (duration: 82.6 ms, execution: 27.4 ms)
2026-08-18 21:01:00+08:00     GET /v1/videos/3ad30d12-5991-4623-ab41-8ca28625bd11 -> 200 OK  (duration: 82.6 ms, execution: 27.4 ms)
2026-08-18 21:01:01+08:00 [1A2026-08-18 21:01:01+08:00 minimax_h3 denoise:  67%|██████▋   | 33/49 [00:48<00:24,  1.52s/it]
2026-08-18 21:01:01+08:00 [1A2026-08-18 21:01:01+08:00 minimax_h3 denoise:  67%|██████▋   | 33/49 [00:48<00:24,  1.52s/it]
2026-08-18 21:01:03+08:00 [1A2026-08-18 21:01:03+08:00 minimax_h3 denoise:  69%|██████▉   | 34/49 [00:50<00:22,  1.52s/it]
2026-08-18 21:01:03+08:00 [1A2026-08-18 21:01:03+08:00 minimax_h3 denoise:  69%|██████▉   | 34/49 [00:50<00:22,  1.52s/it]
2026-08-18 21:01:04+08:00 [1A2026-08-18 21:01:04+08:00 minimax_h3 denoise:  71%|███████▏  | 35/49 [00:51<00:21,  1.52s/it]
2026-08-18 21:01:04+08:00 [1A2026-08-18 21:01:04+08:00 minimax_h3 denoise:  71%|███████▏  | 35/49 [00:51<00:21,  1.52s/it]
2026-08-18 21:01:06+08:00 [1A2026-08-18 21:01:06+08:00 minimax_h3 denoise:  73%|███████▎  | 36/49 [00:53<00:19,  1.52s/it]
2026-08-18 21:01:06+08:00 [1A2026-08-18 21:01:06+08:00 minimax_h3 denoise:  73%|███████▎  | 36/49 [00:53<00:19,  1.52s/it]
2026-08-18 21:01:06+08:00 [2026-08-18 13:01:06] [32mINFO[0m:     172.20.8.115:53716 - "[1mGET /v1/videos/3ad30d12-5991-4623-ab41-8ca28625bd11 HTTP/1.1[0m" [32m200 OK[0m
2026-08-18 21:01:06+08:00 [2026-08-18 13:01:06] [32mINFO[0m:     172.20.8.115:53716 - "[1mGET /v1/videos/3ad30d12-5991-4623-ab41-8ca28625bd11 HTTP/1.1[0m" [32m200 OK[0m
2026-08-18 21:01:06+08:00     GET /v1/videos/3ad30d12-5991-4623-ab41-8ca28625bd11 -> 200 OK  (duration: 86.4 ms, execution: 27.1 ms)
2026-08-18 21:01:06+08:00     GET /v1/videos/3ad30d12-5991-4623-ab41-8ca28625bd11 -> 200 OK  (duration: 86.4 ms, execution: 27.1 ms)
2026-08-18 21:01:07+08:00 [1A2026-08-18 21:01:07+08:00 minimax_h3 denoise:  76%|███████▌  | 37/49 [00:54<00:18,  1.52s/it]
2026-08-18 21:01:07+08:00 [1A2026-08-18 21:01:07+08:00 minimax_h3 denoise:  76%|███████▌  | 37/49 [00:54<00:18,  1.52s/it]
2026-08-18 21:01:09+08:00 [1A2026-08-18 21:01:09+08:00 minimax_h3 denoise:  78%|███████▊  | 38/49 [00:56<00:16,  1.52s/it]
2026-08-18 21:01:09+08:00 [1A2026-08-18 21:01:09+08:00 minimax_h3 denoise:  78%|███████▊  | 38/49 [00:56<00:16,  1.52s/it]
2026-08-18 21:01:10+08:00 [1A2026-08-18 21:01:10+08:00 minimax_h3 denoise:  80%|███████▉  | 39/49 [00:58<00:15,  1.52s/it]
2026-08-18 21:01:10+08:00 [1A2026-08-18 21:01:10+08:00 minimax_h3 denoise:  80%|███████▉  | 39/49 [00:58<00:15,  1.52s/it]
2026-08-18 21:01:12+08:00 [1A2026-08-18 21:01:12+08:00 minimax_h3 denoise:  82%|████████▏ | 40/49 [00:59<00:13,  1.52s/it]
2026-08-18 21:01:12+08:00 [1A2026-08-18 21:01:12+08:00 minimax_h3 denoise:  82%|████████▏ | 40/49 [00:59<00:13,  1.52s/it]
2026-08-18 21:01:12+08:00 [2026-08-18 13:01:12] [32mINFO[0m:     172.20.8.115:55083 - "[1mGET /v1/videos/3ad30d12-5991-4623-ab41-8ca28625bd11 HTTP/1.1[0m" [32m200 OK[0m
2026-08-18 21:01:12+08:00 [2026-08-18 13:01:12] [32mINFO[0m:     172.20.8.115:55083 - "[1mGET /v1/videos/3ad30d12-5991-4623-ab41-8ca28625bd11 HTTP/1.1[0m" [32m200 OK[0m
2026-08-18 21:01:12+08:00     GET /v1/videos/3ad30d12-5991-4623-ab41-8ca28625bd11 -> 200 OK  (duration: 80.6 ms, execution: 27.6 ms)
2026-08-18 21:01:12+08:00     GET /v1/videos/3ad30d12-5991-4623-ab41-8ca28625bd11 -> 200 OK  (duration: 80.6 ms, execution: 27.6 ms)
2026-08-18 21:01:13+08:00 [1A2026-08-18 21:01:13+08:00 minimax_h3 denoise:  84%|████████▎ | 41/49 [01:01<00:12,  1.52s/it]
2026-08-18 21:01:13+08:00 [1A2026-08-18 21:01:13+08:00 minimax_h3 denoise:  84%|████████▎ | 41/49 [01:01<00:12,  1.52s/it]
2026-08-18 21:01:15+08:00 [1A2026-08-18 21:01:15+08:00 minimax_h3 denoise:  86%|████████▌ | 42/49 [01:02<00:10,  1.52s/it]
2026-08-18 21:01:15+08:00 [1A2026-08-18 21:01:15+08:00 minimax_h3 denoise:  86%|████████▌ | 42/49 [01:02<00:10,  1.52s/it]
2026-08-18 21:01:16+08:00 [1A2026-08-18 21:01:16+08:00 minimax_h3 denoise:  88%|████████▊ | 43/49 [01:04<00:09,  1.52s/it]
2026-08-18 21:01:16+08:00 [1A2026-08-18 21:01:16+08:00 minimax_h3 denoise:  88%|████████▊ | 43/49 [01:04<00:09,  1.52s/it]
2026-08-18 21:01:18+08:00 [1A2026-08-18 21:01:18+08:00 minimax_h3 denoise:  90%|████████▉ | 44/49 [01:05<00:07,  1.52s/it]
2026-08-18 21:01:18+08:00 [1A2026-08-18 21:01:18+08:00 minimax_h3 denoise:  90%|████████▉ | 44/49 [01:05<00:07,  1.52s/it]
2026-08-18 21:01:18+08:00 [2026-08-18 13:01:18] [32mINFO[0m:     172.20.8.115:27710 - "[1mGET /v1/videos/3ad30d12-5991-4623-ab41-8ca28625bd11 HTTP/1.1[0m" [32m200 OK[0m
2026-08-18 21:01:18+08:00 [2026-08-18 13:01:18] [32mINFO[0m:     172.20.8.115:27710 - "[1mGET /v1/videos/3ad30d12-5991-4623-ab41-8ca28625bd11 HTTP/1.1[0m" [32m200 OK[0m
2026-08-18 21:01:18+08:00     GET /v1/videos/3ad30d12-5991-4623-ab41-8ca28625bd11 -> 200 OK  (duration: 80.2 ms, execution: 27.9 ms)
2026-08-18 21:01:18+08:00     GET /v1/videos/3ad30d12-5991-4623-ab41-8ca28625bd11 -> 200 OK  (duration: 80.2 ms, execution: 27.9 ms)
2026-08-18 21:01:19+08:00 [1A2026-08-18 21:01:19+08:00 minimax_h3 denoise:  92%|█████████▏| 45/49 [01:07<00:06,  1.52s/it]
2026-08-18 21:01:19+08:00 [1A2026-08-18 21:01:19+08:00 minimax_h3 denoise:  92%|█████████▏| 45/49 [01:07<00:06,  1.52s/it]
2026-08-18 21:01:21+08:00 [1A2026-08-18 21:01:21+08:00 minimax_h3 denoise:  94%|█████████▍| 46/49 [01:08<00:04,  1.52s/it]
2026-08-18 21:01:21+08:00 [1A2026-08-18 21:01:21+08:00 minimax_h3 denoise:  94%|█████████▍| 46/49 [01:08<00:04,  1.52s/it]
2026-08-18 21:01:22+08:00 [1A2026-08-18 21:01:22+08:00 minimax_h3 denoise:  96%|█████████▌| 47/49 [01:10<00:03,  1.52s/it]
2026-08-18 21:01:22+08:00 [1A2026-08-18 21:01:22+08:00 minimax_h3 denoise:  96%|█████████▌| 47/49 [01:10<00:03,  1.52s/it]
2026-08-18 21:01:24+08:00 [1A2026-08-18 21:01:24+08:00 minimax_h3 denoise:  98%|█████████▊| 48/49 [01:11<00:01,  1.52s/it]
2026-08-18 21:01:24+08:00 [1A2026-08-18 21:01:24+08:00 minimax_h3 denoise:  98%|█████████▊| 48/49 [01:11<00:01,  1.52s/it]
2026-08-18 21:01:24+08:00 [1A2026-08-18 21:01:24+08:00 minimax_h3 denoise: 100%|██████████| 49/49 [01:13<00:00,  1.52s/it]2026-08-18 21:01:24+08:00 minimax_h3 denoise: 100%|██████████| 49/49 [01:13<00:00,  1.49s/it]
2026-08-18 21:01:24+08:00 [08-18 13:01:24] [MiniMaxH3DenoisingStage] finished in 73.2210 seconds
2026-08-18 21:01:24+08:00 [1A2026-08-18 21:01:24+08:00 minimax_h3 denoise: 100%|██████████| 49/49 [01:13<00:00,  1.52s/it]2026-08-18 21:01:24+08:00 minimax_h3 denoise: 100%|██████████| 49/49 [01:13<00:00,  1.49s/it]
2026-08-18 21:01:24+08:00 [08-18 13:01:24] [MiniMaxH3DenoisingStage] finished in 73.2210 seconds
2026-08-18 21:01:24+08:00 [2026-08-18 13:01:24] [32mINFO[0m:     172.20.8.115:23391 - "[1mGET /v1/videos/3ad30d12-5991-4623-ab41-8ca28625bd11 HTTP/1.1[0m" [32m200 OK[0m
2026-08-18 21:01:24+08:00 [2026-08-18 13:01:24] [32mINFO[0m:     172.20.8.115:23391 - "[1mGET /v1/videos/3ad30d12-5991-4623-ab41-8ca28625bd11 HTTP/1.1[0m" [32m200 OK[0m
2026-08-18 21:01:24+08:00     GET /v1/videos/3ad30d12-5991-4623-ab41-8ca28625bd11 -> 200 OK  (duration: 75.5 ms, execution: 26.4 ms)
2026-08-18 21:01:24+08:00     GET /v1/videos/3ad30d12-5991-4623-ab41-8ca28625bd11 -> 200 OK  (duration: 75.5 ms, execution: 26.4 ms)
2026-08-18 21:01:25+08:00 [08-18 13:01:25] [MiniMaxH3DecodingStage] started...
2026-08-18 21:01:25+08:00 [08-18 13:01:25] [MiniMaxH3DecodingStage] started...
2026-08-18 21:01:26+08:00 [08-18 13:01:26] [MiniMaxH3DecodingStage] finished in 1.2964 seconds
2026-08-18 21:01:26+08:00 [08-18 13:01:26] [MiniMaxH3DecodingStage] finished in 1.2964 seconds
2026-08-18 21:01:27+08:00 Guessed Channel Layout for Input Stream #1.0 : stereo
2026-08-18 21:01:27+08:00 Guessed Channel Layout for Input Stream #1.0 : stereo
2026-08-18 21:01:27+08:00 [rawvideo @ 0x55019c0] Thread message queue blocking; consider raising the thread_queue_size option (current value: 8)
2026-08-18 21:01:27+08:00 [rawvideo @ 0x55019c0] Thread message queue blocking; consider raising the thread_queue_size option (current value: 8)
2026-08-18 21:01:27+08:00 [08-18 13:01:27] Output saved to [1;36moutputs/3ad30d12-5991-4623-ab41-8ca28625bd11.mp4[0;0m
2026-08-18 21:01:27+08:00 [08-18 13:01:27] Output saved to [1;36moutputs/3ad30d12-5991-4623-ab41-8ca28625bd11.mp4[0;0m
2026-08-18 21:01:27+08:00 [08-18 13:01:27] Pixel data generated successfully in [92m76.86[0;0m seconds
2026-08-18 21:01:27+08:00 [08-18 13:01:27] Peak memory usage: 59318.00 MB
2026-08-18 21:01:27+08:00 [08-18 13:01:27] Pixel data generated successfully in [92m76.86[0;0m seconds
2026-08-18 21:01:27+08:00 [08-18 13:01:27] Peak memory usage: 59318.00 MB
2026-08-18 21:01:30+08:00 [2026-08-18 13:01:30] [32mINFO[0m:     172.20.8.115:48670 - "[1mGET /v1/videos/3ad30d12-5991-4623-ab41-8ca28625bd11 HTTP/1.1[0m" [32m200 OK[0m
2026-08-18 21:01:30+08:00 [2026-08-18 13:01:30] [32mINFO[0m:     172.20.8.115:48670 - "[1mGET /v1/videos/3ad30d12-5991-4623-ab41-8ca28625bd11 HTTP/1.1[0m" [32m200 OK[0m
2026-08-18 21:01:30+08:00     GET /v1/videos/3ad30d12-5991-4623-ab41-8ca28625bd11 -> 200 OK  (duration: 82.0 ms, execution: 28.1 ms)
2026-08-18 21:01:30+08:00     GET /v1/videos/3ad30d12-5991-4623-ab41-8ca28625bd11 -> 200 OK  (duration: 82.0 ms, execution: 28.1 ms)
2026-08-18 21:01:31+08:00 [2026-08-18 13:01:31] [32mINFO[0m:     172.20.8.115:48670 - "[1mGET /v1/videos/3ad30d12-5991-4623-ab41-8ca28625bd11/content HTTP/1.1[0m" [32m200 OK[0m
2026-08-18 21:01:31+08:00 [2026-08-18 13:01:31] [32mINFO[0m:     172.20.8.115:48670 - "[1mGET /v1/videos/3ad30d12-5991-4623-ab41-8ca28625bd11/content HTTP/1.1[0m" [32m200 OK[0m
2026-08-18 21:01:31+08:00     GET /v1/videos/3ad30d12-5991-4623-ab41-8ca28625bd11/content -> 200 OK  (duration: 198.8 ms, execution: 140.7 ms)
2026-08-18 21:01:31+08:00     GET /v1/videos/3ad30d12-5991-4623-ab41-8ca28625bd11/content -> 200 OK  (duration: 198.8 ms, execution: 140.7 ms)
2026-08-18 21:06:20+08:00 [2026-08-18 13:06:20] [32mINFO[0m:     172.20.8.115:20746 - "[1mGET /health HTTP/1.1[0m" [32m200 OK[0m
2026-08-18 21:06:20+08:00 [2026-08-18 13:06:20] [32mINFO[0m:     172.20.8.115:20746 - "[1mGET /health HTTP/1.1[0m" [32m200 OK[0m
2026-08-18 21:06:20+08:00     GET /health -> 200 OK  (duration: 131.9 ms, execution: 74.9 ms)
2026-08-18 21:06:20+08:00     GET /health -> 200 OK  (duration: 131.9 ms, execution: 74.9 ms)
2026-08-18 21:06:21+08:00 [08-18 13:06:21] Adjusting number of frames from 1 to 1 based on model
2026-08-18 21:06:21+08:00 [08-18 13:06:21] Adjusting number of frames from 1 to 1 based on model
2026-08-18 21:06:21+08:00    POST /v1/videos -> 500 Internal Server Error  (duration: 141.4 ms, execution: 84.4 ms)
2026-08-18 21:06:21+08:00    POST /v1/videos -> 500 Internal Server Error  (duration: 141.4 ms, execution: 84.4 ms)
2026-08-18 21:06:21+08:00 [08-18 13:06:21] Adjusting number of frames from 1 to 13 based on number of GPUs (4)
2026-08-18 21:06:21+08:00 [08-18 13:06:21] Adjusting number of frames from 1 to 13 based on number of GPUs (4)
2026-08-18 21:06:21+08:00 [2026-08-18 13:06:21] [32mINFO[0m:     172.20.8.115:20746 - "[1mPOST /v1/videos HTTP/1.1[0m" [91m500 Internal Server Error[0m
2026-08-18 21:06:21+08:00 [2026-08-18 13:06:21] [32mINFO[0m:     172.20.8.115:20746 - "[1mPOST /v1/videos HTTP/1.1[0m" [91m500 Internal Server Error[0m
2026-08-18 21:06:21+08:00 [2026-08-18 13:06:21] [31mERROR[0m:    Exception in ASGI application
2026-08-18 21:06:21+08:00 [2026-08-18 13:06:21] [31mERROR[0m:    Exception in ASGI application
2026-08-18 21:06:21+08:00 Traceback (most recent call last):
2026-08-18 21:06:21+08:00   File "/usr/local/lib/python3.11/site-packages/uvicorn/protocols/http/h11_impl.py", line 416, in run_asgi
2026-08-18 21:06:21+08:00     result = await app(  # type: ignore[func-returns-value]
2026-08-18 21:06:21+08:00 Traceback (most recent call last):
2026-08-18 21:06:21+08:00              ^^^^^^^^^^^^^^^^^^^^^^^^^^^^^^^^^^^^^^^^^^^^^^
2026-08-18 21:06:21+08:00   File "/usr/local/lib/python3.11/site-packages/uvicorn/protocols/http/h11_impl.py", line 416, in run_asgi
2026-08-18 21:06:21+08:00   File "/usr/local/lib/python3.11/site-packages/uvicorn/middleware/proxy_headers.py", line 63, in __call__
2026-08-18 21:06:21+08:00     result = await app(  # type: ignore[func-returns-value]
2026-08-18 21:06:21+08:00     return await self.app(scope, receive, send)
2026-08-18 21:06:21+08:00              ^^^^^^^^^^^^^^^^^^^^^^^^^^^^^^^^^^^^^^^^^^^^^^
2026-08-18 21:06:21+08:00            ^^^^^^^^^^^^^^^^^^^^^^^^^^^^^^^^^^^^
2026-08-18 21:06:21+08:00   File "/usr/local/lib/python3.11/site-packages/uvicorn/middleware/proxy_headers.py", line 63, in __call__
2026-08-18 21:06:21+08:00   File "/usr/local/lib/python3.11/site-packages/fastapi/applications.py", line 1163, in __call__
2026-08-18 21:06:21+08:00     return await self.app(scope, receive, send)
2026-08-18 21:06:21+08:00     await super().__call__(scope, receive, send)
2026-08-18 21:06:21+08:00            ^^^^^^^^^^^^^^^^^^^^^^^^^^^^^^^^^^^^
2026-08-18 21:06:21+08:00   File "/usr/local/lib/python3.11/site-packages/fastapi/applications.py", line 1163, in __call__
2026-08-18 21:06:21+08:00     await super().__call__(scope, receive, send)
2026-08-18 21:06:21+08:00   File "/usr/local/lib/python3.11/site-packages/starlette/applications.py", line 96, in __call__
2026-08-18 21:06:21+08:00     await self.middleware_stack(scope, receive, send)
2026-08-18 21:06:21+08:00   File "/usr/local/lib/python3.11/site-packages/starlette/middleware/errors.py", line 186, in __call__
2026-08-18 21:06:21+08:00   File "/usr/local/lib/python3.11/site-packages/starlette/applications.py", line 96, in __call__
2026-08-18 21:06:21+08:00     raise exc
2026-08-18 21:06:21+08:00   File "/usr/local/lib/python3.11/site-packages/starlette/middleware/errors.py", line 164, in __call__
2026-08-18 21:06:21+08:00     await self.middleware_stack(scope, receive, send)
2026-08-18 21:06:21+08:00     await self.app(scope, receive, _send)
2026-08-18 21:06:21+08:00   File "/usr/local/lib/python3.11/site-packages/starlette/middleware/errors.py", line 186, in __call__
2026-08-18 21:06:21+08:00   File "/usr/local/lib/python3.11/site-packages/starlette/middleware/base.py", line 193, in __call__
2026-08-18 21:06:21+08:00     raise exc
2026-08-18 21:06:21+08:00     response = await self.dispatch_func(request, call_next)
2026-08-18 21:06:21+08:00   File "/usr/local/lib/python3.11/site-packages/starlette/middleware/errors.py", line 164, in __call__
2026-08-18 21:06:21+08:00                ^^^^^^^^^^^^^^^^^^^^^^^^^^^^^^^^^^^^^^^^^^^^
2026-08-18 21:06:21+08:00     await self.app(scope, receive, _send)
2026-08-18 21:06:21+08:00   File "/usr/local/lib/python3.11/site-packages/starlette/middleware/base.py", line 193, in __call__
2026-08-18 21:06:21+08:00   File "/usr/local/lib/python3.11/site-packages/sglang/multimodal_gen/runtime/entrypoints/http_server.py", line 395, in wait_for_server_warmup
2026-08-18 21:06:21+08:00     response = await self.dispatch_func(request, call_next)
2026-08-18 21:06:21+08:00     return await call_next(request)
2026-08-18 21:06:21+08:00                ^^^^^^^^^^^^^^^^^^^^^^^^^^^^^^^^^^^^^^^^^^^^
2026-08-18 21:06:21+08:00   File "/usr/local/lib/python3.11/site-packages/sglang/multimodal_gen/runtime/entrypoints/http_server.py", line 395, in wait_for_server_warmup
2026-08-18 21:06:21+08:00     return await call_next(request)
2026-08-18 21:06:21+08:00            ^^^^^^^^^^^^^^^^^^^^^^^^
2026-08-18 21:06:21+08:00            ^^^^^^^^^^^^^^^^^^^^^^^^
2026-08-18 21:06:21+08:00   File "/usr/local/lib/python3.11/site-packages/starlette/middleware/base.py", line 168, in call_next
2026-08-18 21:06:21+08:00   File "/usr/local/lib/python3.11/site-packages/starlette/middleware/base.py", line 168, in call_next
2026-08-18 21:06:21+08:00     raise app_exc from app_exc.__cause__ or app_exc.__context__
2026-08-18 21:06:21+08:00     raise app_exc from app_exc.__cause__ or app_exc.__context__
2026-08-18 21:06:21+08:00   File "/usr/local/lib/python3.11/site-packages/starlette/middleware/base.py", line 144, in coro
2026-08-18 21:06:21+08:00   File "/usr/local/lib/python3.11/site-packages/starlette/middleware/base.py", line 144, in coro
2026-08-18 21:06:21+08:00     await self.app(scope, receive_or_disconnect, send_no_error)
2026-08-18 21:06:21+08:00     await self.app(scope, receive_or_disconnect, send_no_error)
2026-08-18 21:06:21+08:00   File "/usr/local/lib/python3.11/site-packages/starlette/middleware/cors.py", line 88, in __call__
2026-08-18 21:06:21+08:00     await self.app(scope, receive, send)
2026-08-18 21:06:21+08:00   File "/usr/local/lib/python3.11/site-packages/starlette/middleware/exceptions.py", line 63, in __call__
2026-08-18 21:06:21+08:00     await wrap_app_handling_exceptions(self.app, conn)(scope, receive, send)
2026-08-18 21:06:21+08:00   File "/usr/local/lib/python3.11/site-packages/starlette/middleware/cors.py", line 88, in __call__
2026-08-18 21:06:21+08:00   File "/usr/local/lib/python3.11/site-packages/starlette/_exception_handler.py", line 53, in wrapped_app
2026-08-18 21:06:21+08:00     await self.app(scope, receive, send)
2026-08-18 21:06:21+08:00     raise exc
2026-08-18 21:06:21+08:00   File "/usr/local/lib/python3.11/site-packages/starlette/_exception_handler.py", line 42, in wrapped_app
2026-08-18 21:06:21+08:00   File "/usr/local/lib/python3.11/site-packages/starlette/middleware/exceptions.py", line 63, in __call__
2026-08-18 21:06:21+08:00     await app(scope, receive, sender)
2026-08-18 21:06:21+08:00   File "/usr/local/lib/python3.11/site-packages/fastapi/middleware/asyncexitstack.py", line 18, in __call__
2026-08-18 21:06:21+08:00     await wrap_app_handling_exceptions(self.app, conn)(scope, receive, send)
2026-08-18 21:06:21+08:00     await self.app(scope, receive, send)
2026-08-18 21:06:21+08:00   File "/usr/local/lib/python3.11/site-packages/starlette/_exception_handler.py", line 53, in wrapped_app
2026-08-18 21:06:21+08:00   File "/usr/local/lib/python3.11/site-packages/starlette/routing.py", line 670, in __call__
2026-08-18 21:06:21+08:00     raise exc
2026-08-18 21:06:21+08:00     await self.middleware_stack(scope, receive, send)
2026-08-18 21:06:21+08:00   File "/usr/local/lib/python3.11/site-packages/starlette/_exception_handler.py", line 42, in wrapped_app
2026-08-18 21:06:21+08:00   File "/usr/local/lib/python3.11/site-packages/fastapi/routing.py", line 2734, in app
2026-08-18 21:06:21+08:00     await app(scope, receive, sender)
2026-08-18 21:06:21+08:00     await route.handle(scope, receive, send)
2026-08-18 21:06:21+08:00   File "/usr/local/lib/python3.11/site-packages/fastapi/middleware/asyncexitstack.py", line 18, in __call__
2026-08-18 21:06:21+08:00   File "/usr/local/lib/python3.11/site-packages/fastapi/routing.py", line 1780, in handle
2026-08-18 21:06:21+08:00     await self.app(scope, receive, send)
2026-08-18 21:06:21+08:00     await self.original_router.handle(scope, receive, send)
2026-08-18 21:06:21+08:00   File "/usr/local/lib/python3.11/site-packages/starlette/routing.py", line 670, in __call__
2026-08-18 21:06:21+08:00   File "/usr/local/lib/python3.11/site-packages/fastapi/routing.py", line 2789, in handle
2026-08-18 21:06:21+08:00     await self.middleware_stack(scope, receive, send)
2026-08-18 21:06:21+08:00     await included_router._handle_selected(scope, receive, send)
2026-08-18 21:06:21+08:00   File "/usr/local/lib/python3.11/site-packages/fastapi/routing.py", line 2734, in app
2026-08-18 21:06:21+08:00   File "/usr/local/lib/python3.11/site-packages/fastapi/routing.py", line 1800, in _handle_selected
2026-08-18 21:06:21+08:00     await route.handle(scope, receive, send)
2026-08-18 21:06:21+08:00     await original_route.handle(scope, receive, send)
2026-08-18 21:06:21+08:00   File "/usr/local/lib/python3.11/site-packages/fastapi/routing.py", line 1780, in handle
2026-08-18 21:06:21+08:00   File "/usr/local/lib/python3.11/site-packages/fastapi/routing.py", line 1279, in handle
2026-08-18 21:06:21+08:00     await self.original_router.handle(scope, receive, send)
2026-08-18 21:06:21+08:00     await app(scope, receive, send)
2026-08-18 21:06:21+08:00   File "/usr/local/lib/python3.11/site-packages/fastapi/routing.py", line 2789, in handle
2026-08-18 21:06:21+08:00   File "/usr/local/lib/python3.11/site-packages/fastapi/routing.py", line 158, in app
2026-08-18 21:06:21+08:00     await included_router._handle_selected(scope, receive, send)
2026-08-18 21:06:21+08:00     await wrap_app_handling_exceptions(app, request)(scope, receive, send)
2026-08-18 21:06:21+08:00   File "/usr/local/lib/python3.11/site-packages/fastapi/routing.py", line 1800, in _handle_selected
2026-08-18 21:06:21+08:00   File "/usr/local/lib/python3.11/site-packages/starlette/_exception_handler.py", line 53, in wrapped_app
2026-08-18 21:06:21+08:00     await original_route.handle(scope, receive, send)
2026-08-18 21:06:21+08:00     raise exc
2026-08-18 21:06:21+08:00   File "/usr/local/lib/python3.11/site-packages/fastapi/routing.py", line 1279, in handle
2026-08-18 21:06:21+08:00   File "/usr/local/lib/python3.11/site-packages/starlette/_exception_handler.py", line 42, in wrapped_app
2026-08-18 21:06:21+08:00     await app(scope, receive, send)
2026-08-18 21:06:21+08:00     await app(scope, receive, sender)
2026-08-18 21:06:21+08:00   File "/usr/local/lib/python3.11/site-packages/fastapi/routing.py", line 158, in app
2026-08-18 21:06:21+08:00   File "/usr/local/lib/python3.11/site-packages/fastapi/routing.py", line 144, in app
2026-08-18 21:06:21+08:00     await wrap_app_handling_exceptions(app, request)(scope, receive, send)
2026-08-18 21:06:21+08:00     response = await f(request)
2026-08-18 21:06:21+08:00   File "/usr/local/lib/python3.11/site-packages/starlette/_exception_handler.py", line 53, in wrapped_app
2026-08-18 21:06:21+08:00     raise exc
2026-08-18 21:06:21+08:00   File "/usr/local/lib/python3.11/site-packages/starlette/_exception_handler.py", line 42, in wrapped_app
2026-08-18 21:06:21+08:00     await app(scope, receive, sender)
2026-08-18 21:06:21+08:00   File "/usr/local/lib/python3.11/site-packages/fastapi/routing.py", line 144, in app
2026-08-18 21:06:21+08:00     response = await f(request)
2026-08-18 21:06:21+08:00                ^^^^^^^^^^^^^^^^
2026-08-18 21:06:21+08:00                ^^^^^^^^^^^^^^^^
2026-08-18 21:06:21+08:00   File "/usr/local/lib/python3.11/site-packages/fastapi/routing.py", line 706, in app
2026-08-18 21:06:21+08:00   File "/usr/local/lib/python3.11/site-packages/fastapi/routing.py", line 706, in app
2026-08-18 21:06:21+08:00     raw_response = await run_endpoint_function(
2026-08-18 21:06:21+08:00     raw_response = await run_endpoint_function(
2026-08-18 21:06:21+08:00                    ^^^^^^^^^^^^^^^^^^^^^^^^^^^^
2026-08-18 21:06:21+08:00                    ^^^^^^^^^^^^^^^^^^^^^^^^^^^^
2026-08-18 21:06:21+08:00   File "/usr/local/lib/python3.11/site-packages/fastapi/routing.py", line 352, in run_endpoint_function
2026-08-18 21:06:21+08:00   File "/usr/local/lib/python3.11/site-packages/fastapi/routing.py", line 352, in run_endpoint_function
2026-08-18 21:06:21+08:00     return await dependant.call(**values)
2026-08-18 21:06:21+08:00     return await dependant.call(**values)
2026-08-18 21:06:21+08:00            ^^^^^^^^^^^^^^^^^^^^^^^^^^^^^^
2026-08-18 21:06:21+08:00            ^^^^^^^^^^^^^^^^^^^^^^^^^^^^^^
2026-08-18 21:06:21+08:00   File "/usr/local/lib/python3.11/site-packages/sglang/multimodal_gen/runtime/entrypoints/openai/video_api.py", line 800, in create_video
2026-08-18 21:06:21+08:00   File "/usr/local/lib/python3.11/site-packages/sglang/multimodal_gen/runtime/entrypoints/openai/video_api.py", line 800, in create_video
2026-08-18 21:06:21+08:00     await asyncio.to_thread(
2026-08-18 21:06:21+08:00     await asyncio.to_thread(
2026-08-18 21:06:21+08:00   File "/usr/local/lib/python3.11/asyncio/threads.py", line 25, in to_thread
2026-08-18 21:06:21+08:00   File "/usr/local/lib/python3.11/asyncio/threads.py", line 25, in to_thread
2026-08-18 21:06:21+08:00     return await loop.run_in_executor(None, func_call)
2026-08-18 21:06:21+08:00     return await loop.run_in_executor(None, func_call)
2026-08-18 21:06:21+08:00            ^^^^^^^^^^^^^^^^^^^^^^^^^^^^^^^^^^^^^^^^^^^
2026-08-18 21:06:21+08:00            ^^^^^^^^^^^^^^^^^^^^^^^^^^^^^^^^^^^^^^^^^^^
2026-08-18 21:06:21+08:00   File "/usr/local/lib/python3.11/concurrent/futures/thread.py", line 58, in run
2026-08-18 21:06:21+08:00   File "/usr/local/lib/python3.11/concurrent/futures/thread.py", line 58, in run
2026-08-18 21:06:21+08:00     result = self.fn(*self.args, **self.kwargs)
2026-08-18 21:06:21+08:00     result = self.fn(*self.args, **self.kwargs)
2026-08-18 21:06:21+08:00              ^^^^^^^^^^^^^^^^^^^^^^^^^^^^^^^^^^
2026-08-18 21:06:21+08:00              ^^^^^^^^^^^^^^^^^^^^^^^^^^^^^^^^^^
2026-08-18 21:06:21+08:00   File "/usr/local/lib/python3.11/site-packages/sglang/multimodal_gen/configs/sample/minimax_h3.py", line 96, in prepare_video_request_for_queue
2026-08-18 21:06:21+08:00   File "/usr/local/lib/python3.11/site-packages/sglang/multimodal_gen/configs/sample/minimax_h3.py", line 96, in prepare_video_request_for_queue
2026-08-18 21:06:21+08:00     hooks.prepare_for_queue_sync(req)
2026-08-18 21:06:21+08:00     hooks.prepare_for_queue_sync(req)
2026-08-18 21:06:21+08:00   File "/usr/local/lib/python3.11/site-packages/sglang/multimodal_gen/runtime/pipelines_core/stages/model_specific_stages/minimax_h3/video_adapter.py", line 258, in prepare_for_queue_sync
2026-08-18 21:06:21+08:00   File "/usr/local/lib/python3.11/site-packages/sglang/multimodal_gen/runtime/pipelines_core/stages/model_specific_stages/minimax_h3/video_adapter.py", line 258, in prepare_for_queue_sync
2026-08-18 21:06:21+08:00     minimax_h3_prepare_for_queue(batch)
2026-08-18 21:06:21+08:00   File "/usr/local/lib/python3.11/site-packages/sglang/multimodal_gen/runtime/pipelines_core/stages/model_specific_stages/minimax_h3/prequeue.py", line 253, in minimax_h3_prepare_for_queue
2026-08-18 21:06:21+08:00     probe_facts[int(material.condition_index)] = minimax_h3_probe_material(
2026-08-18 21:06:21+08:00                                                  ^^^^^^^^^^^^^^^^^^^^^^^^^^
2026-08-18 21:06:21+08:00     minimax_h3_prepare_for_queue(batch)
2026-08-18 21:06:21+08:00   File "/usr/local/lib/python3.11/site-packages/sglang/multimodal_gen/runtime/pipelines_core/stages/model_specific_stages/minimax_h3/material_io.py", line 890, in minimax_h3_probe_material
2026-08-18 21:06:21+08:00     path = minimax_h3_localize_material_uri(
2026-08-18 21:06:21+08:00   File "/usr/local/lib/python3.11/site-packages/sglang/multimodal_gen/runtime/pipelines_core/stages/model_specific_stages/minimax_h3/prequeue.py", line 253, in minimax_h3_prepare_for_queue
2026-08-18 21:06:21+08:00            ^^^^^^^^^^^^^^^^^^^^^^^^^^^^^^^^^
2026-08-18 21:06:21+08:00     probe_facts[int(material.condition_index)] = minimax_h3_probe_material(
2026-08-18 21:06:21+08:00   File "/usr/local/lib/python3.11/site-packages/sglang/multimodal_gen/runtime/pipelines_core/stages/model_specific_stages/minimax_h3/material_io.py", line 791, in minimax_h3_localize_material_uri
2026-08-18 21:06:21+08:00                                                  ^^^^^^^^^^^^^^^^^^^^^^^^^^
2026-08-18 21:06:21+08:00     output_path = _checked_material_file(
2026-08-18 21:06:21+08:00                   ^^^^^^^^^^^^^^^^^^^^^^^
2026-08-18 21:06:21+08:00   File "/usr/local/lib/python3.11/site-packages/sglang/multimodal_gen/runtime/pipelines_core/stages/model_specific_stages/minimax_h3/material_io.py", line 890, in minimax_h3_probe_material
2026-08-18 21:06:21+08:00   File "/usr/local/lib/python3.11/site-packages/sglang/multimodal_gen/runtime/pipelines_core/stages/model_specific_stages/minimax_h3/material_io.py", line 209, in _checked_material_file
2026-08-18 21:06:21+08:00     path = minimax_h3_localize_material_uri(
2026-08-18 21:06:21+08:00     raise FileNotFoundError(f"{label} does not exist or is not a file: {path}")
2026-08-18 21:06:21+08:00            ^^^^^^^^^^^^^^^^^^^^^^^^^^^^^^^^^
2026-08-18 21:06:21+08:00 FileNotFoundError: MiniMax H3 material source does not exist or is not a file: /models/minimax/inputs/i2va_20260818T210614+0800_2026-08-18_21.05.47.jpg
2026-08-18 21:06:21+08:00   File "/usr/local/lib/python3.11/site-packages/sglang/multimodal_gen/runtime/pipelines_core/stages/model_specific_stages/minimax_h3/material_io.py", line 791, in minimax_h3_localize_material_uri
2026-08-18 21:06:21+08:00     output_path = _checked_material_file(
2026-08-18 21:06:21+08:00                   ^^^^^^^^^^^^^^^^^^^^^^^
2026-08-18 21:06:21+08:00   File "/usr/local/lib/python3.11/site-packages/sglang/multimodal_gen/runtime/pipelines_core/stages/model_specific_stages/minimax_h3/material_io.py", line 209, in _checked_material_file
2026-08-18 21:06:21+08:00     raise FileNotFoundError(f"{label} does not exist or is not a file: {path}")
2026-08-18 21:06:21+08:00 FileNotFoundError: MiniMax H3 material source does not exist or is not a file: /models/minimax/inputs/i2va_20260818T210614+0800_2026-08-18_21.05.47.jpg
2026-08-18 21:13:53+08:00     GET / -> 200 OK  (duration: 4.27 s, execution: 553.3 ms)
2026-08-18 21:13:53+08:00     GET / -> 200 OK  (duration: 4.27 s, execution: 553.3 ms)
2026-08-18 21:17:55+08:00 Creating GPU memory snapshot for Function.
2026-08-18 21:17:55+08:00 Creating GPU memory snapshot for Function.
2026-08-18 21:17:57+08:00 
2026-08-18 21:17:57+08:00 
2026-08-18 21:17:57+08:00 ==========
2026-08-18 21:17:57+08:00 == CUDA ==
2026-08-18 21:17:57+08:00 ==========
2026-08-18 21:17:57+08:00 
2026-08-18 21:17:57+08:00 CUDA Version 12.8.1
2026-08-18 21:17:57+08:00 
2026-08-18 21:17:57+08:00 Container image Copyright (c) 2016-2023, NVIDIA CORPORATION & AFFILIATES. All rights reserved.
2026-08-18 21:17:57+08:00 ==========
2026-08-18 21:17:57+08:00 == CUDA ==
2026-08-18 21:17:57+08:00 ==========
2026-08-18 21:17:57+08:00 
2026-08-18 21:17:57+08:00 
2026-08-18 21:17:57+08:00 This container image and its contents are governed by the NVIDIA Deep Learning Container License.
2026-08-18 21:17:57+08:00 By pulling and using the container, you accept the terms and conditions of this license:
2026-08-18 21:17:57+08:00 https://developer.nvidia.com/ngc/nvidia-deep-learning-container-license
2026-08-18 21:17:57+08:00 
2026-08-18 21:17:57+08:00 A copy of this license is made available in this container at /NGC-DL-CONTAINER-LICENSE for your convenience.
2026-08-18 21:17:57+08:00 CUDA Version 12.8.1
2026-08-18 21:17:57+08:00 
2026-08-18 21:17:57+08:00 Container image Copyright (c) 2016-2023, NVIDIA CORPORATION & AFFILIATES. All rights reserved.
2026-08-18 21:17:57+08:00 
2026-08-18 21:17:57+08:00 This container image and its contents are governed by the NVIDIA Deep Learning Container License.
2026-08-18 21:17:57+08:00 By pulling and using the container, you accept the terms and conditions of this license:
2026-08-18 21:17:57+08:00 https://developer.nvidia.com/ngc/nvidia-deep-learning-container-license
2026-08-18 21:17:57+08:00 
2026-08-18 21:17:57+08:00 A copy of this license is made available in this container at /NGC-DL-CONTAINER-LICENSE for your convenience.
2026-08-18 21:17:57+08:00 
2026-08-18 21:17:57+08:00 
2026-08-18 21:18:10+08:00 Snapshot created. Restoring Function from memory snapshot.
2026-08-18 21:18:10+08:00 Snapshot created. Restoring Function from memory snapshot.
2026-08-18 21:18:10+08:00 Restoring Function from memory snapshot.
2026-08-18 21:18:10+08:00 Restoring Function from memory snapshot.
2026-08-18 21:18:13+08:00 Starting: sglang serve --model-path MiniMaxAI/MiniMax-H3 --model-variant fl2va --num-gpus 4 --tp-size 2 --ulysses-degree 2 --performance-mode speed --host 0.0.0.0 --port 30010
2026-08-18 21:18:13+08:00 Starting: sglang serve --model-path MiniMaxAI/MiniMax-H3 --model-variant fl2va --num-gpus 4 --tp-size 2 --ulysses-degree 2 --performance-mode speed --host 0.0.0.0 --port 30010
2026-08-18 21:18:13+08:00 Warm-up hold: 2s
2026-08-18 21:18:13+08:00 Warm-up hold: 2s
2026-08-18 21:18:25+08:00 /usr/local/lib/python3.11/site-packages/huggingface_hub/constants.py:310: FutureWarning: The `HF_HUB_ENABLE_HF_TRANSFER` environment variable is deprecated as 'hf_transfer' is not used anymore. Please use `HF_XET_HIGH_PERFORMANCE` instead to enable high performance transfer with Xet. Visit https://huggingface.co/docs/huggingface_hub/package_reference/environment_variables#hfxethighperformance for more details.
2026-08-18 21:18:25+08:00   warnings.warn(
2026-08-18 21:18:25+08:00 /usr/local/lib/python3.11/site-packages/huggingface_hub/constants.py:310: FutureWarning: The `HF_HUB_ENABLE_HF_TRANSFER` environment variable is deprecated as 'hf_transfer' is not used anymore. Please use `HF_XET_HIGH_PERFORMANCE` instead to enable high performance transfer with Xet. Visit https://huggingface.co/docs/huggingface_hub/package_reference/environment_variables#hfxethighperformance for more details.
2026-08-18 21:18:25+08:00   warnings.warn(
2026-08-18 21:18:47+08:00 [08-18 13:18:47] Applying performance_mode=speed
2026-08-18 21:18:47+08:00 [08-18 13:18:47] Applying performance_mode=speed
2026-08-18 21:18:47+08:00 [08-18 13:18:47] performance_mode=speed keeps torch.compile disabled for this model (pass --enable-torch-compile true to opt in)
2026-08-18 21:18:47+08:00 [08-18 13:18:47] performance_mode=speed keeps torch.compile disabled for this model (pass --enable-torch-compile true to opt in)
2026-08-18 21:18:47+08:00 [08-18 13:18:47] Proposed encoder parallel folding (mode=world) for ServerArgs (tp=2 sp=2 cfg=1 replica=4); the loader keeps it for encoders wide enough to benefit.
2026-08-18 21:18:47+08:00 [08-18 13:18:47] Proposed encoder parallel folding (mode=world) for ServerArgs (tp=2 sp=2 cfg=1 replica=4); the loader keeps it for encoders wide enough to benefit.
2026-08-18 21:18:47+08:00 [08-18 13:18:47] server_args: {"model_path": "MiniMaxAI/MiniMax-H3", "model_subfolder": null, "model_variant": "fl2va", "model_id": null, "backend": "auto", "attention_backend": null, "attention_backend_config": {}, "component_attention_backends": {}, "cache_dit_config": null, "nccl_port": null, "trust_remote_code": false, "revision": null, "num_gpus": 4, "performance_mode": "speed", "base_gpu_id": 0, "gpu_ids": null, "tp_size": 2, "sp_degree": 2, "ulysses_degree": 2, "ring_degree": 1, "dp_size": 1, "dp_degree": 1, "enable_cfg_parallel": false, "cfg_parallel_degree": 1, "encoder_parallel": "auto", "hsdp_replicate_dim": 1, "hsdp_shard_dim": 4, "dist_timeout": 3600, "pipeline_class_name": null, "lora_path": null, "lora_nickname": "default", "lora_scale": 1.0, "lora_merge_mode": "auto", "lora_weight_name": null, "component_paths": {}, "transformer_weights_path": null, "component_transformer_weights_paths": {}, "quantization": null, "quantization_ignored_layers": null, "lora_target_modules": null, "dit_cpu_offload": false, "dit_layerwise_offload": false, "layerwise_offload_components": null, "dit_offload_prefetch_size": 0.0, "dit_layerwise_resident_layers": 0.0, "offload_during_compile": true, "text_encoder_cpu_offload": false, "image_encoder_cpu_offload": false, "vae_cpu_offload": false, "use_fsdp_inference": false, "pin_cpu_memory": true, "ltx2_two_stage_device_mode": null, "comfyui_mode": false, "enable_torch_compile": false, "regional_compile": false, "enable_breakable_cuda_graph": false, "bcg_text_buckets": null, "enable_layerwise_nvtx_marker": false, "warmup_mode": "server", "warmup": true, "server_warmup": true, "warmup_resolutions": null, "warmup_steps": 1, "disable_autocast": false, "master_port": 30005, "host": "0.0.0.0", "port": 30010, "webui": false, "webui_port": 12312, "scheduler_port": 5582, "batching_mode": "dynamic", "batching_max_size": 1, "batching_delay_ms": 0.0, "batching_config": null, "enable_batching_metrics": false, "strict_ports": false, "output_path": "outputs/", "input_save_path": "inputs/uploads", "prompt_file_path": null, "model_paths": {}, "model_loaded": {"transformer": true, "vae": true, "video_vae": true, "audio_vae": true, "video_dit": true, "audio_dit": true, "dual_tower_bridge": true}, "boundary_ratio": null, "disagg_role": "monolithic", "disagg_timeout": 3600, "disagg_downstream_wait_timeout": 1800, "disagg_dispatch_policy": "round_robin", "disagg_mode": false, "disagg_instance_id": 0, "disagg_max_slots_per_instance": 8, "disagg_transfer_redundancy": 1.25, "disagg_role_device": "auto", "disagg_transfer_backend": "auto", "disagg_transfer_pool_size": 268435456, "disagg_transfer_pin_memory": "auto", "disagg_p2p_hostname": "127.0.0.1", "disagg_ib_device": null, "disagg_server_addr": null, "encoder_urls": null, "denoiser_urls": null, "decoder_urls": null, "encoder_tp": null, "denoiser_tp": null, "denoiser_sp": null, "denoiser_ulysses": null, "denoiser_ring": null, "decoder_sp": null, "decoder_tp": null, "pool_work_endpoint": null, "pool_result_endpoint": null, "pool_control_endpoint": null, "pool_control_advertised_endpoint": null, "log_level": "info", "log_requests": false, "log_requests_level": 2, "log_requests_format": "text", "log_requests_target": null, "uvicorn_access_log_exclude_prefixes": [], "enable_trace": false, "otlp_traces_endpoint": "localhost:4317", "srt_encoder_url": null, "srt_encoder_connect_timeout": 3.05, "srt_encoder_timeout": 100, "pe_server_url": null}
2026-08-18 21:18:47+08:00 [08-18 13:18:47] Starting server...
2026-08-18 21:18:47+08:00 [08-18 13:18:47] server_args: {"model_path": "MiniMaxAI/MiniMax-H3", "model_subfolder": null, "model_variant": "fl2va", "model_id": null, "backend": "auto", "attention_backend": null, "attention_backend_config": {}, "component_attention_backends": {}, "cache_dit_config": null, "nccl_port": null, "trust_remote_code": false, "revision": null, "num_gpus": 4, "performance_mode": "speed", "base_gpu_id": 0, "gpu_ids": null, "tp_size": 2, "sp_degree": 2, "ulysses_degree": 2, "ring_degree": 1, "dp_size": 1, "dp_degree": 1, "enable_cfg_parallel": false, "cfg_parallel_degree": 1, "encoder_parallel": "auto", "hsdp_replicate_dim": 1, "hsdp_shard_dim": 4, "dist_timeout": 3600, "pipeline_class_name": null, "lora_path": null, "lora_nickname": "default", "lora_scale": 1.0, "lora_merge_mode": "auto", "lora_weight_name": null, "component_paths": {}, "transformer_weights_path": null, "component_transformer_weights_paths": {}, "quantization": null, "quantization_ignored_layers": null, "lora_target_modules": null, "dit_cpu_offload": false, "dit_layerwise_offload": false, "layerwise_offload_components": null, "dit_offload_prefetch_size": 0.0, "dit_layerwise_resident_layers": 0.0, "offload_during_compile": true, "text_encoder_cpu_offload": false, "image_encoder_cpu_offload": false, "vae_cpu_offload": false, "use_fsdp_inference": false, "pin_cpu_memory": true, "ltx2_two_stage_device_mode": null, "comfyui_mode": false, "enable_torch_compile": false, "regional_compile": false, "enable_breakable_cuda_graph": false, "bcg_text_buckets": null, "enable_layerwise_nvtx_marker": false, "warmup_mode": "server", "warmup": true, "server_warmup": true, "warmup_resolutions": null, "warmup_steps": 1, "disable_autocast": false, "master_port": 30005, "host": "0.0.0.0", "port": 30010, "webui": false, "webui_port": 12312, "scheduler_port": 5582, "batching_mode": "dynamic", "batching_max_size": 1, "batching_delay_ms": 0.0, "batching_config": null, "enable_batching_metrics": false, "strict_ports": false, "output_path": "outputs/", "input_save_path": "inputs/uploads", "prompt_file_path": null, "model_paths": {}, "model_loaded": {"transformer": true, "vae": true, "video_vae": true, "audio_vae": true, "video_dit": true, "audio_dit": true, "dual_tower_bridge": true}, "boundary_ratio": null, "disagg_role": "monolithic", "disagg_timeout": 3600, "disagg_downstream_wait_timeout": 1800, "disagg_dispatch_policy": "round_robin", "disagg_mode": false, "disagg_instance_id": 0, "disagg_max_slots_per_instance": 8, "disagg_transfer_redundancy": 1.25, "disagg_role_device": "auto", "disagg_transfer_backend": "auto", "disagg_transfer_pool_size": 268435456, "disagg_transfer_pin_memory": "auto", "disagg_p2p_hostname": "127.0.0.1", "disagg_ib_device": null, "disagg_server_addr": null, "encoder_urls": null, "denoiser_urls": null, "decoder_urls": null, "encoder_tp": null, "denoiser_tp": null, "denoiser_sp": null, "denoiser_ulysses": null, "denoiser_ring": null, "decoder_sp": null, "decoder_tp": null, "pool_work_endpoint": null, "pool_result_endpoint": null, "pool_control_endpoint": null, "pool_control_advertised_endpoint": null, "log_level": "info", "log_requests": false, "log_requests_level": 2, "log_requests_format": "text", "log_requests_target": null, "uvicorn_access_log_exclude_prefixes": [], "enable_trace": false, "otlp_traces_endpoint": "localhost:4317", "srt_encoder_url": null, "srt_encoder_connect_timeout": 3.05, "srt_encoder_timeout": 100, "pe_server_url": null}
2026-08-18 21:18:47+08:00 [08-18 13:18:47] Starting server...
2026-08-18 21:18:59+08:00 /usr/local/lib/python3.11/site-packages/huggingface_hub/constants.py:310: FutureWarning: The `HF_HUB_ENABLE_HF_TRANSFER` environment variable is deprecated as 'hf_transfer' is not used anymore. Please use `HF_XET_HIGH_PERFORMANCE` instead to enable high performance transfer with Xet. Visit https://huggingface.co/docs/huggingface_hub/package_reference/environment_variables#hfxethighperformance for more details.
2026-08-18 21:18:59+08:00 /usr/local/lib/python3.11/site-packages/huggingface_hub/constants.py:310: FutureWarning: The `HF_HUB_ENABLE_HF_TRANSFER` environment variable is deprecated as 'hf_transfer' is not used anymore. Please use `HF_XET_HIGH_PERFORMANCE` instead to enable high performance transfer with Xet. Visit https://huggingface.co/docs/huggingface_hub/package_reference/environment_variables#hfxethighperformance for more details.
2026-08-18 21:18:59+08:00   warnings.warn(
2026-08-18 21:18:59+08:00   warnings.warn(
2026-08-18 21:18:59+08:00 /usr/local/lib/python3.11/site-packages/huggingface_hub/constants.py:310: FutureWarning: The `HF_HUB_ENABLE_HF_TRANSFER` environment variable is deprecated as 'hf_transfer' is not used anymore. Please use `HF_XET_HIGH_PERFORMANCE` instead to enable high performance transfer with Xet. Visit https://huggingface.co/docs/huggingface_hub/package_reference/environment_variables#hfxethighperformance for more details.
2026-08-18 21:18:59+08:00 /usr/local/lib/python3.11/site-packages/huggingface_hub/constants.py:310: FutureWarning: The `HF_HUB_ENABLE_HF_TRANSFER` environment variable is deprecated as 'hf_transfer' is not used anymore. Please use `HF_XET_HIGH_PERFORMANCE` instead to enable high performance transfer with Xet. Visit https://huggingface.co/docs/huggingface_hub/package_reference/environment_variables#hfxethighperformance for more details.
2026-08-18 21:18:59+08:00   warnings.warn(
2026-08-18 21:18:59+08:00   warnings.warn(
2026-08-18 21:19:00+08:00 /usr/local/lib/python3.11/site-packages/huggingface_hub/constants.py:310: FutureWarning: The `HF_HUB_ENABLE_HF_TRANSFER` environment variable is deprecated as 'hf_transfer' is not used anymore. Please use `HF_XET_HIGH_PERFORMANCE` instead to enable high performance transfer with Xet. Visit https://huggingface.co/docs/huggingface_hub/package_reference/environment_variables#hfxethighperformance for more details.
2026-08-18 21:19:00+08:00   warnings.warn(
2026-08-18 21:19:00+08:00 /usr/local/lib/python3.11/site-packages/huggingface_hub/constants.py:310: FutureWarning: The `HF_HUB_ENABLE_HF_TRANSFER` environment variable is deprecated as 'hf_transfer' is not used anymore. Please use `HF_XET_HIGH_PERFORMANCE` instead to enable high performance transfer with Xet. Visit https://huggingface.co/docs/huggingface_hub/package_reference/environment_variables#hfxethighperformance for more details.
2026-08-18 21:19:00+08:00 /usr/local/lib/python3.11/site-packages/huggingface_hub/constants.py:310: FutureWarning: The `HF_HUB_ENABLE_HF_TRANSFER` environment variable is deprecated as 'hf_transfer' is not used anymore. Please use `HF_XET_HIGH_PERFORMANCE` instead to enable high performance transfer with Xet. Visit https://huggingface.co/docs/huggingface_hub/package_reference/environment_variables#hfxethighperformance for more details.
2026-08-18 21:19:00+08:00   warnings.warn(
2026-08-18 21:19:00+08:00   warnings.warn(
2026-08-18 21:19:00+08:00 /usr/local/lib/python3.11/site-packages/huggingface_hub/constants.py:310: FutureWarning: The `HF_HUB_ENABLE_HF_TRANSFER` environment variable is deprecated as 'hf_transfer' is not used anymore. Please use `HF_XET_HIGH_PERFORMANCE` instead to enable high performance transfer with Xet. Visit https://huggingface.co/docs/huggingface_hub/package_reference/environment_variables#hfxethighperformance for more details.
2026-08-18 21:19:00+08:00   warnings.warn(
2026-08-18 21:19:15+08:00 [08-18 13:19:15] Scheduler bind at endpoint: tcp://0.0.0.0:5582
2026-08-18 21:19:15+08:00 [08-18 13:19:15] Scheduler bind at endpoint: tcp://0.0.0.0:5582
2026-08-18 21:19:15+08:00 [08-18 13:19:15] torch.compile cache: TORCHINDUCTOR_CACHE_DIR=/root/.cache/sgl_diffusion/torch_compile_cache/inductor TRITON_CACHE_DIR=/root/.cache/sgl_diffusion/torch_compile_cache/triton
2026-08-18 21:19:15+08:00 [08-18 13:19:15] torch.compile cache: TORCHINDUCTOR_CACHE_DIR=/root/.cache/sgl_diffusion/torch_compile_cache/inductor TRITON_CACHE_DIR=/root/.cache/sgl_diffusion/torch_compile_cache/triton
2026-08-18 21:19:15+08:00 [08-18 13:19:15] Initializing distributed environment with world_size=4, device=cuda:0, timeout=3600
2026-08-18 21:19:15+08:00 [08-18 13:19:15] Initializing distributed environment with world_size=4, device=cuda:0, timeout=3600
2026-08-18 21:19:15+08:00 [08-18 13:19:15] Setting distributed timeout to 3600 seconds
2026-08-18 21:19:15+08:00 [08-18 13:19:15] Setting distributed timeout to 3600 seconds
2026-08-18 21:19:17+08:00 [08-18 13:19:17] Found nccl from library libnccl.so.2
2026-08-18 21:19:17+08:00 [08-18 13:19:17] Found nccl from library libnccl.so.2
2026-08-18 21:19:17+08:00 [08-18 13:19:17] sglang-diffusion is using nccl==2.28.9
2026-08-18 21:19:17+08:00 [08-18 13:19:17] sglang-diffusion is using nccl==2.28.9
2026-08-18 21:19:23+08:00 [08-18 13:19:23] Found nccl from library libnccl.so.2
2026-08-18 21:19:23+08:00 [08-18 13:19:23] Found nccl from library libnccl.so.2
2026-08-18 21:19:23+08:00 [08-18 13:19:23] sglang-diffusion is using nccl==2.28.9
2026-08-18 21:19:23+08:00 [08-18 13:19:23] sglang-diffusion is using nccl==2.28.9
2026-08-18 21:19:25+08:00 [08-18 13:19:25] generating GPU P2P access cache in /root/.cache/sglang/gpu_p2p_access_cache_for_0,1,2,3.json
2026-08-18 21:19:25+08:00 [08-18 13:19:25] generating GPU P2P access cache in /root/.cache/sglang/gpu_p2p_access_cache_for_0,1,2,3.json
2026-08-18 21:20:08+08:00 [08-18 13:20:08] reading GPU P2P access cache from /root/.cache/sglang/gpu_p2p_access_cache_for_0,1,2,3.json
2026-08-18 21:20:08+08:00 [08-18 13:20:08] reading GPU P2P access cache from /root/.cache/sglang/gpu_p2p_access_cache_for_0,1,2,3.json
2026-08-18 21:20:08+08:00 [08-18 13:20:08] reading GPU P2P access cache from /root/.cache/sglang/gpu_p2p_access_cache_for_0,1,2,3.json
2026-08-18 21:20:08+08:00 [08-18 13:20:08] reading GPU P2P access cache from /root/.cache/sglang/gpu_p2p_access_cache_for_0,1,2,3.json
2026-08-18 21:20:08+08:00 [08-18 13:20:08] reading GPU P2P access cache from /root/.cache/sglang/gpu_p2p_access_cache_for_0,1,2,3.json
2026-08-18 21:20:08+08:00 [08-18 13:20:08] reading GPU P2P access cache from /root/.cache/sglang/gpu_p2p_access_cache_for_0,1,2,3.json
2026-08-18 21:20:08+08:00 [08-18 13:20:08] reading GPU P2P access cache from /root/.cache/sglang/gpu_p2p_access_cache_for_0,1,2,3.json
2026-08-18 21:20:08+08:00 [08-18 13:20:08] reading GPU P2P access cache from /root/.cache/sglang/gpu_p2p_access_cache_for_0,1,2,3.json
2026-08-18 21:20:09+08:00 [08-18 13:20:09] Found nccl from library libnccl.so.2
2026-08-18 21:20:09+08:00 [08-18 13:20:09] sglang-diffusion is using nccl==2.28.9
2026-08-18 21:20:09+08:00 [08-18 13:20:09] Found nccl from library libnccl.so.2
2026-08-18 21:20:09+08:00 [08-18 13:20:09] sglang-diffusion is using nccl==2.28.9
2026-08-18 21:20:10+08:00 [08-18 13:20:10] No pipeline_class_name specified, using model_index.json
2026-08-18 21:20:10+08:00 [08-18 13:20:10] No pipeline_class_name specified, using model_index.json
2026-08-18 21:20:11+08:00 [08-18 13:20:11] Using pipeline from model_index.json: MiniMaxH3Pipeline
2026-08-18 21:20:11+08:00 [08-18 13:20:11] Using pipeline from model_index.json: MiniMaxH3Pipeline
2026-08-18 21:20:11+08:00 [08-18 13:20:11] Loading pipeline modules...
2026-08-18 21:20:11+08:00 [08-18 13:20:11] Loading pipeline modules...
2026-08-18 21:20:11+08:00 [08-18 13:20:11] Checking for cached model in Hugging Face Hub cache for MiniMaxAI/MiniMax-H3...
2026-08-18 21:20:11+08:00 [08-18 13:20:11] Checking for cached model in Hugging Face Hub cache for MiniMaxAI/MiniMax-H3...
2026-08-18 21:20:11+08:00 [08-18 13:20:11] Model not found in cache, will download from Hugging Face Hub
2026-08-18 21:20:11+08:00 [08-18 13:20:11] Downloading model snapshot from Hugging Face Hub for MiniMaxAI/MiniMax-H3 (attempt 1/5)...
2026-08-18 21:20:11+08:00 [08-18 13:20:11] Model not found in cache, will download from Hugging Face Hub
2026-08-18 21:20:11+08:00 [08-18 13:20:11] Downloading model snapshot from Hugging Face Hub for MiniMaxAI/MiniMax-H3 (attempt 1/5)...
2026-08-18 21:20:11+08:00 
2026-08-18 21:20:11+08:00 
2026-08-18 21:20:11+08:00 [1A2026-08-18 21:20:11+08:00 Fetching 81 files:   0%|          | 0/81 [00:00<?, ?it/s]
2026-08-18 21:20:11+08:00 [1A2026-08-18 21:20:11+08:00 Fetching 81 files: 100%|██████████| 81/81 [00:00<00:00, 933.85it/s]
2026-08-18 21:20:11+08:00 [1A2026-08-18 21:20:11+08:00 Fetching 81 files:   0%|          | 0/81 [00:00<?, ?it/s]
2026-08-18 21:20:11+08:00 [1A2026-08-18 21:20:11+08:00 Fetching 81 files: 100%|██████████| 81/81 [00:00<00:00, 933.85it/s]
2026-08-18 21:20:13+08:00 
2026-08-18 21:20:13+08:00 
2026-08-18 21:20:13+08:00 [1A2026-08-18 21:20:13+08:00 Fetching 81 files:   0%|          | 0/81 [00:00<?, ?it/s]
2026-08-18 21:20:13+08:00 [1A2026-08-18 21:20:13+08:00 Fetching 81 files: 100%|██████████| 81/81 [00:00<00:00, 1039.74it/s]
2026-08-18 21:20:13+08:00 [1A2026-08-18 21:20:13+08:00 Fetching 81 files:   0%|          | 0/81 [00:00<?, ?it/s]
2026-08-18 21:20:13+08:00 [1A2026-08-18 21:20:13+08:00 Fetching 81 files: 100%|██████████| 81/81 [00:00<00:00, 1039.74it/s]
2026-08-18 21:20:16+08:00 
2026-08-18 21:20:16+08:00 
2026-08-18 21:20:16+08:00 [1A2026-08-18 21:20:16+08:00 Fetching 81 files:   0%|          | 0/81 [00:00<?, ?it/s]
2026-08-18 21:20:16+08:00 [1A2026-08-18 21:20:16+08:00 Fetching 81 files:   0%|          | 0/81 [00:00<?, ?it/s]
2026-08-18 21:20:16+08:00 [1A2026-08-18 21:20:16+08:00 Fetching 81 files:   1%|          | 1/81 [00:00<00:23,  3.39it/s]
2026-08-18 21:20:16+08:00 [1A2026-08-18 21:20:16+08:00 Fetching 81 files:   1%|          | 1/81 [00:00<00:23,  3.39it/s]
2026-08-18 21:20:16+08:00 [1A2026-08-18 21:20:16+08:00 Fetching 81 files:  22%|██▏       | 18/81 [00:00<00:01, 41.95it/s]
2026-08-18 21:20:16+08:00 [1A2026-08-18 21:20:16+08:00 Fetching 81 files: 100%|██████████| 81/81 [00:00<00:00, 145.28it/s]
2026-08-18 21:20:16+08:00 [08-18 13:20:16] Model path: /__modal/volumes/vo-AfItwkgWNIogtOJhuNluZI/hf/hub/models--MiniMaxAI--MiniMax-H3/snapshots/42ed227ee7df40d41602854ae760620d6eb651fe/FL2VA
2026-08-18 21:20:16+08:00 [08-18 13:20:16] Diffusers version: 0.32.2
2026-08-18 21:20:16+08:00 [08-18 13:20:16] Loading pipeline modules from config: {'_class_name': 'MiniMaxH3Pipeline', '_diffusers_version': '0.32.2', 'text_encoder': ['transformers', 'MiniMaxH3Qwen3VLHFEncoder'], 'tokenizer': ['transformers', 'Qwen2TokenizerFast'], 'video_vae': ['diffusers', 'MiniMaxH3VideoVAE'], 'audio_vae': ['diffusers', 'MiniMaxH3AudioVAE'], 'scheduler': None, 'transformer': ['diffusers', 'MiniMaxH3DiTModel'], 'processor': ['transformers', 'Qwen3VLProcessor'], '_minimax_h3': {'schema_version': 1, 'partition': 'fl2va', 'tasks': ['t2va', 'fl2va'], 'task_aliases': {}, 'sigma_shift_scales': {'video': 12.0, 'audio': 3.0}}}
2026-08-18 21:20:16+08:00 [08-18 13:20:16] Loading required components: ['processor', 'text_encoder', 'tokenizer', 'video_vae', 'audio_vae', 'transformer']
2026-08-18 21:20:16+08:00 [1A2026-08-18 21:20:16+08:00 Fetching 81 files:  22%|██▏       | 18/81 [00:00<00:01, 41.95it/s]
2026-08-18 21:20:16+08:00 [1A2026-08-18 21:20:16+08:00 Fetching 81 files: 100%|██████████| 81/81 [00:00<00:00, 145.28it/s]
2026-08-18 21:20:16+08:00 [08-18 13:20:16] Model path: /__modal/volumes/vo-AfItwkgWNIogtOJhuNluZI/hf/hub/models--MiniMaxAI--MiniMax-H3/snapshots/42ed227ee7df40d41602854ae760620d6eb651fe/FL2VA
2026-08-18 21:20:16+08:00 [08-18 13:20:16] Diffusers version: 0.32.2
2026-08-18 21:20:16+08:00 [08-18 13:20:16] Loading pipeline modules from config: {'_class_name': 'MiniMaxH3Pipeline', '_diffusers_version': '0.32.2', 'text_encoder': ['transformers', 'MiniMaxH3Qwen3VLHFEncoder'], 'tokenizer': ['transformers', 'Qwen2TokenizerFast'], 'video_vae': ['diffusers', 'MiniMaxH3VideoVAE'], 'audio_vae': ['diffusers', 'MiniMaxH3AudioVAE'], 'scheduler': None, 'transformer': ['diffusers', 'MiniMaxH3DiTModel'], 'processor': ['transformers', 'Qwen3VLProcessor'], '_minimax_h3': {'schema_version': 1, 'partition': 'fl2va', 'tasks': ['t2va', 'fl2va'], 'task_aliases': {}, 'sigma_shift_scales': {'video': 12.0, 'audio': 3.0}}}
2026-08-18 21:20:16+08:00 [08-18 13:20:16] Loading required components: ['processor', 'text_encoder', 'tokenizer', 'video_vae', 'audio_vae', 'transformer']
2026-08-18 21:20:17+08:00 
2026-08-18 21:20:17+08:00 
2026-08-18 21:20:18+08:00 [1A2026-08-18 21:20:18+08:00 Fetching 81 files:   0%|          | 0/81 [00:00<?, ?it/s]
2026-08-18 21:20:18+08:00 [1A2026-08-18 21:20:18+08:00 Fetching 81 files:   0%|          | 0/81 [00:00<?, ?it/s]
2026-08-18 21:20:18+08:00 [1A2026-08-18 21:20:18+08:00 Fetching 81 files:   1%|          | 1/81 [00:00<00:52,  1.51it/s]
2026-08-18 21:20:18+08:00 [1A2026-08-18 21:20:18+08:00 Fetching 81 files:   1%|          | 1/81 [00:00<00:52,  1.51it/s]
2026-08-18 21:20:18+08:00 [1A2026-08-18 21:20:18+08:00 Fetching 81 files:  11%|█         | 9/81 [00:00<00:05, 13.57it/s]
2026-08-18 21:20:18+08:00 [1A2026-08-18 21:20:18+08:00 Fetching 81 files:  11%|█         | 9/81 [00:00<00:05, 13.57it/s]
2026-08-18 21:20:19+08:00 [1A2026-08-18 21:20:19+08:00 Fetching 81 files:  15%|█▍        | 12/81 [00:00<00:04, 15.89it/s]
2026-08-18 21:20:19+08:00 [1A2026-08-18 21:20:19+08:00 Fetching 81 files:  15%|█▍        | 12/81 [00:00<00:04, 15.89it/s]
2026-08-18 21:20:19+08:00 [1A2026-08-18 21:20:19+08:00 Fetching 81 files:  21%|██        | 17/81 [00:01<00:04, 14.55it/s]
2026-08-18 21:20:19+08:00 [1A2026-08-18 21:20:19+08:00 Fetching 81 files:  21%|██        | 17/81 [00:01<00:04, 14.55it/s]
2026-08-18 21:20:19+08:00 [1A2026-08-18 21:20:19+08:00 Fetching 81 files:  25%|██▍       | 20/81 [00:01<00:04, 14.10it/s]
2026-08-18 21:20:19+08:00 [1A2026-08-18 21:20:19+08:00 Fetching 81 files:  25%|██▍       | 20/81 [00:01<00:04, 14.10it/s]
2026-08-18 21:20:19+08:00 [1A2026-08-18 21:20:19+08:00 Fetching 81 files:  28%|██▊       | 23/81 [00:01<00:04, 13.23it/s]
2026-08-18 21:20:19+08:00 [1A2026-08-18 21:20:19+08:00 Fetching 81 files:  28%|██▊       | 23/81 [00:01<00:04, 13.23it/s]
2026-08-18 21:20:20+08:00 [1A2026-08-18 21:20:20+08:00 Fetching 81 files:  32%|███▏      | 26/81 [00:02<00:04, 12.99it/s]
2026-08-18 21:20:20+08:00 [1A2026-08-18 21:20:20+08:00 Fetching 81 files:  32%|███▏      | 26/81 [00:02<00:04, 12.99it/s]
2026-08-18 21:20:20+08:00 [1A2026-08-18 21:20:20+08:00 Fetching 81 files:  35%|███▍      | 28/81 [00:02<00:04, 12.98it/s]
2026-08-18 21:20:20+08:00 [1A2026-08-18 21:20:20+08:00 Fetching 81 files:  35%|███▍      | 28/81 [00:02<00:04, 12.98it/s]
2026-08-18 21:20:20+08:00 [1A2026-08-18 21:20:20+08:00 Fetching 81 files: 100%|██████████| 81/81 [00:02<00:00, 35.67it/s]
2026-08-18 21:20:20+08:00 [1A2026-08-18 21:20:20+08:00 Fetching 81 files: 100%|██████████| 81/81 [00:02<00:00, 35.67it/s]
2026-08-18 21:20:20+08:00 
2026-08-18 21:20:20+08:00 
2026-08-18 21:20:20+08:00 [1A2026-08-18 21:20:20+08:00 Loading required modules:   0%|          | 0/6 [00:00<?, ?it/s]
2026-08-18 21:20:20+08:00 [1A2026-08-18 21:20:20+08:00 Loading required modules:   0%|          | 0/6 [00:00<?, ?it/s]
2026-08-18 21:20:20+08:00 [08-18 13:20:20] Memory-aware component load order: ['text_encoder', 'transformer', 'audio_vae', 'video_vae', 'processor', 'tokenizer']
2026-08-18 21:20:20+08:00 [08-18 13:20:20] Memory-aware component load order: ['text_encoder', 'transformer', 'audio_vae', 'video_vae', 'processor', 'tokenizer']
2026-08-18 21:20:20+08:00 [1A2026-08-18 21:20:20+08:00 Loading required modules:   0%|          | 0/6 [00:00<?, ?it/s]
2026-08-18 21:20:20+08:00 [08-18 13:20:20] Loading text_encoder from /__modal/volumes/vo-AfItwkgWNIogtOJhuNluZI/hf/hub/models--MiniMaxAI--MiniMax-H3/snapshots/42ed227ee7df40d41602854ae760620d6eb651fe/FL2VA/text_encoder. avail mem: 72.80 GB
2026-08-18 21:20:20+08:00 [1A2026-08-18 21:20:20+08:00 Loading required modules:   0%|          | 0/6 [00:00<?, ?it/s]
2026-08-18 21:20:20+08:00 [08-18 13:20:20] Loading text_encoder from /__modal/volumes/vo-AfItwkgWNIogtOJhuNluZI/hf/hub/models--MiniMaxAI--MiniMax-H3/snapshots/42ed227ee7df40d41602854ae760620d6eb651fe/FL2VA/text_encoder. avail mem: 72.80 GB
2026-08-18 21:20:21+08:00 [1A2026-08-18 21:20:21+08:00 Loading required modules:   0%|          | 0/6 [00:00<?, ?it/s]
2026-08-18 21:20:21+08:00 [1A2026-08-18 21:20:21+08:00 Loading required modules:   0%|          | 0/6 [00:00<?, ?it/s]
2026-08-18 21:20:21+08:00 [08-18 13:20:21] Loading safetensors with Run:ai Model Streamer to cuda:0
2026-08-18 21:20:21+08:00 [08-18 13:20:21] Loading safetensors with Run:ai Model Streamer to cuda:0
[1ALoading required modules:   0%|          | 0/6 [00:00<?, ?it/s]2026-08-18 21:21:07+08:00 [08-18 13:21:07] [RunAI Streamer] Overall time to stream 53.1 GiB of all files to cuda:0: 46.5s, 1.1 GiB/s
[1ALoading required modules:   0%|          | 0/6 [00:00<?, ?it/s]2026-08-18 21:21:07+08:00 [08-18 13:21:07] [RunAI Streamer] Overall time to stream 53.1 GiB of all files to cuda:0: 46.5s, 1.1 GiB/s
2026-08-18 21:21:07+08:00 [08-18 13:21:07] [RunAI Streamer] Overall time to stream 53.1 GiB of all files to cuda:1: 46.04s, 1.2 GiB/s
2026-08-18 21:21:07+08:00 [08-18 13:21:07] [RunAI Streamer] Overall time to stream 53.1 GiB of all files to cuda:1: 46.04s, 1.2 GiB/s
2026-08-18 21:21:07+08:00 [08-18 13:21:07] [RunAI Streamer] Overall time to stream 53.1 GiB of all files to cuda:2: 46.57s, 1.1 GiB/s
2026-08-18 21:21:07+08:00 [08-18 13:21:07] [RunAI Streamer] Overall time to stream 53.1 GiB of all files to cuda:3: 46.59s, 1.1 GiB/s
2026-08-18 21:21:07+08:00 [08-18 13:21:07] [RunAI Streamer] Overall time to stream 53.1 GiB of all files to cuda:2: 46.57s, 1.1 GiB/s
2026-08-18 21:21:07+08:00 [08-18 13:21:07] [RunAI Streamer] Overall time to stream 53.1 GiB of all files to cuda:3: 46.59s, 1.1 GiB/s
2026-08-18 21:21:08+08:00 [08-18 13:21:08] Loaded text_encoder: MiniMaxH3Qwen3VLEncoder (sgl-diffusion version). model size: 13.91 GB, consumed GPU mem: 14.16 GB, avail GPU mem: 58.64 GB
2026-08-18 21:21:08+08:00 [08-18 13:21:08] Loaded text_encoder: MiniMaxH3Qwen3VLEncoder (sgl-diffusion version). model size: 13.91 GB, consumed GPU mem: 14.16 GB, avail GPU mem: 58.64 GB
2026-08-18 21:21:08+08:00 [08-18 13:21:08] Attention backends for text_encoder: fa
2026-08-18 21:21:08+08:00 
2026-08-18 21:21:08+08:00 [08-18 13:21:08] Attention backends for text_encoder: fa
2026-08-18 21:21:08+08:00 
2026-08-18 21:21:08+08:00 [08-18 13:21:08] Loading transformer from /__modal/volumes/vo-AfItwkgWNIogtOJhuNluZI/hf/hub/models--MiniMaxAI--MiniMax-H3/snapshots/42ed227ee7df40d41602854ae760620d6eb651fe/FL2VA/transformer. avail mem: 58.64 GB
2026-08-18 21:21:08+08:00 [08-18 13:21:08] Loading transformer from /__modal/volumes/vo-AfItwkgWNIogtOJhuNluZI/hf/hub/models--MiniMaxAI--MiniMax-H3/snapshots/42ed227ee7df40d41602854ae760620d6eb651fe/FL2VA/transformer. avail mem: 58.64 GB
2026-08-18 21:21:08+08:00 [1A2026-08-18 21:21:08+08:00 Loading required modules:  17%|█▋        | 1/6 [00:47<03:56, 47.38s/it]
2026-08-18 21:21:08+08:00 [1A2026-08-18 21:21:08+08:00 Loading required modules:  17%|█▋        | 1/6 [00:47<03:56, 47.38s/it]
2026-08-18 21:21:08+08:00 [08-18 13:21:08] Loading MiniMaxH3DiTModel from 13 safetensors file(s) , param_dtype: torch.bfloat16
2026-08-18 21:21:08+08:00 [1A2026-08-18 21:21:08+08:00 Loading required modules:  17%|█▋        | 1/6 [00:46<03:54, 46.96s/it]
2026-08-18 21:21:08+08:00 [1A2026-08-18 21:21:08+08:00 Loading required modules:  17%|█▋        | 1/6 [00:47<03:59, 47.83s/it]
2026-08-18 21:21:08+08:00 [08-18 13:21:08] Loading MiniMaxH3DiTModel from 13 safetensors file(s) , param_dtype: torch.bfloat16
2026-08-18 21:21:08+08:00 [1A2026-08-18 21:21:08+08:00 Loading required modules:  17%|█▋        | 1/6 [00:46<03:54, 46.96s/it]
2026-08-18 21:21:08+08:00 [1A2026-08-18 21:21:08+08:00 Loading required modules:  17%|█▋        | 1/6 [00:47<03:59, 47.83s/it]
2026-08-18 21:21:17+08:00 [08-18 13:21:17] Loading safetensors with Run:ai Model Streamer to cpu
2026-08-18 21:21:17+08:00 [08-18 13:21:17] Loading safetensors with Run:ai Model Streamer to cpu
[1ALoading required modules:  17%|█▋        | 1/6 [00:47<03:59, 47.83s/it]2026-08-18 21:22:18+08:00 [08-18 13:22:18] [RunAI Streamer] Overall time to stream 61.7 GiB of all files to cpu: 60.98s, 1.0 GiB/s
[1ALoading required modules:  17%|█▋        | 1/6 [00:47<03:59, 47.83s/it]2026-08-18 21:22:18+08:00 [08-18 13:22:18] [RunAI Streamer] Overall time to stream 61.7 GiB of all files to cpu: 60.98s, 1.0 GiB/s
2026-08-18 21:22:18+08:00 [08-18 13:22:18] [RunAI Streamer] Overall time to stream 61.7 GiB of all files to cpu: 61.45s, 1.0 GiB/s
2026-08-18 21:22:18+08:00 [08-18 13:22:18] [RunAI Streamer] Overall time to stream 61.7 GiB of all files to cpu: 61.45s, 1.0 GiB/s
2026-08-18 21:22:18+08:00 [08-18 13:22:18] [RunAI Streamer] Overall time to stream 61.7 GiB of all files to cpu: 61.53s, 1.0 GiB/s
2026-08-18 21:22:18+08:00 [08-18 13:22:18] [RunAI Streamer] Overall time to stream 61.7 GiB of all files to cpu: 61.53s, 1.0 GiB/s
2026-08-18 21:22:19+08:00 [08-18 13:22:19] [RunAI Streamer] Overall time to stream 61.7 GiB of all files to cpu: 61.56s, 1.0 GiB/s
2026-08-18 21:22:19+08:00 [08-18 13:22:19] [RunAI Streamer] Overall time to stream 61.7 GiB of all files to cpu: 61.56s, 1.0 GiB/s
2026-08-18 21:22:29+08:00 [08-18 13:22:29] Loaded transformer: MiniMaxH3DiTModel (sgl-diffusion version). model size: 30.86 GB, consumed GPU mem: 33.83 GB, avail GPU mem: 24.81 GB
2026-08-18 21:22:29+08:00 [08-18 13:22:29] Loaded transformer: MiniMaxH3DiTModel (sgl-diffusion version). model size: 30.86 GB, consumed GPU mem: 33.83 GB, avail GPU mem: 24.81 GB
2026-08-18 21:22:29+08:00 
2026-08-18 21:22:29+08:00 [08-18 13:22:29] Loading audio_vae from /__modal/volumes/vo-AfItwkgWNIogtOJhuNluZI/hf/hub/models--MiniMaxAI--MiniMax-H3/snapshots/42ed227ee7df40d41602854ae760620d6eb651fe/FL2VA/audio_vae. avail mem: 24.81 GB
2026-08-18 21:22:29+08:00 [1A2026-08-18 21:22:29+08:00 Loading required modules:  33%|███▎      | 2/6 [02:09<04:30, 67.53s/it]
2026-08-18 21:22:29+08:00 
2026-08-18 21:22:29+08:00 [08-18 13:22:29] Loading audio_vae from /__modal/volumes/vo-AfItwkgWNIogtOJhuNluZI/hf/hub/models--MiniMaxAI--MiniMax-H3/snapshots/42ed227ee7df40d41602854ae760620d6eb651fe/FL2VA/audio_vae. avail mem: 24.81 GB
2026-08-18 21:22:29+08:00 [1A2026-08-18 21:22:29+08:00 Loading required modules:  33%|███▎      | 2/6 [02:09<04:30, 67.53s/it]
2026-08-18 21:22:29+08:00 [1A2026-08-18 21:22:29+08:00 Loading required modules:  33%|███▎      | 2/6 [02:09<04:30, 67.61s/it]
2026-08-18 21:22:30+08:00 [1A2026-08-18 21:22:30+08:00 Loading required modules:  33%|███▎      | 2/6 [02:08<04:29, 67.47s/it]
2026-08-18 21:22:29+08:00 [1A2026-08-18 21:22:29+08:00 Loading required modules:  33%|███▎      | 2/6 [02:09<04:30, 67.61s/it]
2026-08-18 21:22:30+08:00 [1A2026-08-18 21:22:30+08:00 Loading required modules:  33%|███▎      | 2/6 [02:08<04:29, 67.47s/it]
2026-08-18 21:22:30+08:00 [08-18 13:22:30] Loaded audio_vae: MiniMaxH3AudioVAE (sgl-diffusion version). model size: 0.56 GB, consumed GPU mem: 0.10 GB, avail GPU mem: 24.71 GB
2026-08-18 21:22:30+08:00 [08-18 13:22:30] Loaded audio_vae: MiniMaxH3AudioVAE (sgl-diffusion version). model size: 0.56 GB, consumed GPU mem: 0.10 GB, avail GPU mem: 24.71 GB
2026-08-18 21:22:30+08:00 [1A2026-08-18 21:22:30+08:00 Loading required modules:  33%|███▎      | 2/6 [02:09<04:31, 67.83s/it]
2026-08-18 21:22:30+08:00 [08-18 13:22:30] Loading video_vae from /__modal/volumes/vo-AfItwkgWNIogtOJhuNluZI/hf/hub/models--MiniMaxAI--MiniMax-H3/snapshots/42ed227ee7df40d41602854ae760620d6eb651fe/FL2VA/video_vae. avail mem: 24.71 GB
2026-08-18 21:22:30+08:00 [1A2026-08-18 21:22:30+08:00 Loading required modules:  50%|█████     | 3/6 [02:10<01:51, 37.19s/it]2026-08-18 21:22:30+08:00 Loading required modules:  50%|█████     | 3/6 [02:09<01:51, 37.07s/it]
2026-08-18 21:22:30+08:00 [1A2026-08-18 21:22:30+08:00 Loading required modules:  50%|█████     | 3/6 [02:10<01:51, 37.20s/it]
2026-08-18 21:22:30+08:00 [1A2026-08-18 21:22:30+08:00 Loading required modules:  33%|███▎      | 2/6 [02:09<04:31, 67.83s/it]
2026-08-18 21:22:30+08:00 [08-18 13:22:30] Loading video_vae from /__modal/volumes/vo-AfItwkgWNIogtOJhuNluZI/hf/hub/models--MiniMaxAI--MiniMax-H3/snapshots/42ed227ee7df40d41602854ae760620d6eb651fe/FL2VA/video_vae. avail mem: 24.71 GB
2026-08-18 21:22:30+08:00 [1A2026-08-18 21:22:30+08:00 Loading required modules:  50%|█████     | 3/6 [02:10<01:51, 37.19s/it]2026-08-18 21:22:30+08:00 Loading required modules:  50%|█████     | 3/6 [02:09<01:51, 37.07s/it]
2026-08-18 21:22:30+08:00 [1A2026-08-18 21:22:30+08:00 Loading required modules:  50%|█████     | 3/6 [02:10<01:51, 37.20s/it]
2026-08-18 21:22:42+08:00 [1A2026-08-18 21:22:42+08:00 Loading required modules:  50%|█████     | 3/6 [02:10<01:51, 37.25s/it]
2026-08-18 21:22:42+08:00 [1A2026-08-18 21:22:42+08:00 Loading required modules:  50%|█████     | 3/6 [02:10<01:51, 37.25s/it]
2026-08-18 21:22:42+08:00 [1A2026-08-18 21:22:42+08:00 Loading required modules:  67%|██████▋   | 4/6 [02:20<00:53, 26.86s/it]
2026-08-18 21:22:42+08:00 [1A2026-08-18 21:22:42+08:00 Loading required modules:  67%|██████▋   | 4/6 [02:20<00:53, 26.86s/it]
2026-08-18 21:22:42+08:00 [1A2026-08-18 21:22:42+08:00 Loading required modules:  83%|████████▎ | 5/6 [02:21<00:17, 17.32s/it]2026-08-18 21:22:42+08:00 Loading required modules: 100%|██████████| 6/6 [02:21<00:00, 11.54s/it]2026-08-18 21:22:42+08:00 Loading required modules: 100%|██████████| 6/6 [02:21<00:00, 23.60s/it]
2026-08-18 21:22:42+08:00 [1A2026-08-18 21:22:42+08:00 Loading required modules:  83%|████████▎ | 5/6 [02:21<00:17, 17.32s/it]2026-08-18 21:22:42+08:00 Loading required modules: 100%|██████████| 6/6 [02:21<00:00, 11.54s/it]2026-08-18 21:22:42+08:00 Loading required modules: 100%|██████████| 6/6 [02:21<00:00, 23.60s/it]
2026-08-18 21:22:42+08:00 
2026-08-18 21:22:42+08:00 
2026-08-18 21:22:42+08:00 [08-18 13:22:42] Loaded video_vae: MiniMaxH3VideoVAE (sgl-diffusion version). model size: 9.7 GB, consumed GPU mem: 7.64 GB, avail GPU mem: 17.07 GB
2026-08-18 21:22:42+08:00 [08-18 13:22:42] Loaded video_vae: MiniMaxH3VideoVAE (sgl-diffusion version). model size: 9.7 GB, consumed GPU mem: 7.64 GB, avail GPU mem: 17.07 GB
2026-08-18 21:22:42+08:00 [1A2026-08-18 21:22:42+08:00 Loading required modules:  67%|██████▋   | 4/6 [02:22<00:54, 27.24s/it]
2026-08-18 21:22:42+08:00 [1A2026-08-18 21:22:42+08:00 Loading required modules:  67%|██████▋   | 4/6 [02:22<00:54, 27.24s/it]
2026-08-18 21:22:42+08:00 [1A2026-08-18 21:22:42+08:00 Loading required modules:  67%|██████▋   | 4/6 [02:22<00:54, 27.26s/it]
2026-08-18 21:22:42+08:00 [1A2026-08-18 21:22:42+08:00 Loading required modules:  67%|██████▋   | 4/6 [02:22<00:54, 27.26s/it]
2026-08-18 21:22:42+08:00 [08-18 13:22:42] Loading processor from /__modal/volumes/vo-AfItwkgWNIogtOJhuNluZI/hf/hub/models--MiniMaxAI--MiniMax-H3/snapshots/42ed227ee7df40d41602854ae760620d6eb651fe/FL2VA/processor. avail mem: 17.07 GB
2026-08-18 21:22:42+08:00 [08-18 13:22:42] Loading processor from /__modal/volumes/vo-AfItwkgWNIogtOJhuNluZI/hf/hub/models--MiniMaxAI--MiniMax-H3/snapshots/42ed227ee7df40d41602854ae760620d6eb651fe/FL2VA/processor. avail mem: 17.07 GB
2026-08-18 21:22:43+08:00 [1A2026-08-18 21:22:43+08:00 Loading required modules:  67%|██████▋   | 4/6 [02:22<00:54, 27.28s/it]
2026-08-18 21:22:43+08:00 [1A2026-08-18 21:22:43+08:00 Loading required modules:  67%|██████▋   | 4/6 [02:22<00:54, 27.28s/it]
2026-08-18 21:22:43+08:00 [1A2026-08-18 21:22:43+08:00 Loading required modules:  83%|████████▎ | 5/6 [02:22<00:17, 17.56s/it]
2026-08-18 21:22:43+08:00 [08-18 13:22:43] Loaded processor: Qwen3VLProcessor (sgl-diffusion version). model size: NA GB, consumed GPU mem: 0.00 GB, avail GPU mem: 17.07 GB
2026-08-18 21:22:43+08:00 [1A2026-08-18 21:22:43+08:00 Loading required modules:  83%|████████▎ | 5/6 [02:22<00:17, 17.59s/it]
2026-08-18 21:22:43+08:00 [08-18 13:22:43] Loading tokenizer from /__modal/volumes/vo-AfItwkgWNIogtOJhuNluZI/hf/hub/models--MiniMaxAI--MiniMax-H3/snapshots/42ed227ee7df40d41602854ae760620d6eb651fe/FL2VA/tokenizer. avail mem: 17.07 GB
2026-08-18 21:22:43+08:00 [1A2026-08-18 21:22:43+08:00 Loading required modules:  83%|████████▎ | 5/6 [02:22<00:17, 17.56s/it]
2026-08-18 21:22:43+08:00 [08-18 13:22:43] Loaded processor: Qwen3VLProcessor (sgl-diffusion version). model size: NA GB, consumed GPU mem: 0.00 GB, avail GPU mem: 17.07 GB
2026-08-18 21:22:43+08:00 [1A2026-08-18 21:22:43+08:00 Loading required modules:  83%|████████▎ | 5/6 [02:22<00:17, 17.59s/it]
2026-08-18 21:22:43+08:00 [08-18 13:22:43] Loading tokenizer from /__modal/volumes/vo-AfItwkgWNIogtOJhuNluZI/hf/hub/models--MiniMaxAI--MiniMax-H3/snapshots/42ed227ee7df40d41602854ae760620d6eb651fe/FL2VA/tokenizer. avail mem: 17.07 GB
2026-08-18 21:22:43+08:00 [1A2026-08-18 21:22:43+08:00 Loading required modules:  83%|████████▎ | 5/6 [02:22<00:17, 17.58s/it]
2026-08-18 21:22:43+08:00 [1A2026-08-18 21:22:43+08:00 Loading required modules:  83%|████████▎ | 5/6 [02:22<00:17, 17.58s/it]
2026-08-18 21:22:43+08:00 [1A2026-08-18 21:22:43+08:00 Loading required modules: 100%|██████████| 6/6 [02:23<00:00, 11.70s/it]2026-08-18 21:22:43+08:00 Loading required modules: 100%|██████████| 6/6 [02:23<00:00, 23.85s/it]
2026-08-18 21:22:43+08:00 [1A2026-08-18 21:22:43+08:00 Loading required modules: 100%|██████████| 6/6 [02:23<00:00, 11.70s/it]2026-08-18 21:22:43+08:00 Loading required modules: 100%|██████████| 6/6 [02:23<00:00, 23.85s/it]
2026-08-18 21:22:43+08:00 2026-08-18 21:22:43+08:00 Loading required modules: 100%|██████████| 6/6 [02:23<00:00, 11.72s/it]2026-08-18 21:22:43+08:00 Loading required modules: 100%|██████████| 6/6 [02:23<00:00, 23.86s/it]
2026-08-18 21:22:43+08:00 2026-08-18 21:22:43+08:00 Loading required modules: 100%|██████████| 6/6 [02:23<00:00, 11.72s/it]2026-08-18 21:22:43+08:00 Loading required modules: 100%|██████████| 6/6 [02:23<00:00, 23.86s/it]
2026-08-18 21:22:43+08:00 [08-18 13:22:43] Loaded tokenizer: Qwen2Tokenizer (sgl-diffusion version). model size: NA GB, consumed GPU mem: 0.00 GB, avail GPU mem: 17.07 GB
2026-08-18 21:22:43+08:00 [08-18 13:22:43] Loaded tokenizer: Qwen2Tokenizer (sgl-diffusion version). model size: NA GB, consumed GPU mem: 0.00 GB, avail GPU mem: 17.07 GB
2026-08-18 21:22:43+08:00 2026-08-18 21:22:43+08:00 Loading required modules: 100%|██████████| 6/6 [02:22<00:00, 11.73s/it]2026-08-18 21:22:43+08:00 Loading required modules: 100%|██████████| 6/6 [02:22<00:00, 23.82s/it]
2026-08-18 21:22:43+08:00 [08-18 13:22:43] Creating pipeline stages...
2026-08-18 21:22:43+08:00 2026-08-18 21:22:43+08:00 Loading required modules: 100%|██████████| 6/6 [02:22<00:00, 11.73s/it]2026-08-18 21:22:43+08:00 Loading required modules: 100%|██████████| 6/6 [02:22<00:00, 23.82s/it]
2026-08-18 21:22:43+08:00 [08-18 13:22:43] Using fa attention backend
2026-08-18 21:22:43+08:00 [08-18 13:22:43] Creating pipeline stages...
2026-08-18 21:22:43+08:00 [08-18 13:22:43] Pipeline instantiated
2026-08-18 21:22:43+08:00 [08-18 13:22:43] Using fa attention backend
2026-08-18 21:22:43+08:00 [08-18 13:22:43] Worker 0: Initialized device, model, and distributed environment.
2026-08-18 21:22:43+08:00 [08-18 13:22:43] Pipeline instantiated
2026-08-18 21:22:43+08:00 [08-18 13:22:43] Worker 0: Scheduler loop started.
2026-08-18 21:22:43+08:00 [08-18 13:22:43] Worker 0: Initialized device, model, and distributed environment.
2026-08-18 21:22:43+08:00 [08-18 13:22:43] Starting FastAPI server.
2026-08-18 21:22:43+08:00 [08-18 13:22:43] Worker 0: Scheduler loop started.
2026-08-18 21:22:43+08:00 [08-18 13:22:43] Starting FastAPI server.
2026-08-18 21:22:43+08:00 [2026-08-18 13:22:43] [32mINFO[0m:     Started server process [[36m28[0m]
2026-08-18 21:22:43+08:00 [2026-08-18 13:22:43] [32mINFO[0m:     Started server process [[36m28[0m]
2026-08-18 21:22:43+08:00 [2026-08-18 13:22:43] [32mINFO[0m:     Waiting for application startup.
2026-08-18 21:22:43+08:00 [2026-08-18 13:22:43] [32mINFO[0m:     Waiting for application startup.
2026-08-18 21:22:43+08:00 [08-18 13:22:43] ZMQ Broker is listening for offline jobs on tcp://127.0.0.1:30011
2026-08-18 21:22:43+08:00 [08-18 13:22:43] ZMQ Broker is listening for offline jobs on tcp://127.0.0.1:30011
2026-08-18 21:22:43+08:00 [2026-08-18 13:22:43] [32mINFO[0m:     Application startup complete.
2026-08-18 21:22:43+08:00 [2026-08-18 13:22:43] [32mINFO[0m:     Application startup complete.
2026-08-18 21:22:43+08:00 [2026-08-18 13:22:43] [32mINFO[0m:     Uvicorn running on [1mhttp://0.0.0.0:30010[0m (Press CTRL+C to quit)
2026-08-18 21:22:43+08:00 [2026-08-18 13:22:43] [32mINFO[0m:     Uvicorn running on [1mhttp://0.0.0.0:30010[0m (Press CTRL+C to quit)
2026-08-18 21:22:43+08:00 [2026-08-18 13:22:43] [32mINFO[0m:     172.20.19.12:58295 - "[1mGET /health HTTP/1.1[0m" [32m200 OK[0m
2026-08-18 21:22:43+08:00 [2026-08-18 13:22:43] [32mINFO[0m:     172.20.19.12:58295 - "[1mGET /health HTTP/1.1[0m" [32m200 OK[0m
2026-08-18 21:22:44+08:00     GET /health -> 200 OK  (duration: 27.0 s, execution: 304.2 ms)
2026-08-18 21:22:44+08:00     GET /health -> 200 OK  (duration: 27.0 s, execution: 304.2 ms)
2026-08-18 21:22:44+08:00 [2026-08-18 13:22:44] [32mINFO[0m:     127.0.0.1:35097 - "[1mGET /health HTTP/1.1[0m" [32m200 OK[0m
2026-08-18 21:22:44+08:00 [2026-08-18 13:22:44] [32mINFO[0m:     127.0.0.1:35097 - "[1mGET /health HTTP/1.1[0m" [32m200 OK[0m
2026-08-18 21:22:44+08:00 
2026-08-18 21:22:44+08:00 
[1AWarmup requests:   0%|          | 0/1 [00:00<?, ?req/s]2026-08-18 21:23:29+08:00 
[1AWarmup requests:   0%|          | 0/1 [00:00<?, ?req/s]2026-08-18 21:23:29+08:00 
2026-08-18 21:23:29+08:00 [1A2026-08-18 21:23:29+08:00 Warmup requests: 100%|██████████| 1/1 [00:45<00:00, 45.09s/req, server warmup req (1344x768x124f, 2/50 steps), last=45.09s]
2026-08-18 21:23:29+08:00 [1A2026-08-18 21:23:29+08:00 Warmup requests: 100%|██████████| 1/1 [00:45<00:00, 45.09s/req, server warmup req (1344x768x124f, 2/50 steps), last=45.09s]
2026-08-18 21:23:29+08:00 [08-18 13:23:29] The server is fired up and ready to roll!
2026-08-18 21:23:29+08:00 [08-18 13:23:29] Adjusting number of frames from 1 to 1 based on model
2026-08-18 21:23:29+08:00 [08-18 13:23:29] Adjusting number of frames from 1 to 13 based on number of GPUs (4)
2026-08-18 21:23:29+08:00 [1A2026-08-18 21:23:29+08:00 Warmup requests: 100%|██████████| 1/1 [00:45<00:00, 45.09s/req, server warmup req (1344x768x124f, 2/50 steps), last=45.09s]
2026-08-18 21:23:29+08:00 [1A2026-08-18 21:23:29+08:00 Warmup requests: 100%|██████████| 1/1 [00:45<00:00, 45.09s/req, server warmup req (1344x768x124f, 2/50 steps), last=45.09s]
2026-08-18 21:23:29+08:00 [08-18 13:23:29] The server is fired up and ready to roll!
2026-08-18 21:23:29+08:00 [08-18 13:23:29] Adjusting number of frames from 1 to 1 based on model
2026-08-18 21:23:29+08:00 [08-18 13:23:29] Adjusting number of frames from 1 to 13 based on number of GPUs (4)
2026-08-18 21:23:33+08:00     GET / -> 200 OK  (duration: 3.69 s, execution: 642.0 ms)
2026-08-18 21:23:33+08:00     GET / -> 200 OK  (duration: 3.69 s, execution: 642.0 ms)
2026-08-18 21:23:33+08:00 [2026-08-18 13:23:33] [32mINFO[0m:     172.20.19.12:58295 - "[1mPOST /v1/videos HTTP/1.1[0m" [32m200 OK[0m
2026-08-18 21:23:33+08:00 [2026-08-18 13:23:33] [32mINFO[0m:     172.20.19.12:58295 - "[1mPOST /v1/videos HTTP/1.1[0m" [32m200 OK[0m
2026-08-18 21:23:33+08:00 [08-18 13:23:33] Sampling params:
2026-08-18 21:23:33+08:00                        width: 768
2026-08-18 21:23:33+08:00                       height: 960
2026-08-18 21:23:33+08:00                   num_frames: 124
2026-08-18 21:23:33+08:00                          fps: 24
2026-08-18 21:23:33+08:00                       prompt: <redacted, len=41>
2026-08-18 21:23:33+08:00                   neg_prompt: None
2026-08-18 21:23:33+08:00                         seed: 1101
2026-08-18 21:23:33+08:00                  infer_steps: 50
2026-08-18 21:23:33+08:00       num_outputs_per_prompt: 1
2026-08-18 21:23:33+08:00               guidance_scale: 1.0
2026-08-18 21:23:33+08:00      embedded_guidance_scale: 6.0
2026-08-18 21:23:33+08:00                     n_tokens: None
2026-08-18 21:23:33+08:00                   flow_shift: 12.0
2026-08-18 21:23:33+08:00                   image_path: None
2026-08-18 21:23:33+08:00                  save_output: True
2026-08-18 21:23:33+08:00             output_file_path: outputs/1c9b52c3-68e8-44dc-ac3e-8874eda4b0c5.mp4
2026-08-18 21:23:33+08:00         
2026-08-18 21:23:33+08:00 [08-18 13:23:33] Running pipeline stages: ['InputValidationStage', 'MiniMaxH3PartitionAdmissionStage', 'MiniMaxH3TextEncodingStage', 'MiniMaxH3VisualEncodingStage', 'MiniMaxH3AudioEncodingStage', 'MiniMaxH3LatentPreparationStage', 'MiniMaxH3TimestepPreparationStage', 'MiniMaxH3DenoisingStage', 'MiniMaxH3DecodingStage']
2026-08-18 21:23:33+08:00 [08-18 13:23:33] [InputValidationStage] started...
2026-08-18 21:23:33+08:00 [08-18 13:23:33] [InputValidationStage] finished in 0.0001 seconds
2026-08-18 21:23:33+08:00 [08-18 13:23:33] [MiniMaxH3PartitionAdmissionStage] started...
2026-08-18 21:23:33+08:00 [08-18 13:23:33] [MiniMaxH3PartitionAdmissionStage] finished in 0.0000 seconds
2026-08-18 21:23:33+08:00 [08-18 13:23:33] [MiniMaxH3TextEncodingStage] started...
2026-08-18 21:23:33+08:00 [08-18 13:23:33] Sampling params:
2026-08-18 21:23:33+08:00                        width: 768
2026-08-18 21:23:33+08:00                       height: 960
2026-08-18 21:23:33+08:00                   num_frames: 124
2026-08-18 21:23:33+08:00                          fps: 24
2026-08-18 21:23:33+08:00                       prompt: <redacted, len=41>
2026-08-18 21:23:33+08:00                   neg_prompt: None
2026-08-18 21:23:33+08:00                         seed: 1101
2026-08-18 21:23:33+08:00                  infer_steps: 50
2026-08-18 21:23:33+08:00       num_outputs_per_prompt: 1
2026-08-18 21:23:33+08:00               guidance_scale: 1.0
2026-08-18 21:23:33+08:00      embedded_guidance_scale: 6.0
2026-08-18 21:23:33+08:00                     n_tokens: None
2026-08-18 21:23:33+08:00                   flow_shift: 12.0
2026-08-18 21:23:33+08:00                   image_path: None
2026-08-18 21:23:33+08:00                  save_output: True
2026-08-18 21:23:33+08:00             output_file_path: outputs/1c9b52c3-68e8-44dc-ac3e-8874eda4b0c5.mp4
2026-08-18 21:23:33+08:00         
2026-08-18 21:23:33+08:00 [08-18 13:23:33] Running pipeline stages: ['InputValidationStage', 'MiniMaxH3PartitionAdmissionStage', 'MiniMaxH3TextEncodingStage', 'MiniMaxH3VisualEncodingStage', 'MiniMaxH3AudioEncodingStage', 'MiniMaxH3LatentPreparationStage', 'MiniMaxH3TimestepPreparationStage', 'MiniMaxH3DenoisingStage', 'MiniMaxH3DecodingStage']
2026-08-18 21:23:33+08:00 [08-18 13:23:33] [InputValidationStage] started...
2026-08-18 21:23:33+08:00 [08-18 13:23:33] [InputValidationStage] finished in 0.0001 seconds
2026-08-18 21:23:33+08:00 [08-18 13:23:33] [MiniMaxH3PartitionAdmissionStage] started...
2026-08-18 21:23:33+08:00 [08-18 13:23:33] [MiniMaxH3PartitionAdmissionStage] finished in 0.0000 seconds
2026-08-18 21:23:33+08:00 [08-18 13:23:33] [MiniMaxH3TextEncodingStage] started...
2026-08-18 21:23:34+08:00    POST /v1/videos -> 200 OK  (duration: 49.0 s, execution: 48.9 s)
2026-08-18 21:23:34+08:00    POST /v1/videos -> 200 OK  (duration: 49.0 s, execution: 48.9 s)
2026-08-18 21:23:34+08:00 [08-18 13:23:34] [MiniMaxH3TextEncodingStage] finished in 0.2284 seconds
2026-08-18 21:23:34+08:00 [08-18 13:23:34] [MiniMaxH3TextEncodingStage] finished in 0.2284 seconds
2026-08-18 21:23:34+08:00 [08-18 13:23:34] [MiniMaxH3VisualEncodingStage] started...
2026-08-18 21:23:34+08:00 [08-18 13:23:34] [MiniMaxH3VisualEncodingStage] started...
2026-08-18 21:23:34+08:00 [08-18 13:23:34] [MiniMaxH3VisualEncodingStage] finished in 0.2870 seconds
2026-08-18 21:23:34+08:00 [08-18 13:23:34] [MiniMaxH3VisualEncodingStage] finished in 0.2870 seconds
2026-08-18 21:23:34+08:00 [08-18 13:23:34] [MiniMaxH3AudioEncodingStage] started...
2026-08-18 21:23:34+08:00 [08-18 13:23:34] [MiniMaxH3AudioEncodingStage] finished in 0.0001 seconds
2026-08-18 21:23:34+08:00 [08-18 13:23:34] [MiniMaxH3LatentPreparationStage] started...
2026-08-18 21:23:34+08:00 [08-18 13:23:34] [MiniMaxH3LatentPreparationStage] finished in 0.0220 seconds
2026-08-18 21:23:34+08:00 [08-18 13:23:34] [MiniMaxH3TimestepPreparationStage] started...
2026-08-18 21:23:34+08:00 [08-18 13:23:34] [MiniMaxH3TimestepPreparationStage] finished in 0.0003 seconds
2026-08-18 21:23:34+08:00 [08-18 13:23:34] [MiniMaxH3DenoisingStage] started...
2026-08-18 21:23:34+08:00 
2026-08-18 21:23:34+08:00 [08-18 13:23:34] [MiniMaxH3AudioEncodingStage] started...
2026-08-18 21:23:34+08:00 [08-18 13:23:34] [MiniMaxH3AudioEncodingStage] finished in 0.0001 seconds
2026-08-18 21:23:34+08:00 [08-18 13:23:34] [MiniMaxH3LatentPreparationStage] started...
2026-08-18 21:23:34+08:00 [08-18 13:23:34] [MiniMaxH3LatentPreparationStage] finished in 0.0220 seconds
2026-08-18 21:23:34+08:00 [08-18 13:23:34] [MiniMaxH3TimestepPreparationStage] started...
2026-08-18 21:23:34+08:00 [08-18 13:23:34] [MiniMaxH3TimestepPreparationStage] finished in 0.0003 seconds
2026-08-18 21:23:34+08:00 [08-18 13:23:34] [MiniMaxH3DenoisingStage] started...
2026-08-18 21:23:34+08:00 
2026-08-18 21:23:34+08:00 [1A2026-08-18 21:23:34+08:00 minimax_h3 denoise:   0%|          | 0/49 [00:00<?, ?it/s]
2026-08-18 21:23:34+08:00 [1A2026-08-18 21:23:34+08:00 minimax_h3 denoise:   0%|          | 0/49 [00:00<?, ?it/s]
2026-08-18 21:23:35+08:00 [2026-08-18 13:23:35] [32mINFO[0m:     172.20.19.12:58295 - "[1mGET /v1/videos/1c9b52c3-68e8-44dc-ac3e-8874eda4b0c5 HTTP/1.1[0m" [32m200 OK[0m
2026-08-18 21:23:35+08:00 [2026-08-18 13:23:35] [32mINFO[0m:     172.20.19.12:58295 - "[1mGET /v1/videos/1c9b52c3-68e8-44dc-ac3e-8874eda4b0c5 HTTP/1.1[0m" [32m200 OK[0m
2026-08-18 21:23:35+08:00     GET /v1/videos/1c9b52c3-68e8-44dc-ac3e-8874eda4b0c5 -> 200 OK  (duration: 198.8 ms, execution: 111.0 ms)
2026-08-18 21:23:35+08:00     GET /v1/videos/1c9b52c3-68e8-44dc-ac3e-8874eda4b0c5 -> 200 OK  (duration: 198.8 ms, execution: 111.0 ms)
2026-08-18 21:23:35+08:00 [1A2026-08-18 21:23:35+08:00 minimax_h3 denoise:   2%|▏         | 1/49 [00:00<00:08,  5.67it/s]
2026-08-18 21:23:35+08:00 [1A2026-08-18 21:23:35+08:00 minimax_h3 denoise:   2%|▏         | 1/49 [00:00<00:08,  5.67it/s]
2026-08-18 21:23:36+08:00 [1A2026-08-18 21:23:36+08:00 minimax_h3 denoise:   4%|▍         | 2/49 [00:01<00:31,  1.50it/s]
2026-08-18 21:23:36+08:00 [1A2026-08-18 21:23:36+08:00 minimax_h3 denoise:   4%|▍         | 2/49 [00:01<00:31,  1.50it/s]
2026-08-18 21:23:37+08:00 [1A2026-08-18 21:23:37+08:00 minimax_h3 denoise:   6%|▌         | 3/49 [00:02<00:37,  1.22it/s]
2026-08-18 21:23:37+08:00 [1A2026-08-18 21:23:37+08:00 minimax_h3 denoise:   6%|▌         | 3/49 [00:02<00:37,  1.22it/s]
2026-08-18 21:23:38+08:00 [1A2026-08-18 21:23:38+08:00 minimax_h3 denoise:   8%|▊         | 4/49 [00:03<00:40,  1.12it/s]
2026-08-18 21:23:38+08:00 [1A2026-08-18 21:23:38+08:00 minimax_h3 denoise:   8%|▊         | 4/49 [00:03<00:40,  1.12it/s]
2026-08-18 21:23:39+08:00 [1A2026-08-18 21:23:39+08:00 minimax_h3 denoise:  10%|█         | 5/49 [00:04<00:41,  1.07it/s]
2026-08-18 21:23:39+08:00 [1A2026-08-18 21:23:39+08:00 minimax_h3 denoise:  10%|█         | 5/49 [00:04<00:41,  1.07it/s]
2026-08-18 21:23:40+08:00 [1A2026-08-18 21:23:40+08:00 minimax_h3 denoise:  12%|█▏        | 6/49 [00:05<00:41,  1.04it/s]
2026-08-18 21:23:40+08:00 [1A2026-08-18 21:23:40+08:00 minimax_h3 denoise:  12%|█▏        | 6/49 [00:05<00:41,  1.04it/s]
2026-08-18 21:23:41+08:00 [2026-08-18 13:23:41] [32mINFO[0m:     172.20.19.12:17394 - "[1mGET /v1/videos/1c9b52c3-68e8-44dc-ac3e-8874eda4b0c5 HTTP/1.1[0m" [32m200 OK[0m
2026-08-18 21:23:41+08:00 [2026-08-18 13:23:41] [32mINFO[0m:     172.20.19.12:17394 - "[1mGET /v1/videos/1c9b52c3-68e8-44dc-ac3e-8874eda4b0c5 HTTP/1.1[0m" [32m200 OK[0m
2026-08-18 21:23:41+08:00     GET /v1/videos/1c9b52c3-68e8-44dc-ac3e-8874eda4b0c5 -> 200 OK  (duration: 154.6 ms, execution: 66.1 ms)
2026-08-18 21:23:41+08:00     GET /v1/videos/1c9b52c3-68e8-44dc-ac3e-8874eda4b0c5 -> 200 OK  (duration: 154.6 ms, execution: 66.1 ms)
2026-08-18 21:23:41+08:00 [1A2026-08-18 21:23:41+08:00 minimax_h3 denoise:  14%|█▍        | 7/49 [00:06<00:40,  1.03it/s]
2026-08-18 21:23:41+08:00 [1A2026-08-18 21:23:41+08:00 minimax_h3 denoise:  14%|█▍        | 7/49 [00:06<00:40,  1.03it/s]
2026-08-18 21:23:42+08:00 [1A2026-08-18 21:23:42+08:00 minimax_h3 denoise:  16%|█▋        | 8/49 [00:07<00:40,  1.02it/s]
2026-08-18 21:23:42+08:00 [1A2026-08-18 21:23:42+08:00 minimax_h3 denoise:  16%|█▋        | 8/49 [00:07<00:40,  1.02it/s]
2026-08-18 21:23:43+08:00 [1A2026-08-18 21:23:43+08:00 minimax_h3 denoise:  18%|█▊        | 9/49 [00:08<00:39,  1.01it/s]
[1Aminimax_h3 denoise:  18%|█▊        | 9/49 [00:08<00:39,  1.01it/s]2026-08-18 21:23:43+08:00 
2026-08-18 21:23:44+08:00 [1A2026-08-18 21:23:44+08:00 minimax_h3 denoise:  20%|██        | 10/49 [00:09<00:38,  1.00it/s]
2026-08-18 21:23:44+08:00 [1A2026-08-18 21:23:44+08:00 minimax_h3 denoise:  20%|██        | 10/49 [00:09<00:38,  1.00it/s]
2026-08-18 21:23:45+08:00 [1A2026-08-18 21:23:45+08:00 minimax_h3 denoise:  22%|██▏       | 11/49 [00:10<00:38,  1.00s/it]
[1Aminimax_h3 denoise:  22%|██▏       | 11/49 [00:10<00:38,  1.00s/it]2026-08-18 21:23:45+08:00 
2026-08-18 21:23:46+08:00 [1A2026-08-18 21:23:46+08:00 minimax_h3 denoise:  24%|██▍       | 12/49 [00:11<00:37,  1.00s/it]
2026-08-18 21:23:46+08:00 [1A2026-08-18 21:23:46+08:00 minimax_h3 denoise:  24%|██▍       | 12/49 [00:11<00:37,  1.00s/it]
2026-08-18 21:23:47+08:00 [2026-08-18 13:23:47] [32mINFO[0m:     172.20.19.12:52497 - "[1mGET /v1/videos/1c9b52c3-68e8-44dc-ac3e-8874eda4b0c5 HTTP/1.1[0m" [32m200 OK[0m
2026-08-18 21:23:47+08:00 [2026-08-18 13:23:47] [32mINFO[0m:     172.20.19.12:52497 - "[1mGET /v1/videos/1c9b52c3-68e8-44dc-ac3e-8874eda4b0c5 HTTP/1.1[0m" [32m200 OK[0m
2026-08-18 21:23:47+08:00     GET /v1/videos/1c9b52c3-68e8-44dc-ac3e-8874eda4b0c5 -> 200 OK  (duration: 150.1 ms, execution: 61.5 ms)
2026-08-18 21:23:47+08:00     GET /v1/videos/1c9b52c3-68e8-44dc-ac3e-8874eda4b0c5 -> 200 OK  (duration: 150.1 ms, execution: 61.5 ms)
2026-08-18 21:23:47+08:00 [1A2026-08-18 21:23:47+08:00 minimax_h3 denoise:  27%|██▋       | 13/49 [00:12<00:36,  1.00s/it]
2026-08-18 21:23:47+08:00 [1A2026-08-18 21:23:47+08:00 minimax_h3 denoise:  27%|██▋       | 13/49 [00:12<00:36,  1.00s/it]
2026-08-18 21:23:48+08:00 [1A2026-08-18 21:23:48+08:00 minimax_h3 denoise:  29%|██▊       | 14/49 [00:13<00:35,  1.00s/it]
2026-08-18 21:23:48+08:00 [1A2026-08-18 21:23:48+08:00 minimax_h3 denoise:  29%|██▊       | 14/49 [00:13<00:35,  1.00s/it]
2026-08-18 21:23:49+08:00 [1A2026-08-18 21:23:49+08:00 minimax_h3 denoise:  31%|███       | 15/49 [00:14<00:34,  1.00s/it]
2026-08-18 21:23:49+08:00 [1A2026-08-18 21:23:49+08:00 minimax_h3 denoise:  31%|███       | 15/49 [00:14<00:34,  1.00s/it]
2026-08-18 21:23:50+08:00 [1A2026-08-18 21:23:50+08:00 minimax_h3 denoise:  33%|███▎      | 16/49 [00:15<00:33,  1.01s/it]
2026-08-18 21:23:50+08:00 [1A2026-08-18 21:23:50+08:00 minimax_h3 denoise:  33%|███▎      | 16/49 [00:15<00:33,  1.01s/it]
2026-08-18 21:23:51+08:00 [1A2026-08-18 21:23:51+08:00 minimax_h3 denoise:  35%|███▍      | 17/49 [00:16<00:32,  1.01s/it]
2026-08-18 21:23:51+08:00 [1A2026-08-18 21:23:51+08:00 minimax_h3 denoise:  35%|███▍      | 17/49 [00:16<00:32,  1.01s/it]
2026-08-18 21:23:52+08:00 [1A2026-08-18 21:23:52+08:00 minimax_h3 denoise:  37%|███▋      | 18/49 [00:17<00:31,  1.01s/it]
2026-08-18 21:23:52+08:00 [1A2026-08-18 21:23:52+08:00 minimax_h3 denoise:  37%|███▋      | 18/49 [00:17<00:31,  1.01s/it]
2026-08-18 21:23:53+08:00 [2026-08-18 13:23:53] [32mINFO[0m:     172.20.19.12:43507 - "[1mGET /v1/videos/1c9b52c3-68e8-44dc-ac3e-8874eda4b0c5 HTTP/1.1[0m" [32m200 OK[0m
2026-08-18 21:23:53+08:00 [2026-08-18 13:23:53] [32mINFO[0m:     172.20.19.12:43507 - "[1mGET /v1/videos/1c9b52c3-68e8-44dc-ac3e-8874eda4b0c5 HTTP/1.1[0m" [32m200 OK[0m
2026-08-18 21:23:53+08:00     GET /v1/videos/1c9b52c3-68e8-44dc-ac3e-8874eda4b0c5 -> 200 OK  (duration: 147.3 ms, execution: 60.3 ms)
2026-08-18 21:23:53+08:00     GET /v1/videos/1c9b52c3-68e8-44dc-ac3e-8874eda4b0c5 -> 200 OK  (duration: 147.3 ms, execution: 60.3 ms)
2026-08-18 21:23:53+08:00 [1A2026-08-18 21:23:53+08:00 minimax_h3 denoise:  39%|███▉      | 19/49 [00:18<00:30,  1.01s/it]
2026-08-18 21:23:53+08:00 [1A2026-08-18 21:23:53+08:00 minimax_h3 denoise:  39%|███▉      | 19/49 [00:18<00:30,  1.01s/it]
2026-08-18 21:23:54+08:00 [1A2026-08-18 21:23:54+08:00 minimax_h3 denoise:  41%|████      | 20/49 [00:19<00:29,  1.01s/it]
2026-08-18 21:23:54+08:00 [1A2026-08-18 21:23:54+08:00 minimax_h3 denoise:  41%|████      | 20/49 [00:19<00:29,  1.01s/it]
2026-08-18 21:23:55+08:00 [1A2026-08-18 21:23:55+08:00 minimax_h3 denoise:  43%|████▎     | 21/49 [00:20<00:28,  1.01s/it]
2026-08-18 21:23:55+08:00 [1A2026-08-18 21:23:55+08:00 minimax_h3 denoise:  43%|████▎     | 21/49 [00:20<00:28,  1.01s/it]
2026-08-18 21:23:56+08:00 [1A2026-08-18 21:23:56+08:00 minimax_h3 denoise:  45%|████▍     | 22/49 [00:21<00:27,  1.01s/it]
2026-08-18 21:23:56+08:00 [1A2026-08-18 21:23:56+08:00 minimax_h3 denoise:  45%|████▍     | 22/49 [00:21<00:27,  1.01s/it]
2026-08-18 21:23:57+08:00 [1A2026-08-18 21:23:57+08:00 minimax_h3 denoise:  47%|████▋     | 23/49 [00:22<00:26,  1.01s/it]
2026-08-18 21:23:57+08:00 [1A2026-08-18 21:23:57+08:00 minimax_h3 denoise:  47%|████▋     | 23/49 [00:22<00:26,  1.01s/it]
2026-08-18 21:23:58+08:00 [1A2026-08-18 21:23:58+08:00 minimax_h3 denoise:  49%|████▉     | 24/49 [00:23<00:25,  1.01s/it]
2026-08-18 21:23:58+08:00 [1A2026-08-18 21:23:58+08:00 minimax_h3 denoise:  49%|████▉     | 24/49 [00:23<00:25,  1.01s/it]
2026-08-18 21:23:59+08:00 [2026-08-18 13:23:59] [32mINFO[0m:     172.20.19.12:25168 - "[1mGET /v1/videos/1c9b52c3-68e8-44dc-ac3e-8874eda4b0c5 HTTP/1.1[0m" [32m200 OK[0m
2026-08-18 21:23:59+08:00 [2026-08-18 13:23:59] [32mINFO[0m:     172.20.19.12:25168 - "[1mGET /v1/videos/1c9b52c3-68e8-44dc-ac3e-8874eda4b0c5 HTTP/1.1[0m" [32m200 OK[0m
2026-08-18 21:23:59+08:00     GET /v1/videos/1c9b52c3-68e8-44dc-ac3e-8874eda4b0c5 -> 200 OK  (duration: 201.8 ms, execution: 116.7 ms)
2026-08-18 21:23:59+08:00     GET /v1/videos/1c9b52c3-68e8-44dc-ac3e-8874eda4b0c5 -> 200 OK  (duration: 201.8 ms, execution: 116.7 ms)
2026-08-18 21:23:59+08:00 [1A2026-08-18 21:23:59+08:00 minimax_h3 denoise:  51%|█████     | 25/49 [00:24<00:24,  1.01s/it]
2026-08-18 21:23:59+08:00 [1A2026-08-18 21:23:59+08:00 minimax_h3 denoise:  51%|█████     | 25/49 [00:24<00:24,  1.01s/it]
2026-08-18 21:24:00+08:00 [1A2026-08-18 21:24:00+08:00 minimax_h3 denoise:  53%|█████▎    | 26/49 [00:25<00:23,  1.01s/it]
2026-08-18 21:24:00+08:00 [1A2026-08-18 21:24:00+08:00 minimax_h3 denoise:  53%|█████▎    | 26/49 [00:25<00:23,  1.01s/it]
2026-08-18 21:24:01+08:00 [1A2026-08-18 21:24:01+08:00 minimax_h3 denoise:  55%|█████▌    | 27/49 [00:26<00:22,  1.01s/it]
2026-08-18 21:24:01+08:00 [1A2026-08-18 21:24:01+08:00 minimax_h3 denoise:  55%|█████▌    | 27/49 [00:26<00:22,  1.01s/it]
2026-08-18 21:24:02+08:00 [1A2026-08-18 21:24:02+08:00 minimax_h3 denoise:  57%|█████▋    | 28/49 [00:27<00:21,  1.01s/it]
2026-08-18 21:24:02+08:00 [1A2026-08-18 21:24:02+08:00 minimax_h3 denoise:  57%|█████▋    | 28/49 [00:27<00:21,  1.01s/it]
2026-08-18 21:24:03+08:00 [1A2026-08-18 21:24:03+08:00 minimax_h3 denoise:  59%|█████▉    | 29/49 [00:28<00:20,  1.01s/it]
2026-08-18 21:24:03+08:00 [1A2026-08-18 21:24:03+08:00 minimax_h3 denoise:  59%|█████▉    | 29/49 [00:28<00:20,  1.01s/it]
2026-08-18 21:24:04+08:00 [1A2026-08-18 21:24:04+08:00 minimax_h3 denoise:  61%|██████    | 30/49 [00:29<00:19,  1.01s/it]
2026-08-18 21:24:04+08:00 [1A2026-08-18 21:24:04+08:00 minimax_h3 denoise:  61%|██████    | 30/49 [00:29<00:19,  1.01s/it]
2026-08-18 21:24:05+08:00 [2026-08-18 13:24:05] [32mINFO[0m:     172.20.19.12:54947 - "[1mGET /v1/videos/1c9b52c3-68e8-44dc-ac3e-8874eda4b0c5 HTTP/1.1[0m" [32m200 OK[0m
2026-08-18 21:24:05+08:00 [2026-08-18 13:24:05] [32mINFO[0m:     172.20.19.12:54947 - "[1mGET /v1/videos/1c9b52c3-68e8-44dc-ac3e-8874eda4b0c5 HTTP/1.1[0m" [32m200 OK[0m
2026-08-18 21:24:05+08:00     GET /v1/videos/1c9b52c3-68e8-44dc-ac3e-8874eda4b0c5 -> 200 OK  (duration: 144.4 ms, execution: 58.8 ms)
2026-08-18 21:24:05+08:00     GET /v1/videos/1c9b52c3-68e8-44dc-ac3e-8874eda4b0c5 -> 200 OK  (duration: 144.4 ms, execution: 58.8 ms)
2026-08-18 21:24:05+08:00 [1A2026-08-18 21:24:05+08:00 minimax_h3 denoise:  63%|██████▎   | 31/49 [00:30<00:18,  1.01s/it]
2026-08-18 21:24:05+08:00 [1A2026-08-18 21:24:05+08:00 minimax_h3 denoise:  63%|██████▎   | 31/49 [00:30<00:18,  1.01s/it]
2026-08-18 21:24:06+08:00 [1A2026-08-18 21:24:06+08:00 minimax_h3 denoise:  65%|██████▌   | 32/49 [00:31<00:17,  1.01s/it]
2026-08-18 21:24:06+08:00 [1A2026-08-18 21:24:06+08:00 minimax_h3 denoise:  65%|██████▌   | 32/49 [00:31<00:17,  1.01s/it]
2026-08-18 21:24:07+08:00 [1A2026-08-18 21:24:07+08:00 minimax_h3 denoise:  67%|██████▋   | 33/49 [00:32<00:16,  1.01s/it]
2026-08-18 21:24:07+08:00 [1A2026-08-18 21:24:07+08:00 minimax_h3 denoise:  67%|██████▋   | 33/49 [00:32<00:16,  1.01s/it]
2026-08-18 21:24:09+08:00 [1A2026-08-18 21:24:09+08:00 minimax_h3 denoise:  69%|██████▉   | 34/49 [00:33<00:15,  1.01s/it]
2026-08-18 21:24:09+08:00 [1A2026-08-18 21:24:09+08:00 minimax_h3 denoise:  69%|██████▉   | 34/49 [00:33<00:15,  1.01s/it]
2026-08-18 21:24:10+08:00 [1A2026-08-18 21:24:10+08:00 minimax_h3 denoise:  71%|███████▏  | 35/49 [00:34<00:14,  1.01s/it]
2026-08-18 21:24:10+08:00 [1A2026-08-18 21:24:10+08:00 minimax_h3 denoise:  71%|███████▏  | 35/49 [00:34<00:14,  1.01s/it]
2026-08-18 21:24:11+08:00 [1A2026-08-18 21:24:11+08:00 minimax_h3 denoise:  73%|███████▎  | 36/49 [00:35<00:13,  1.01s/it]
2026-08-18 21:24:11+08:00 [1A2026-08-18 21:24:11+08:00 minimax_h3 denoise:  73%|███████▎  | 36/49 [00:35<00:13,  1.01s/it]
2026-08-18 21:24:11+08:00 [2026-08-18 13:24:11] [32mINFO[0m:     172.20.19.12:63886 - "[1mGET /v1/videos/1c9b52c3-68e8-44dc-ac3e-8874eda4b0c5 HTTP/1.1[0m" [32m200 OK[0m
2026-08-18 21:24:11+08:00 [2026-08-18 13:24:11] [32mINFO[0m:     172.20.19.12:63886 - "[1mGET /v1/videos/1c9b52c3-68e8-44dc-ac3e-8874eda4b0c5 HTTP/1.1[0m" [32m200 OK[0m
2026-08-18 21:24:11+08:00     GET /v1/videos/1c9b52c3-68e8-44dc-ac3e-8874eda4b0c5 -> 200 OK  (duration: 147.7 ms, execution: 61.1 ms)
2026-08-18 21:24:11+08:00     GET /v1/videos/1c9b52c3-68e8-44dc-ac3e-8874eda4b0c5 -> 200 OK  (duration: 147.7 ms, execution: 61.1 ms)
2026-08-18 21:24:12+08:00 [1A2026-08-18 21:24:12+08:00 minimax_h3 denoise:  76%|███████▌  | 37/49 [00:36<00:12,  1.01s/it]
2026-08-18 21:24:12+08:00 [1A2026-08-18 21:24:12+08:00 minimax_h3 denoise:  76%|███████▌  | 37/49 [00:36<00:12,  1.01s/it]
2026-08-18 21:24:13+08:00 [1A2026-08-18 21:24:13+08:00 minimax_h3 denoise:  78%|███████▊  | 38/49 [00:37<00:11,  1.01s/it]
2026-08-18 21:24:13+08:00 [1A2026-08-18 21:24:13+08:00 minimax_h3 denoise:  78%|███████▊  | 38/49 [00:37<00:11,  1.01s/it]
2026-08-18 21:24:14+08:00 [1A2026-08-18 21:24:14+08:00 minimax_h3 denoise:  80%|███████▉  | 39/49 [00:38<00:10,  1.01s/it]
2026-08-18 21:24:14+08:00 [1A2026-08-18 21:24:14+08:00 minimax_h3 denoise:  80%|███████▉  | 39/49 [00:38<00:10,  1.01s/it]
2026-08-18 21:24:15+08:00 [1A2026-08-18 21:24:15+08:00 minimax_h3 denoise:  82%|████████▏ | 40/49 [00:39<00:09,  1.01s/it]
2026-08-18 21:24:15+08:00 [1A2026-08-18 21:24:15+08:00 minimax_h3 denoise:  82%|████████▏ | 40/49 [00:39<00:09,  1.01s/it]
2026-08-18 21:24:16+08:00 [1A2026-08-18 21:24:16+08:00 minimax_h3 denoise:  84%|████████▎ | 41/49 [00:40<00:08,  1.02s/it]
2026-08-18 21:24:16+08:00 [1A2026-08-18 21:24:16+08:00 minimax_h3 denoise:  84%|████████▎ | 41/49 [00:40<00:08,  1.02s/it]
2026-08-18 21:24:17+08:00 [1A2026-08-18 21:24:17+08:00 minimax_h3 denoise:  86%|████████▌ | 42/49 [00:41<00:07,  1.02s/it]
2026-08-18 21:24:17+08:00 [1A2026-08-18 21:24:17+08:00 minimax_h3 denoise:  86%|████████▌ | 42/49 [00:41<00:07,  1.02s/it]
2026-08-18 21:24:17+08:00 [2026-08-18 13:24:17] [32mINFO[0m:     172.20.19.12:61757 - "[1mGET /v1/videos/1c9b52c3-68e8-44dc-ac3e-8874eda4b0c5 HTTP/1.1[0m" [32m200 OK[0m
2026-08-18 21:24:17+08:00 [2026-08-18 13:24:17] [32mINFO[0m:     172.20.19.12:61757 - "[1mGET /v1/videos/1c9b52c3-68e8-44dc-ac3e-8874eda4b0c5 HTTP/1.1[0m" [32m200 OK[0m
2026-08-18 21:24:17+08:00     GET /v1/videos/1c9b52c3-68e8-44dc-ac3e-8874eda4b0c5 -> 200 OK  (duration: 144.8 ms, execution: 60.8 ms)
2026-08-18 21:24:17+08:00     GET /v1/videos/1c9b52c3-68e8-44dc-ac3e-8874eda4b0c5 -> 200 OK  (duration: 144.8 ms, execution: 60.8 ms)
2026-08-18 21:24:18+08:00 [1A2026-08-18 21:24:18+08:00 minimax_h3 denoise:  88%|████████▊ | 43/49 [00:42<00:06,  1.02s/it]
2026-08-18 21:24:18+08:00 [1A2026-08-18 21:24:18+08:00 minimax_h3 denoise:  88%|████████▊ | 43/49 [00:42<00:06,  1.02s/it]
2026-08-18 21:24:19+08:00 [1A2026-08-18 21:24:19+08:00 minimax_h3 denoise:  90%|████████▉ | 44/49 [00:43<00:05,  1.02s/it]
2026-08-18 21:24:19+08:00 [1A2026-08-18 21:24:19+08:00 minimax_h3 denoise:  90%|████████▉ | 44/49 [00:43<00:05,  1.02s/it]
2026-08-18 21:24:20+08:00 [1A2026-08-18 21:24:20+08:00 minimax_h3 denoise:  92%|█████████▏| 45/49 [00:44<00:04,  1.01s/it]
2026-08-18 21:24:20+08:00 [1A2026-08-18 21:24:20+08:00 minimax_h3 denoise:  92%|█████████▏| 45/49 [00:44<00:04,  1.01s/it]
2026-08-18 21:24:21+08:00 [1A2026-08-18 21:24:21+08:00 minimax_h3 denoise:  94%|█████████▍| 46/49 [00:45<00:03,  1.01s/it]
2026-08-18 21:24:21+08:00 [1A2026-08-18 21:24:21+08:00 minimax_h3 denoise:  94%|█████████▍| 46/49 [00:45<00:03,  1.01s/it]
2026-08-18 21:24:22+08:00 [1A2026-08-18 21:24:22+08:00 minimax_h3 denoise:  96%|█████████▌| 47/49 [00:46<00:02,  1.01s/it]
2026-08-18 21:24:22+08:00 [1A2026-08-18 21:24:22+08:00 minimax_h3 denoise:  96%|█████████▌| 47/49 [00:46<00:02,  1.01s/it]
2026-08-18 21:24:23+08:00 [1A2026-08-18 21:24:23+08:00 minimax_h3 denoise:  98%|█████████▊| 48/49 [00:47<00:01,  1.01s/it]
2026-08-18 21:24:23+08:00 [1A2026-08-18 21:24:23+08:00 minimax_h3 denoise: 100%|██████████| 49/49 [00:48<00:00,  1.01s/it]
2026-08-18 21:24:23+08:00 [1A2026-08-18 21:24:23+08:00 minimax_h3 denoise:  98%|█████████▊| 48/49 [00:47<00:01,  1.01s/it]
2026-08-18 21:24:23+08:00 [1A2026-08-18 21:24:23+08:00 minimax_h3 denoise: 100%|██████████| 49/49 [00:48<00:00,  1.01s/it]
2026-08-18 21:24:23+08:00 [1A2026-08-18 21:24:23+08:00 minimax_h3 denoise: 100%|██████████| 49/49 [00:48<00:00,  1.01it/s]
2026-08-18 21:24:23+08:00 [08-18 13:24:23] [MiniMaxH3DenoisingStage] finished in 48.7149 seconds
2026-08-18 21:24:23+08:00 [1A2026-08-18 21:24:23+08:00 minimax_h3 denoise: 100%|██████████| 49/49 [00:48<00:00,  1.01it/s]
2026-08-18 21:24:23+08:00 [08-18 13:24:23] [MiniMaxH3DenoisingStage] finished in 48.7149 seconds
2026-08-18 21:24:23+08:00 [2026-08-18 13:24:23] [32mINFO[0m:     172.20.19.12:62772 - "[1mGET /v1/videos/1c9b52c3-68e8-44dc-ac3e-8874eda4b0c5 HTTP/1.1[0m" [32m200 OK[0m
2026-08-18 21:24:23+08:00 [2026-08-18 13:24:23] [32mINFO[0m:     172.20.19.12:62772 - "[1mGET /v1/videos/1c9b52c3-68e8-44dc-ac3e-8874eda4b0c5 HTTP/1.1[0m" [32m200 OK[0m
2026-08-18 21:24:23+08:00     GET /v1/videos/1c9b52c3-68e8-44dc-ac3e-8874eda4b0c5 -> 200 OK  (duration: 160.7 ms, execution: 63.6 ms)
2026-08-18 21:24:23+08:00     GET /v1/videos/1c9b52c3-68e8-44dc-ac3e-8874eda4b0c5 -> 200 OK  (duration: 160.7 ms, execution: 63.6 ms)
2026-08-18 21:24:24+08:00 [08-18 13:24:24] [MiniMaxH3DecodingStage] started...
2026-08-18 21:24:24+08:00 [08-18 13:24:24] [MiniMaxH3DecodingStage] started...
2026-08-18 21:24:24+08:00 [08-18 13:24:24] [MiniMaxH3DecodingStage] finished in 0.9314 seconds
2026-08-18 21:24:24+08:00 [08-18 13:24:24] [MiniMaxH3DecodingStage] finished in 0.9314 seconds
2026-08-18 21:24:25+08:00 Guessed Channel Layout for Input Stream #1.0 : stereo
2026-08-18 21:24:25+08:00 Guessed Channel Layout for Input Stream #1.0 : stereo
2026-08-18 21:24:25+08:00 [rawvideo @ 0x55019c0] Thread message queue blocking; consider raising the thread_queue_size option (current value: 8)
2026-08-18 21:24:25+08:00 [rawvideo @ 0x55019c0] Thread message queue blocking; consider raising the thread_queue_size option (current value: 8)
2026-08-18 21:24:26+08:00 [08-18 13:24:26] Output saved to [1;36moutputs/1c9b52c3-68e8-44dc-ac3e-8874eda4b0c5.mp4[0;0m
2026-08-18 21:24:26+08:00 [08-18 13:24:26] Output saved to [1;36moutputs/1c9b52c3-68e8-44dc-ac3e-8874eda4b0c5.mp4[0;0m
2026-08-18 21:24:26+08:00 [08-18 13:24:26] Pixel data generated successfully in [92m52.79[0;0m seconds
2026-08-18 21:24:26+08:00 [08-18 13:24:26] Pixel data generated successfully in [92m52.79[0;0m seconds
2026-08-18 21:24:26+08:00 [08-18 13:24:26] Peak memory usage: 63498.00 MB
2026-08-18 21:24:26+08:00 [08-18 13:24:26] Peak memory usage: 63498.00 MB
2026-08-18 21:24:29+08:00 [2026-08-18 13:24:29] [32mINFO[0m:     172.20.19.12:25597 - "[1mGET /v1/videos/1c9b52c3-68e8-44dc-ac3e-8874eda4b0c5 HTTP/1.1[0m" [32m200 OK[0m
2026-08-18 21:24:29+08:00 [2026-08-18 13:24:29] [32mINFO[0m:     172.20.19.12:25597 - "[1mGET /v1/videos/1c9b52c3-68e8-44dc-ac3e-8874eda4b0c5 HTTP/1.1[0m" [32m200 OK[0m
2026-08-18 21:24:29+08:00     GET /v1/videos/1c9b52c3-68e8-44dc-ac3e-8874eda4b0c5 -> 200 OK  (duration: 201.2 ms, execution: 114.4 ms)
2026-08-18 21:24:29+08:00     GET /v1/videos/1c9b52c3-68e8-44dc-ac3e-8874eda4b0c5 -> 200 OK  (duration: 201.2 ms, execution: 114.4 ms)
2026-08-18 21:24:31+08:00     GET /v1/videos/1c9b52c3-68e8-44dc-ac3e-8874eda4b0c5/content -> 200 OK  (duration: 456.6 ms, execution: 369.5 ms)
2026-08-18 21:24:31+08:00     GET /v1/videos/1c9b52c3-68e8-44dc-ac3e-8874eda4b0c5/content -> 200 OK  (duration: 456.6 ms, execution: 369.5 ms)
2026-08-18 21:24:30+08:00 [2026-08-18 13:24:30] [32mINFO[0m:     172.20.19.12:25597 - "[1mGET /v1/videos/1c9b52c3-68e8-44dc-ac3e-8874eda4b0c5/content HTTP/1.1[0m" [32m200 OK[0m
2026-08-18 21:24:30+08:00 [2026-08-18 13:24:30] [32mINFO[0m:     172.20.19.12:25597 - "[1mGET /v1/videos/1c9b52c3-68e8-44dc-ac3e-8874eda4b0c5/content HTTP/1.1[0m" [32m200 OK[0m
